Product Name,Brand,Laptop Type,Price,Discount,MRP,Rating,Review Count,Processor,RAM,Storage,Storage Type,Graphics,Display Size,GPU,Availability,Touchscreen,Operating System,Laptop Use
ASUS TUF Gaming A15 (2026) AMD Ryzen 7 170 - (16 GB/512 GB SSD/Windows 11 Home/4 GB Graphics/NVIDIA Ge...,ASUS,Gaming,70990,16.47,84990,4.4,221,AMD Ryzen 7,16,512,SSD,Integrated,15.6,Not Specified,In Stock,No,Windows 11 Home,Gaming
ASUS ExpertBook Ultra Copilot+ PC Intel Core Ultra X7 358H - (32 GB/1 TB SSD/Windows 11 Home) B9406CAA...,ASUS,Standard Notebook,272990,39.33,449990,4.9,8,Intel Core Ultra X7,32,1024,SSD,Integrated,14,Not Specified,In Stock,Yes,Windows 11 Home,Business
Lenovo 100e Chromebook Gen 4 MediaTek Kompanio 520 - (4 GB/32 GB EMMC Storage/Chrome OS) 100e Chromebo...,Lenovo,Standard Notebook,14989,28.59,20990,4,317,MediaTek Kompanio 520,4,32,eMMC,Integrated,11.6,Not Specified,In Stock,No,Chrome OS,Student / Everyday
Primebook Wifi (2026 Model) MediaTek MT8183 - (4 GB/64 GB EMMC Storage/Prime OS) PB Wifi Thin and Ligh...,Primebook,Thin & Light,17490,30.01,24990,4.1,873,MediaTek MT8183,4,64,eMMC,Integrated,11.6,Not Specified,In Stock,No,Not Specified,Student / Everyday
ASUS Chromebook CX15 Intel Celeron Dual Core N50 - (4 GB/64 GB EMMC Storage/Chrome OS) CX1505CTA-S7025...,ASUS,Standard Notebook,28990,6.45,30990,4,38,Intel Celeron Dual Core,4,64,eMMC,Integrated,15.6,Not Specified,In Stock,No,Chrome OS,Student / Everyday
Lenovo LQQ Essential AMD Ryzen 7 Octa Core 7735HS - (16 GB/512 GB SSD/Windows 11 Home/6 GB Graphics/NV...,Lenovo,Standard Notebook,118500,23.55,155000,4.3,2,AMD Ryzen 7 Octa Core,16,512,SSD,Integrated,15.6,Not Specified,In Stock,No,Windows 11 Home,Student / Everyday
Neopticon BrowseBook Intel Celeron Dual Core N4020 - (4 GB/256 GB SSD/Windows 11 Home) BBN40425614 Lap...,Neopticon,Standard Notebook,24999,15.35,29533,3.6,29,Intel Celeron Dual Core,4,256,SSD,Integrated,14.1,Not Specified,In Stock,No,Windows 11 Home,Student / Everyday
ASUS Vivobook 15 (2026) Intel Core 5 120U - (16 GB/512 GB SSD/Windows 11 Home) X1504VAP-IN009WS Thin a...,ASUS,Thin & Light,83990,47.5,159990,,,Intel Core 5,16,512,SSD,Integrated,15.6,Not Specified,In Stock,No,Windows 11 Home,Student / Everyday
HP MSO 2024 Intel Core i3 13th Gen 1315U - (16 GB/512 GB SSD/Windows 11 Home) 15-fd0574TU / 15 - fd066...,HP,Standard Notebook,50903,0,50903,4.2,244,Intel Core i3 Processor (13th Gen),16,512,SSD,Integrated,15.6,Not Specified,In Stock,No,Windows 11 Home,Student / Everyday
DELL 14 Microsoft Office Home 2024 Snapdragon X - (16 GB/512 GB SSD/Windows 11 Home) Inspiron 5441 Thi...,Dell,Standard Notebook,64990,25.9,87704,4.2,13,Snapdragon X,16,512,SSD,Integrated,14,Not Specified,In Stock,No,Windows 11 Home,Student / Everyday
ASUS TUF Gaming A15 (2026) AMD Ryzen 7 170 - (16 GB/1 TB SSD/Windows 11 Home/4 GB Graphics/NVIDIA GeFo...,ASUS,Gaming,79990,12.09,90990,4.4,7,AMD Ryzen 7,16,1024,SSD,Integrated,15.6,Not Specified,In Stock,No,Windows 11 Home,Gaming
DELL Alienware 15 AMD Ryzen 7 260 - (16 GB/512 GB SSD/Windows 11 Home/6 GB Graphics/NVIDIA GeForce RTX...,Dell,Standard Notebook,139800,22.4,180151,4.5,5,AMD Ryzen 7,16,512,SSD,Integrated,15,Not Specified,In Stock,No,Windows 11 Home,Student / Everyday
Acer Aspire 3 Intel Core i5 13th Gen 1334U - (16 GB/512 GB SSD/Windows 11 Home) A324-53 Thin and Light...,Acer,Thin & Light,49990,25.39,66999,4.3,134,Intel Core i5 Processor (13th Gen),16,512,SSD,Integrated,14,Not Specified,In Stock,No,Windows 11,Student / Everyday
ASUS Vivobook 15 (2026) Intel Core 5 120U - (16 GB/512 GB SSD/Windows 11 Home) X1504VAP-IN008WS Thin a...,ASUS,Thin & Light,83990,47.5,159990,,,Intel Core 5,16,512,SSD,Integrated,15.6,Not Specified,In Stock,No,Windows 11 Home,Student / Everyday
WarnerCann Hi5 pro Intel Core i5 12th Gen - (8 GB/256 GB SSD/Windows 11 Pro) Hi5 Pro Business Laptop B...,Warnercann,Standard Notebook,34566,38.27,56000,2.5,1,Intel Core i5 Processor (12th Gen),8,256,SSD,Integrated,14,Not Specified,In Stock,No,Windows 11,Business
MSI Modern 14 Intel Core i3 12th Gen 1215U - (8 GB/512 GB SSD/Windows 11 Home) Modern 14 C12M-445IN / ...,MSI,Standard Notebook,48500,13.24,55900,4.4,172,Intel Core i3 Processor (12th Gen),8,512,SSD,Integrated,14,Not Specified,In Stock,No,Windows 11,Student / Everyday
ASUS TUF Gaming A16 (2026) with Office 2024 + M365 Basic AMD Ryzen 7 260 - (16 GB/1 TB SSD/Windows 11 ...,ASUS,Gaming,139990,53.18,298990,4.7,10,AMD Ryzen 7,16,1024,SSD,Integrated,16,Not Specified,In Stock,No,Windows 11 Home,Gaming
Lenovo LOQe AMD Ryzen 5 Hexa Core 7535HS - (16 GB/512 GB SSD/Windows 11 Home/6 GB Graphics/NVIDIA GeFo...,Lenovo,Gaming,110990,27.74,153590,4.3,8,AMD Ryzen 5 Hexa Core,16,512,SSD,Integrated,15.6,Not Specified,In Stock,No,Windows 11 Home,Gaming
ASUS ROG Zephyrus G16 OLED (2026) Intel Core Ultra 9 386H - (32 GB/2 TB SSD/Windows 11 Home/12 GB Grap...,ASUS,Gaming,489990,17.51,593990,,,Intel Core Ultra 9,32,2048,SSD,Integrated,16,Not Specified,In Stock,No,Windows 11 Home,Gaming
Samsung Galaxy Book4 Metal Intel Core i7 13th Gen 1355U - (16 GB/512 GB SSD/Windows 11 Home) NP750XGJ-...,Samsung,Standard Notebook,74990,16.39,89689,4.4,529,Intel Core i7 Processor (13th Gen),16,512,SSD,Integrated,15.6,Not Specified,In Stock,No,Windows 11,Student / Everyday
DELL Alienware 15 AMD Ryzen 5 14th Gen 220 - (16 GB/512 GB SSD/Windows 11 Home/6 GB Graphics/NVIDIA Ge...,Dell,Standard Notebook,131990,18.56,162063,,,AMD Ryzen 5 Processor (14th Gen),16,512,SSD,Integrated,15.3,Not Specified,In Stock,No,Windows 11 Home,Student / Everyday
ASUS TUF Gaming A15 (2026) AMD Ryzen 7 Octa Core 170 - (16 GB/512 GB SSD/Windows 11 Home/4 GB Graphics...,ASUS,Gaming,108000,28,150000,,,AMD Ryzen 7 Octa Core,16,512,SSD,Integrated,15.6,Not Specified,In Stock,No,Windows 11 Home,Gaming
ASUS Chromebook CX14 Intel Celeron Dual Core N50 - (4 GB/64 GB EMMC Storage/Chrome OS) CX1405CTA-S6062...,ASUS,Standard Notebook,24402,15.83,28990,3.9,87,Intel Celeron Dual Core,4,64,eMMC,Integrated,14,Not Specified,In Stock,No,Chrome OS,Student / Everyday
ASUS Expertbook P1 with 1 Yr ADP(i3 14th Gen) Intel Core 3 13th Gen 1315U - (8 GB/512 GB SSD/Windows 1...,ASUS,Standard Notebook,47990,31.43,69990,4.3,687,Intel Core 3 Processor (13th Gen),8,512,SSD,Integrated,14,Not Specified,In Stock,No,Windows 11 Home,Business
Acer Aspire 3 Intel Celeron Dual Core - (8 GB/256 GB SSD/Windows 11 Home) A311-45 Thin and Light Lapto...,Acer,Thin & Light,33990,32.01,49990,3.8,1047,Intel Celeron Dual Core,8,256,SSD,Integrated,11.6,Not Specified,In Stock,No,Windows 11 Home,Student / Everyday
"Apple MacBook Air (M5, 2026) M5 - (16 GB/512 GB SSD/Tahoe) MDH74HN/A",Apple,Thin & Light,149900,0,149900,4.7,149,Apple M5,16,512,SSD,Integrated,13.6,Not Specified,In Stock,No,macOS,Student / Everyday
Lenovo Chromebook 11IJL9 Intel Celeron Dual Core N4500 - (4 GB/64 GB EMMC Storage/Chrome OS) Chromeboo...,Lenovo,Standard Notebook,16990,53.45,36502,3.8,49,Intel Celeron Dual Core,4,64,eMMC,Integrated,11.6,Not Specified,In Stock,No,Chrome OS,Student / Everyday
ASUS Vivobook 15 (2025) with Office 2024 + M365 Basic* Intel Core i3 13th Gen - (8 GB/512 GB SSD/Windo...,ASUS,Standard Notebook,42990,43.43,75990,4.3,118,Intel Core i3 Processor (13th Gen),8,512,SSD,Integrated,15.6,Not Specified,In Stock,No,Windows 11 Home,Student / Everyday
"Acer Aspire 15 Lite(i5 14th Gen) Intel Core 5 210H - (16 GB/512 GB SSD/Windows 11 Home) AL 15-52H , AL...",Acer,Standard Notebook,64990,11.48,73418,4.3,7,Intel Core 5,16,512,SSD,Integrated,15.6,Not Specified,In Stock,No,Windows 11 Home,Student / Everyday
"ASUS Vivobook 15, with Backlit Keyboard, Intel Core i5 12th Gen 1235U - (16 GB/512 GB SSD/Windows 11 H...",ASUS,Standard Notebook,43990,34.33,66990,4.2,514,Intel Core i5 Processor (12th Gen),16,512,SSD,Integrated,15.6,Not Specified,In Stock,No,Windows 11,Student / Everyday
ASUS Expertbook AMD Ryzen 5 Hexa Core 150 - (16 GB/512 GB SSD/Windows 11 Home) PM1503CDA-S70546WS Lapt...,ASUS,Standard Notebook,67990,60,169990,4.3,19,AMD Ryzen 5 Hexa Core,16,512,SSD,Integrated,15.6,Not Specified,In Stock,No,Windows 11 Home,Business
HP Victus (i5 14th Gen) Intel Core 5 210 H - (16 GB/512 GB SSD/Windows 11 Home/6 GB Graphics/NVIDIA Ge...,HP,Gaming,94990,0.79,95746,4.3,14,Intel Core 5,16,512,SSD,Integrated,15.6,Not Specified,In Stock,No,Windows 11,Gaming
ASUS ExpertBook P1 (i3 14th Gen) with 1 Yr ADP Intel Core 3 14th Gen 100U - (16 GB/512 GB SSD/Windows ...,ASUS,Standard Notebook,59990,20,74990,4.3,687,Intel Core 3 Processor (14th Gen),16,512,SSD,Integrated,14,Not Specified,In Stock,No,Windows 11 Home,Business
Acer One 15 AMD Ryzen 3 Octa Core 7320U - (8 GB/256 GB SSD/Windows 11 Home) AO15-41M-G2 Notebook,Acer,Standard Notebook,42899,25.39,57500,3.6,5,AMD Ryzen 3 Octa Core,8,256,SSD,Integrated,15.6,Not Specified,In Stock,No,Windows 11 Home,Student / Everyday
Acer Nitro V 15 Intel Core i5 13th Gen 13420H - (16 GB/512 GB SSD/Windows 11 Home/8 GB Graphics/NVIDIA...,Acer,Gaming,104990,8.7,114999,4.2,47,Intel Core i5 Processor (13th Gen),16,512,SSD,Integrated,15.6,Not Specified,In Stock,No,Windows 11 Home,Gaming
Acer Aspire 3 Intel Celeron Dual Core - (8 GB/512 GB SSD/Windows 11 Home) A311-45 Thin and Light Lapto...,Acer,Thin & Light,37990,13.66,43999,3.8,1047,Intel Celeron Dual Core,8,512,SSD,Integrated,11.6,Not Specified,In Stock,No,Windows 11 Home,Student / Everyday
"ASUS Vivobook 15 (2025) (i5 14th Gen) with MSO 2024 + M365 Basic*, Backlit Keyboard, Intel Core 5 120U...",ASUS,Standard Notebook,67800,10.78,75990,4.3,155,Intel Core 5,16,512,SSD,Integrated,15.6,Not Specified,In Stock,No,Windows 11 Home,Student / Everyday
HP MS Office 2024 Intel Core i5 13th Gen 13420H - (16 GB/512 GB SSD/Windows 11 Home) 15-fr0045TU Thin ...,HP,Thin & Light,67990,1.5,69023,4.2,118,Intel Core i5 Processor (13th Gen),16,512,SSD,Integrated,15.6,Not Specified,In Stock,No,Windows 11 Home,Student / Everyday
HP Victus AI AMD Ryzen 7 Octa Core 260 - (24 GB/1 TB SSD/Windows 11 Home/8 GB Graphics/NVIDIA GeForce ...,HP,Gaming,120928,0,120928,4.5,77,AMD Ryzen 7 Octa Core,24,1024,SSD,Integrated,15.6,Not Specified,In Stock,No,Windows 11 Home,Gaming
Acer Aspire 3 Intel Core i5 12th Gen - (8 GB/512 GB SSD/Windows 11 Home) A315-59-50CP Thin and Light L...,Acer,Thin & Light,56990,18.57,69990,4.7,0,Intel Core i5 Processor (12th Gen),8,512,SSD,Integrated,15.6,Not Specified,In Stock,No,Windows 11,Student / Everyday
Primebook 2 Pro (2026) in-Built AI MediaTek Helio G99 (MT8781) - (8 GB/128 GB/Android 15) PBG9914128#4...,Primebook,Standard Notebook,28990,27.51,39990,4.4,646,MediaTek Helio G99 (MT8781),8,128,UFS,Integrated,14.1,Not Specified,In Stock,No,Not Specified,Student / Everyday
ASUS Expertbook P1 with 1 Yr ADP(i3 14th Gen) Intel Core 3 13th Gen 1315U - (16 GB/512 GB SSD/Windows ...,ASUS,Standard Notebook,51990,30.67,74990,4.3,687,Intel Core 3 Processor (13th Gen),16,512,SSD,Integrated,14,Not Specified,In Stock,No,Windows 11 Home,Business
HP 15s Metal Intel Core i3 13th Gen 1315U - (8 GB/512 GB SSD/Windows 11 Home) 15-hr0005TU Thin and Lig...,HP,Thin & Light,53327,0,53327,4.2,12,Intel Core i3 Processor (13th Gen),8,512,SSD,Integrated,15.6,Not Specified,In Stock,No,Windows 11 Home,Student / Everyday
Apple Macbook Neo A18 Pro(2026) A18 Pro - (8 GB/512 GB SSD/Tahoe) MHFG4HN/A,Apple,Standard Notebook,89900,0,89900,4.7,101,Apple A18 Pro,8,512,SSD,Integrated,13,Not Specified,In Stock,No,macOS,Student / Everyday
HP {2026} AMD Ryzen 5 Hexa Core 7535U - (8 GB/512 GB SSD/Windows 11 Home) 255R G10 Laptop,HP,Standard Notebook,57990,12.12,65990,4.6,0,AMD Ryzen 5 Hexa Core,8,512,SSD,Integrated,15.6,Not Specified,In Stock,No,Windows 11 Home,Student / Everyday
Lenovo IdeaPad 1 Intel Celeron Dual Core N4020 - (4 GB/256 GB SSD/Windows 11 Home) 11IGL05 Thin and Li...,Lenovo,Thin & Light,27290,30.01,38990,3.7,49,Intel Celeron Dual Core,4,256,SSD,Integrated,11.6,Not Specified,In Stock,No,Windows 11,Student / Everyday
ASUS TUF Gaming A15 AMD Ryzen 7 Octa Core 7435HS - (16 GB/512 GB SSD/Windows 11 Home/4 GB Graphics/NVI...,ASUS,Gaming,64990,25.29,86990,4.4,149,AMD Ryzen 7 Octa Core,16,512,SSD,Integrated,15.6,Not Specified,In Stock,No,Windows 11 Home,Gaming
Acer Aspire 3 Intel Celeron Dual Core N4500 - (8 GB/512 GB SSD/Windows 11 Home) A325-45 Thin and Light...,Acer,Thin & Light,42990,2.27,43990,3.8,30,Intel Celeron Dual Core,8,512,SSD,Integrated,15.6,Not Specified,In Stock,No,Windows 11,Student / Everyday
ASUS ExpertBook P1 (i3 14th Gen) with 1 Yr ADP Intel Core 3 14th Gen 100U - (8 GB/512 GB SSD/Windows 1...,ASUS,Standard Notebook,56990,32.95,84990,4.3,687,Intel Core 3 Processor (14th Gen),8,512,SSD,Integrated,15.6,Not Specified,In Stock,No,Windows 11 Home,Business
HP 15s Backlit Keyboard AMD Ryzen 3 Quad Core 7320U - (8 GB/512 GB SSD/Windows 11 Home) 15-fc0026AU Th...,HP,Standard Notebook,51990,7.14,55990,4.2,83,AMD Ryzen 3 Quad Core,8,512,SSD,Integrated,15.6,Not Specified,In Stock,No,Windows 11,Student / Everyday
HP 15s Intel Core i3 13th Gen 1315U - (8 GB/512 GB SSD/Windows 11 Home) 15-fd0006TU / 15-fd0569TU Thin...,HP,Thin & Light,53990,15.63,63990,4.2,63,Intel Core i3 Processor (13th Gen),8,512,SSD,Integrated,15.6,Not Specified,In Stock,No,Windows 11,Student / Everyday
Acer Aspire One Intel Celeron Dual Core N4500 - (12 GB/512 GB SSD/Windows 11 Home) A114-45 Notebook,Acer,Standard Notebook,49261,17.9,59999,4,4,Intel Celeron Dual Core,12,512,SSD,Integrated,14,Not Specified,In Stock,No,Windows 11 Home,Student / Everyday
Acer One 14 AMD Ryzen 3 Quad Core 7320U - (8 GB/256 GB SSD/Windows 11 Home) A114-43 Thin and Light Lap...,Acer,Thin & Light,44389,20.72,55990,4,74,AMD Ryzen 3 Quad Core,8,256,SSD,Integrated,14,Not Specified,In Stock,No,Windows 11,Student / Everyday
"Acer Aspire 15 MS Office 2024 + M365 Basic, AMD Ryzen 3 Quad Core 7330U - (8 GB/256 GB SSD/Windows 11 ...",Acer,Standard Notebook,43990,41.35,74999,3.8,14,AMD Ryzen 3 Quad Core,8,256,SSD,Integrated,15.6,Not Specified,In Stock,No,Windows 11 Home,Student / Everyday
"ASUS Vivobook 14 Flip OLED (2026) with Touch Screen, Metallic Design, Intel Core Ultra 5 226V - (16 GB...",ASUS,2-in-1,96990,45.2,176990,4.8,4,Intel Core Ultra 5,16,512,SSD,Integrated,14,Not Specified,In Stock,Yes,Windows 11 Home,Content Creation
HP 15 Intel Core i5 13th Gen 13420H - (16 GB/512 GB SSD/Windows 11 Home) 15-fr0028TU | 15-fr0045TU Thi...,HP,Standard Notebook,68990,0.05,69023,4.4,2,Intel Core i5 Processor (13th Gen),16,512,SSD,Integrated,15.6,Not Specified,In Stock,No,Windows 11 Home,Student / Everyday
HP 250R G10 (2025) (i3 14th Gen) Intel Core 3 14th Gen 100U - (8 GB/512 GB SSD/Windows 11 Home) 250R G...,HP,Standard Notebook,51999,13.33,60000,3.9,9,Intel Core 3 Processor (14th Gen),8,512,SSD,Integrated,15.6,Not Specified,In Stock,No,Windows 11 Home,Student / Everyday
Lenovo Ideapad Intel Core i5 12th Gen 12450H - (16 GB/512 GB SSD/Windows 11 Home/4 GB Graphics) 15IAH8...,Lenovo,Standard Notebook,79980,0.02,79999,4.1,11,Intel Core i5 Processor (12th Gen),16,512,SSD,Integrated,15.6,Not Specified,In Stock,No,Windows 11,Student / Everyday
Samsung Galaxy Book4 Metal Intel Core i3 13th Gen 1315U - (8 GB/512 GB SSD/Windows 11 Home) NP750XGJ-L...,Samsung,Standard Notebook,57499,0,57499,4.4,1298,Intel Core i3 Processor (13th Gen),8,512,SSD,Integrated,15.6,Not Specified,In Stock,No,Windows 11,Student / Everyday
ASUS ExpertBook P1 (i5 14th Gen) with 1 Yr ADP Intel Core 5 210H - (16 GB/512 GB SSD/Windows 11 Home) ...,ASUS,Standard Notebook,66990,25.56,89990,4.4,135,Intel Core 5,16,512,SSD,Integrated,15.6,Not Specified,In Stock,No,Windows 11 Home,Business
HP OMEN AI AMD Ryzen AI 7 Octa Core AI 7 350 - (24 GB/1 TB SSD/Windows 11 Home/8 GB Graphics/NVIDIA Ge...,HP,Gaming,149990,7.98,162996,4.5,28,AMD Ryzen AI 7 Octa Core,24,1024,SSD,Integrated,16,Not Specified,In Stock,No,Windows 11 Home,Gaming
Acer Aspire 3 Intel Core i3 12th Gen - (8 GB/512 GB SSD/Windows 11 Home) A315-59 Thin and Light Laptop,Acer,Thin & Light,47990,2.06,48999,4.2,82,Intel Core i3 Processor (12th Gen),8,512,SSD,Integrated,15.6,Not Specified,In Stock,No,Windows 11,Student / Everyday
DELL Inspiron 15 (Core i3 14th Gen) Intel Core 3 100U - (8 GB/512 GB SSD/Windows 11 Home) DC15250 Thin...,Dell,Thin & Light,57490,8.02,62500,4.1,26,Intel Core 3,8,512,SSD,Integrated,15,Not Specified,In Stock,No,Windows 11,Student / Everyday
Acer Aspire 15 AMD Ryzen 3 Quad Core 7330U - (8 GB/512 GB SSD/Windows 11 Home) AS15 42 / A325 42 Thin ...,Acer,Thin & Light,49990,35.08,76999,4.1,134,AMD Ryzen 3 Quad Core,8,512,SSD,Integrated,15.6,Not Specified,In Stock,No,Windows 11,Student / Everyday
Acer Aspire Lite Intel Core i3 12th Gen 1215U - (16 GB/512 GB SSD/Windows 11 Home) AL15-52 Thin and Li...,Acer,Thin & Light,51990,5.11,54790,4.1,90,Intel Core i3 Processor (12th Gen),16,512,SSD,Integrated,15.6,Not Specified,In Stock,No,Windows 11,Student / Everyday
ASUS Chromebook CX15 Intel Celeron Dual Core N50 - (4 GB/128 GB EMMC Storage/Chrome OS) CX1505CTA-S702...,ASUS,Standard Notebook,30672,11.58,34690,4,27,Intel Celeron Dual Core,4,128,eMMC,Integrated,15.6,Not Specified,In Stock,No,Chrome OS,Student / Everyday
Lenovo AMD Ryzen 3 Quad Core 30 - (8 GB/512 GB SSD/Windows 11 Home) IdeaPad Slim 3 15AMN8 Thin and Lig...,Lenovo,Thin & Light,52990,41.76,90980,,,AMD Ryzen 3 Quad Core,8,512,SSD,Integrated,15.6,Not Specified,In Stock,No,Windows 11 Home,Student / Everyday
"ASUS Vivobook 15 (2025) with Office 2024 + M365 Basic*, Backlit Keyboard, Intel Core i3 13th Gen 1315U...",ASUS,Standard Notebook,57291,4.51,59999,4.3,118,Intel Core i3 Processor (13th Gen),8,512,SSD,Integrated,15.6,Not Specified,In Stock,No,Windows 11 Home,Student / Everyday
ASUS ExpertBook P3 AI PC with 1 Yr ADP Intel Core Ultra 7 255H - (16 GB/512 GB SSD/Windows 11 Home) P3...,ASUS,Standard Notebook,89990,53.37,192990,4.4,20,Intel Core Ultra 7,16,512,SSD,Integrated,14,Not Specified,In Stock,No,Windows 11 Home,Business
HP (i5 14th Gen) Intel Core 5 - (16 GB/512 GB SSD/Windows 11 Home) 14-ep0385TU Laptop,HP,Standard Notebook,69900,4.59,73265,4.2,0,Intel Core 5,16,512,SSD,Integrated,14,Not Specified,In Stock,No,Windows 11 Home,Student / Everyday
HP 15 (2024) AMD Ryzen 3 Quad Core 7320U - (8 GB/512 GB SSD/Windows 11 Home) 15-fc0500AU / 15-fc0154AU...,HP,Standard Notebook,52990,5.37,55995,4.2,261,AMD Ryzen 3 Quad Core,8,512,SSD,Integrated,15.6,Not Specified,In Stock,No,Windows 11,Student / Everyday
Acer Nitro V 15 Intel Core i7 13th Gen 13620H - (16 GB/512 GB SSD/Windows 11 Home/8 GB Graphics/NVIDIA...,Acer,Gaming,119990,4.47,125599,4.5,8,Intel Core i7 Processor (13th Gen),16,512,SSD,Integrated,15.6,Not Specified,In Stock,No,Windows 11 Home,Gaming
"HP Professional 14, Intel Core i5 13th Gen 1334U - (16 GB/512 GB SSD/Windows 11 Pro) 240 G10 Thin and ...",HP,Thin & Light,79990,20,99990,4.4,9,Intel Core i5 Processor (13th Gen),16,512,SSD,Integrated,14,Not Specified,In Stock,No,Windows 11,Student / Everyday
ASUS Vivobook S14 (2025)(i5 14th Gen) with Office 2024 + M365 Basic* Backlit Keyboard Intel Core 5 210...,ASUS,Thin & Light,65990,0,65990,4.5,15,Intel Core 5,16,512,SSD,Integrated,14,Not Specified,In Stock,No,Windows 11 Home,Student / Everyday
Acer Aspire 3 AMD Ryzen 3 Quad Core 7330U - (8 GB/256 GB SSD/Windows 11 Home) AS15-42 Thin and Light L...,Acer,Thin & Light,43890,15.6,52000,4.1,134,AMD Ryzen 3 Quad Core,8,256,SSD,Integrated,15.6,Not Specified,In Stock,No,Windows 11,Student / Everyday
ASUS Vivobook 16 (2025) with MSO 2024 + M365 Basic* AMD Ryzen 5 Hexa Core - (16 GB/512 GB SSD/Windows ...,ASUS,Standard Notebook,67990,41.88,116990,4.4,15,AMD Ryzen 5 Hexa Core,16,512,SSD,Integrated,16,Not Specified,In Stock,No,Windows 11 Home,Student / Everyday
Lenovo IdeaPad Slim 3 Intel Core i5 13th Gen 13420H - (16 GB/512 GB SSD/Windows 11 Home) IdeaPad Slim ...,Lenovo,Thin & Light,74990,37.5,119990,4.2,2,Intel Core i5 Processor (13th Gen),16,512,SSD,Integrated,15.3,Not Specified,In Stock,No,Windows 11 Home,Student / Everyday
DELL Alienware 16 Aurora (i7 14th Gen) Microsoft Office Home 2024 Intel Core 7 240H - (16 GB/1 TB SSD/...,Dell,Standard Notebook,154598,0,154598,4.3,4,Intel Core 7,16,1024,SSD,Integrated,16,Not Specified,In Stock,No,Windows 11,Student / Everyday
HP 255R G10 (2026) Professional DDR5 5600Mhz AMD Ryzen 5 Hexa Core - (8 GB/512 GB SSD/Windows 11 Pro) ...,HP,Standard Notebook,58991,9.23,64990,4.2,3,AMD Ryzen 5 Hexa Core,8,512,SSD,Integrated,15.6,Not Specified,In Stock,No,Windows 11,Student / Everyday
Acer Aspire 7(i5 14th Gen) Intel Core 5 210H - (16 GB/512 GB SSD/Windows 11 Home/6 GB Graphics/NVIDIA ...,Acer,Standard Notebook,79990,38.46,129990,4.4,20,Intel Core 5,16,512,SSD,Integrated,15.6,Not Specified,In Stock,No,Windows 11 Home,Student / Everyday
"Apple MacBook Air (M5, 2026) M5 - (16 GB/512 GB SSD/Tahoe) MDHA4HN/A",Apple,Thin & Light,149900,0,149900,4.7,149,Apple M5,16,512,SSD,Integrated,13.6,Not Specified,In Stock,No,macOS,Student / Everyday
Acer Intel Core i5 - (8 GB/512 GB SSD/Windows 11 Home) TL04-51M Laptop,Acer,Standard Notebook,58999,0,58999,4.2,2,Intel Core i5,8,512,SSD,Integrated,14,Not Specified,In Stock,No,Windows 11,Student / Everyday
HP 15 (i3 14th Gen) Intel Core 3 100U - (16 GB/512 GB SSD/Windows 11 Home) 15-fd0885TU Thin and Light ...,HP,Thin & Light,50843,0,50843,4.2,123,Intel Core 3,16,512,SSD,Integrated,15.6,Not Specified,In Stock,No,Windows 11 Home,Student / Everyday
Acer AMD Ryzen 7 Octa Core 5th Gen - (16 GB/512 GB SSD/Windows 11 Home) UN.31ZSI.013 Laptop,Acer,Standard Notebook,67938,6.92,72990,,,AMD Ryzen 7 Octa Core Processor (5th Gen),16,512,SSD,Integrated,15.6,Not Specified,In Stock,No,Windows 11 Home,Student / Everyday
HP OmniBook X Flip (Previously Envy) Intel Core Ultra 7 258V - (32 GB/1 TB SSD/Windows 11 Home/16 GB G...,HP,2-in-1,160689,0,160689,4.7,1,Intel Core Ultra 7,32,1024,SSD,Integrated,14,Not Specified,In Stock,Yes,Windows 11 Home,Student / Everyday
ASUS Vivobook 15 (2026) with Office 2024 + M365 Basic(i3 14th Gen) Intel Core 3 14th Gen 100U - (8 GB/...,ASUS,Standard Notebook,59990,29.42,84990,4.3,12,Intel Core 3 Processor (14th Gen),8,512,SSD,Integrated,15.6,Not Specified,In Stock,No,Windows 11 Home,Student / Everyday
Acer Aspire Lite AMD Ryzen 7 Octa Core 7730U - (16 GB/512 GB SSD/Windows 11 Home) AL15-41 Thin and Lig...,Acer,Thin & Light,80391,6.51,85990,4.1,49,AMD Ryzen 7 Octa Core,16,512,SSD,Integrated,15.6,Not Specified,In Stock,No,Windows 11,Student / Everyday
Lenovo IdeaPad Slim 3 Next Gen AI PC WUXGA IPS Copilot + PC with 1Yr ADP Snapdragon X - (16 GB/512 GB ...,Lenovo,Thin & Light,69000,30.79,99700,4.4,150,Snapdragon X,16,512,SSD,Integrated,15.3,Not Specified,In Stock,No,Windows 11 Home,Student / Everyday
ASUS ExpertBook P1 Intel Core i7 13th Gen 13620H - (16 GB/512 GB SSD/Windows 11 Home) P1503CVA-S71042W...,ASUS,Standard Notebook,76990,23,99990,4.3,105,Intel Core i7 Processor (13th Gen),16,512,SSD,Integrated,15.6,Not Specified,In Stock,No,Windows 11 Home,Business
Samsung Galaxy Book4 Metal Intel Core i5 13th Gen 1335U - (16 GB/512 GB SSD/Windows 11 Home) NP750XGJ ...,Samsung,Standard Notebook,79990,11.91,90800,4.4,2184,Intel Core i5 Processor (13th Gen),16,512,SSD,Integrated,15.6,Not Specified,In Stock,No,Windows 11,Student / Everyday
Acer Chromebook MediaTek Kompanio 540 - (4 GB/128 GB EMMC Storage/Chrome OS) CB315-8H Chromebook,Acer,Standard Notebook,34900,34.15,52999,,,MediaTek MediaTek Kompanio 540,4,128,eMMC,Integrated,15.6,Not Specified,In Stock,No,Chrome OS,Student / Everyday
Acer Chromebook Intel Celeron Dual Core N4500 - (8 GB/128 GB EMMC Storage/Chrome OS) CB314-3H-C5QE/ CB...,Acer,Standard Notebook,23990,29.44,33999,3.8,204,Intel Celeron Dual Core,8,128,eMMC,Integrated,15.6,Not Specified,In Stock,No,Chrome OS,Student / Everyday
HP 15 (2025) AMD Ryzen 3 Quad Core 7320U - (8 GB/512 GB SSD/Windows 11 Pro) 15 Thin and Light Laptop,HP,Thin & Light,51499,15.56,60990,4.1,9,AMD Ryzen 3 Quad Core,8,512,SSD,Integrated,15.6,Not Specified,In Stock,No,Windows 11,Student / Everyday
HP 15 AMD Ryzen 5 Quad Core 7520U - (8 GB/512 GB SSD/Windows 11 Home) 15-fc0805AU Thin and Light Lapto...,HP,Thin & Light,58990,22.37,75990,4.2,48,AMD Ryzen 5 Quad Core,8,512,SSD,Integrated,15.6,Not Specified,In Stock,No,Windows 11 Home,Student / Everyday
DELL 15 (2025) Microsoft Office Home 2024 Intel Core i5 13th Gen - (16 GB/512 GB SSD/Windows 11 Home) ...,Dell,Standard Notebook,57990,22.5,74829,4.2,96,Intel Core i5 Processor (13th Gen),16,512,SSD,Integrated,15.6,Not Specified,In Stock,No,Windows 11,Student / Everyday
DELL Alienware 16 Aurora (i7 14th Gen) Microsoft Office Home 2024 Intel Core 7 240 H - (16 GB/1 TB SSD...,Dell,Standard Notebook,144397,0,144397,4.8,4,Intel Core 7,16,1024,SSD,Integrated,16,Not Specified,In Stock,No,Windows 11 Home,Student / Everyday
Acer Intel Core i3 13th Gen - (8 GB/512 GB SSD/Windows 11 Home) Aspire 3 Laptop,Acer,Standard Notebook,47990,20,59990,3.9,1,Intel Core i3 Processor (13th Gen),8,512,SSD,Integrated,15.6,Not Specified,In Stock,No,Windows 11 Home,Student / Everyday
HP 15 G10 (2025) AMD Athlon Dual Core 7120U - (8 GB/256 GB SSD/Windows 11 Home) 15 G10 Thin and Light ...,HP,Thin & Light,48369,18,58990,3.9,42,AMD Athlon Dual Core,8,256,SSD,Integrated,15.6,Not Specified,In Stock,No,Windows 11 Home,Student / Everyday
Acer Aspire Lite AMD Ryzen 3 Quad Core 7330U - (16 GB/512 GB SSD/Windows 11 Home) AL15-41 Thin and Lig...,Acer,Thin & Light,56543,0.28,56699,3.9,18,AMD Ryzen 3 Quad Core,16,512,SSD,Integrated,15.6,Not Specified,In Stock,No,Windows 11,Student / Everyday
ASUS Chromebook Intel Celeron Dual Core N4500 - (4 GB/64 GB EMMC Storage/Chrome OS) CX1500CKA-NJ0393 C...,ASUS,Standard Notebook,32990,0,32990,3.8,272,Intel Celeron Dual Core,4,64,eMMC,Integrated,15.6,Not Specified,In Stock,No,Chrome OS,Student / Everyday
"ASUS Vivobook S16 OLED (2025) with Backlit Keyboard, Metal Body*, Snapdragon X - (16 GB/512 GB SSD/Win...",ASUS,Thin & Light,87308,15.23,102990,4.5,159,Snapdragon X,16,512,SSD,Integrated,16,Not Specified,In Stock,No,Windows 11 Home,Content Creation
Acer Aspire 3 Intel Pentium Quad Core N6000 - (12 GB/512 GB SSD/Windows 11 Home) A325-45 Thin and Ligh...,Acer,Thin & Light,43990,2.22,44990,3.9,327,Intel Pentium Quad Core,12,512,SSD,Integrated,15.6,Not Specified,In Stock,No,Windows 11 Home,Student / Everyday
Acer Nitro V 15 (i5 14th Gen) Intel Core 5 210H - (16 GB/512 GB SSD/Windows 11 Home/6 GB Graphics/NVID...,Acer,Gaming,106999,0,106999,4.5,92,Intel Core 5,16,512,SSD,Integrated,15.6,Not Specified,In Stock,No,Windows 11 Home,Gaming
HP 15 Intel Core 5 14th Gen 120U - (16 GB/512 GB SSD/Windows 11 Home) 15-fd0664TU / 15-fd0682TU Thin a...,HP,Thin & Light,79900,11.12,89900,4.2,28,Intel Core 5 Processor (14th Gen),16,512,SSD,Integrated,15.6,Not Specified,In Stock,No,Windows 11 Home,Student / Everyday
HP 255 G10 (2025) AMD Athlon Dual Core 7120U - (8 GB/256 GB SSD/Windows 11 Pro) 255 G10 Thin and Light...,HP,Thin & Light,47999,4.25,50128,4.4,0,AMD Athlon Dual Core,8,256,SSD,Integrated,15.6,Not Specified,In Stock,No,Windows 11,Student / Everyday
Acer Chromebook Intel Celeron Dual Core N4500 - (8 GB/64 GB EMMC Storage/Chrome OS) CB314-3H-C5QE/ CB3...,Acer,Standard Notebook,23990,33.36,35999,3.8,50,Intel Celeron Dual Core,8,64,eMMC,Integrated,14,Not Specified,In Stock,No,Chrome OS,Student / Everyday
Lenovo LOQ 2025 Intel Core i7 13th Gen 13700HX - (16 GB/1 TB SSD/Windows 11 Home/8 GB Graphics/NVIDIA ...,Lenovo,Gaming,162090,0,162090,4.4,22,Intel Core i7 Processor (13th Gen),16,1024,SSD,Integrated,15.6,Not Specified,In Stock,No,Windows 11 Home,Gaming
Acer Aspire Lite Intel Core i3 11th Gen 1115G4 - (16 GB/512 GB SSD/Windows 11 Home) AL15-51 Thin and L...,Acer,Thin & Light,56991,5.16,60090,3.7,0,Intel Core i3 Processor (11th Gen),16,512,SSD,Integrated,15.6,Not Specified,In Stock,No,Windows 11,Student / Everyday
ASUS Vivobook (i5 14th Gen) Intel Core 5 120U - (16 GB/512 GB SSD/Windows 11 Home) X1504VAP-BQ1542WS T...,ASUS,Standard Notebook,73990,0,73990,4.5,5,Intel Core 5,16,512,SSD,Integrated,15.6,Not Specified,In Stock,No,Windows 11 Home,Student / Everyday
Apple MacBook Air M3 - (16 GB/256 GB SSD/macOS Sequoia) MC9D4HN/A,Apple,Thin & Light,134900,0,134900,4.7,0,Apple M3,16,256,SSD,Integrated,15.3,Not Specified,In Stock,No,macOS,Student / Everyday
HP 15 Intel Core 5 120U - (24 GB/512 GB SSD/Windows 11 Home) 15-fd0262TU Thin and Light Laptop,HP,Thin & Light,82795,37.51,132489,4.2,28,Intel Core 5,24,512,SSD,Integrated,15.6,Not Specified,In Stock,No,Windows 11 Home,Student / Everyday
HP 15 (2025) Intel Core i3 13th Gen 1315U - (16 GB/512 GB SSD/Windows 11 Home) 15 Thin and Light Lapto...,HP,Thin & Light,59999,7.68,64990,4,8,Intel Core i3 Processor (13th Gen),16,512,SSD,Integrated,15.6,Not Specified,In Stock,No,Windows 11 Home,Student / Everyday
HP 15 (i5 14th Gen) Intel Core 5 120U - (16 GB/512 GB SSD/Windows 11 Home) FD0682TU Thin and Light Lap...,HP,Thin & Light,72990,31.7,106862,3.6,0,Intel Core 5,16,512,SSD,Integrated,15.6,Not Specified,In Stock,No,Windows 11 Home,Student / Everyday
Neopticon BrowseBook Intel Celeron Dual Core N4020 - (8 GB/256 GB SSD/Windows 11 Home) BBN40825614 Lap...,Neopticon,Standard Notebook,26990,10.03,29999,3.6,29,Intel Celeron Dual Core,8,256,SSD,Integrated,14.1,Not Specified,In Stock,No,Windows 11 Home,Student / Everyday
Acer Aspire 14 AMD Ryzen 3 3200U - (8 GB/256 GB SSD/Windows 11 Home) AS14-39 Notebook,Acer,Standard Notebook,45990,11.54,51990,4,15,AMD Ryzen 3,8,256,SSD,Integrated,14,Not Specified,In Stock,No,Windows 11 Home,Student / Everyday
Lenovo Chromebook Intel Pentium Quad Core N100 - (4 GB/128 GB EMMC Storage/Chrome OS) 14IAN8 Chromeboo...,Lenovo,Standard Notebook,36690,0,36690,3.8,17,Intel Pentium Quad Core,4,128,eMMC,Integrated,14,Not Specified,In Stock,No,Chrome OS,Student / Everyday
Acer Aspire Lite Intel Core i5 12th Gen 1235U - (16 GB/512 GB SSD/Windows 11 Home) AL15-52 Thin and Li...,Acer,Thin & Light,66309,5.26,69990,3.8,17,Intel Core i5 Processor (12th Gen),16,512,SSD,Integrated,15.6,Not Specified,In Stock,No,Windows 11,Student / Everyday
Acer Aspire Lite Intel Core i5 12th Gen 1235U - (8 GB/512 GB SSD/Windows 11 Home) AL15-52 Thin and Lig...,Acer,Thin & Light,64990,19.76,80990,3.8,17,Intel Core i5 Processor (12th Gen),8,512,SSD,Integrated,15.6,Not Specified,In Stock,No,Windows 11,Student / Everyday
Apple MacBook Air M3 - (8 GB/512 GB SSD/macOS Sonoma) MRXP3HN/A,Apple,Thin & Light,124900,0,124900,4.7,29,Apple M3,8,512,SSD,Integrated,13,Not Specified,In Stock,No,macOS,Student / Everyday
ASUS TUF Gaming F15 Intel Core i5 12th Gen 12500H - (16 GB/512 GB SSD/Windows 11 Home/4 GB Graphics/NV...,ASUS,Gaming,64990,26.14,87990,4.4,88,Intel Core i5 Processor (12th Gen),16,512,SSD,Integrated,15.6,Not Specified,In Stock,No,Windows 11 Home,Gaming
Lenovo IdeaPad Slim 3 WUXGA IPS Intel Core i5 13th Gen 13420H - (16 GB/512 GB SSD/Windows 11 Home) 15I...,Lenovo,Thin & Light,74449,12.41,85000,4.3,42,Intel Core i5 Processor (13th Gen),16,512,SSD,Integrated,15.3,Not Specified,In Stock,No,Windows 11 Home,Student / Everyday
HP 15 (i3 14th Gen) Intel Core 3 100U - (8 GB/512 GB SSD/Windows 11 Home) 15-fd1253TU/ 15-fd1225TU Thi...,HP,Standard Notebook,57990,14.71,67990,4.2,123,Intel Core 3,8,512,SSD,Integrated,15.6,Not Specified,In Stock,No,Windows 11 Home,Student / Everyday
"ASUS ROG Flow Z13 (2025) for Creator with Touch Screen, MSO 2024 + M365 Basic ,AI PC AMD Ryzen AI Max ...",ASUS,Gaming,279990,6.67,299990,,,AMD Ryzen AI Max,64,1024,SSD,Integrated,13.4,Not Specified,In Stock,Yes,Windows 11 Home,Gaming
Acer Aspire 3 Intel Core i3 12th Gen 1215U - (8 GB/512 GB SSD/Windows 11 Home) A324-51 Thin and Light ...,Acer,Thin & Light,43000,0,43000,4.3,491,Intel Core i3 Processor (12th Gen),8,512,SSD,Integrated,14,Not Specified,In Stock,No,Windows 11,Student / Everyday
Lenovo IdeaPad Slim 3 Intel Intel Core i3 11th Gen 1115G4 - (8 GB/256 GB SSD/Windows 11 Home) 15ITL05 ...,Lenovo,Thin & Light,60890,0,60890,4.2,251,Intel Core i3 Processor (11th Gen),8,256,SSD,Integrated,15.6,Not Specified,In Stock,No,Windows 11,Student / Everyday
MSI Modern 15 Intel Core i7 13th Gen 1355U - (8 GB/512 GB SSD/Windows 11 Home) Modern 15 B13M-290IN Th...,MSI,Standard Notebook,61990,26.19,83990,4,8,Intel Core i7 Processor (13th Gen),8,512,SSD,Integrated,15.6,Not Specified,In Stock,No,Windows 11,Student / Everyday
Acer Aspire 7 Intel Core i7 13th Gen 13620H - (16 GB/512 GB SSD/Windows 11 Home/6 GB Graphics/NVIDIA G...,Acer,Standard Notebook,99999,0,99999,4.4,42,Intel Core i7 Processor (13th Gen),16,512,SSD,Integrated,15.6,Not Specified,In Stock,No,Windows 11 Home,Student / Everyday
Acer Aspire Intel Core i5 13th Gen - (16 GB/512 GB SSD/Windows 11 Home) AL15-52H Thin and Light Laptop,Acer,Thin & Light,67990,20.01,85000,,,Intel Core i5 Processor (13th Gen),16,512,SSD,Integrated,15.6,Not Specified,In Stock,No,Windows 11 Home,Student / Everyday
DELL Inspiron 3530 (2026) Intel Core i5 13th Gen 1334U - (8 GB/512 GB SSD/Windows 11 Home) Inspiron 35...,Dell,Standard Notebook,62990,20.96,79690,4.2,96,Intel Core i5 Processor (13th Gen),8,512,SSD,Integrated,15.6,Not Specified,In Stock,No,Windows 11,Student / Everyday
DELL Inspiron 15 (2025) (Core i3 14th Gen) Intel Core 3 100U - (8 GB/512 GB SSD/Windows 11 Home) DC152...,Dell,Standard Notebook,54600,8.47,59654,4.1,26,Intel Core 3,8,512,SSD,Integrated,15,Not Specified,In Stock,No,Windows 11 Home,Student / Everyday
"ASUS Vivobook S14 (2026) with Office 2024 + M365 Basic*, AI PC NPU up to 16TOPS AMD Ryzen 7 260 - (16 ...",ASUS,Thin & Light,89990,21.74,114990,4.3,3,AMD Ryzen 7,16,1024,SSD,Integrated,14,Not Specified,In Stock,No,Windows 11 Home,Student / Everyday
HP 255R G10 (2025) Professional AMD Ryzen 3 Quad Core 7335U - (8 GB/512 GB SSD/Windows 11 Home) 255R G...,HP,Standard Notebook,51990,7.14,55990,4.4,2,AMD Ryzen 3 Quad Core,8,512,SSD,Integrated,15.6,Not Specified,In Stock,No,Windows 11 Home,Student / Everyday
Ultimus APEX 5 Intel Core i5 12th Gen 1235U - (8 GB/512 GB SSD/Windows 11 Home) NU14U3INF66BY-CS Lapto...,Ultimus,Standard Notebook,49998,16.67,59999,3.8,0,Intel Core i5 Processor (12th Gen),8,512,SSD,Integrated,14.1,Not Specified,In Stock,No,Windows 11 Home,Student / Everyday
Lenovo Legion 5 2025 AMD Ryzen 7 Octa Core 260 - (16 GB/1 TB SSD/Windows 11 Home/8 GB Graphics/NVIDIA ...,Lenovo,Gaming,186490,9.64,206390,4.6,22,AMD Ryzen 7 Octa Core,16,1024,SSD,Integrated,15.3,Not Specified,In Stock,No,Windows 11 Home,Gaming
Acer Aspire 7 Intel Core 5 210H - (16 GB/512 GB SSD/Windows 11 Home/4 GB Graphics/NVIDIA GeForce RTX 3...,Acer,Standard Notebook,87990,47.18,166573,4.3,8,Intel Core 5,16,512,SSD,Integrated,15.6,Not Specified,In Stock,No,Windows 11 Home,Student / Everyday
Acer Aspire 7 Intel Core i5 12th Gen 12450H - (16 GB + 16 GB Optane/512 GB SSD/Windows 11 Home/4 GB Gr...,Acer,Standard Notebook,89999,0,89999,4.2,318,Intel Core i5 Processor (12th Gen),16,512,SSD,Integrated,15.6,Not Specified,In Stock,No,Windows 11,Student / Everyday
Lenovo Legion 5 Intel Core i7 13650HX - (16 GB/512 GB SSD/Windows 11 Home/8 GB Graphics/NVIDIA GeForce...,Lenovo,Gaming,169990,10.01,188890,4.8,0,Intel Core i7,16,512,SSD,Integrated,15.3,Not Specified,In Stock,No,Windows 11 Home,Gaming
Lenovo Yoga Slim 6 WUXGA OLED Intel Core i7 13th Gen 13700H - (16 GB/512 GB SSD/Windows 11 Home) 14IRH...,Lenovo,2-in-1,98991,18.18,120990,4.6,1,Intel Core i7 Processor (13th Gen),16,512,SSD,Integrated,13.9,Not Specified,In Stock,Yes,Windows 11,Content Creation
DELL 14 Intel Core Ultra 5 225U - (16 GB/512 GB SSD/Windows 11 Home) 14 D14260 Thin and Light Laptop,Dell,Thin & Light,86990,24.77,115636,4.7,3,Intel Core Ultra 5,16,512,SSD,Integrated,14,Not Specified,In Stock,No,Windows 11 Home,Student / Everyday
Apple Macbook Neo A18 Pro(2026) A18 Pro - (8 GB/512 GB SSD/Tahoe) MHFE4HN/A,Apple,Standard Notebook,89900,0,89900,4.7,101,Apple A18 Pro,8,512,SSD,Integrated,13,Not Specified,In Stock,No,macOS,Student / Everyday
"ASUS Gaming V16 (2025) for Creator with Office 2024 + M365 Basic*,AI PC((i5 14th gen) Intel Core 5 210...",ASUS,Gaming,107990,0,107990,4.3,39,Intel Core 5,16,512,SSD,Integrated,16,Not Specified,In Stock,No,Windows 11 Home,Gaming
"ASUS Vivobook 14 (2025) with Office 2024 + M365 Basic*, Backlit Keyboard, Snapdragon X - (16 GB/512 GB...",ASUS,Standard Notebook,71012,13.39,81990,4.4,91,Snapdragon X,16,512,SSD,Integrated,14,Not Specified,In Stock,No,Windows 11 Home,Student / Everyday
Acer Aspire Lite Intel Core i3 13th Gen 1305U - (8 GB/512 GB SSD/Windows 11 Home) AL15-53 Thin and Lig...,Acer,Thin & Light,51990,25.72,69990,,,Intel Core i3 Processor (13th Gen),8,512,SSD,Integrated,15.6,Not Specified,In Stock,No,Windows 11,Student / Everyday
"ASUS Vivobook 15 (2026) with Office 2024 + M365 Basic*, AMD Ryzen 7 Octa Core 170 - (16 GB/512 GB SSD/...",ASUS,Standard Notebook,84990,21.3,107990,4.5,16,AMD Ryzen 7 Octa Core,16,512,SSD,Integrated,15.6,Not Specified,In Stock,No,Windows 11 Home,Student / Everyday
HP Intel Core i7 13th Gen 13620H - (16 GB/512 GB SSD/Windows 11 Home) 15-fr0046TU Thin and Light Lapto...,HP,Thin & Light,98645,1.35,99999,,,Intel Core i7 Processor (13th Gen),16,512,SSD,Integrated,15.6,Not Specified,In Stock,No,Windows 11 Home,Student / Everyday
ASUS Expertbook P3 Metal High-performance processor Intel Core i5 13th Gen 13420H - (16 GB/512 GB SSD/...,ASUS,Standard Notebook,85575,10.85,95990,,,Intel Core i5 Processor (13th Gen),16,512,SSD,Integrated,14,Not Specified,In Stock,No,Windows 11 Home,Business
Lenovo Yoga Slim 6 WUXGA OLED with 1Yr ADP Intel Core i5 13th Gen 13500H - (16 GB/512 GB SSD/Windows 1...,Lenovo,2-in-1,99900,20.08,125000,4.4,65,Intel Core i5 Processor (13th Gen),16,512,SSD,Integrated,14,Not Specified,In Stock,Yes,Windows 11,Content Creation
ASUS Vivobook 16 (2025) with Office 2024 + M365 Basic* Intel Core i5 13th Gen 13420H - (16 GB/512 GB S...,ASUS,Standard Notebook,75948,15.6,89990,,,Intel Core i5 Processor (13th Gen),16,512,SSD,Integrated,16,Not Specified,In Stock,No,Windows 11 Home,Student / Everyday
Lenovo IdeaPad Slim 1 AMD Ryzen 3 Quad Core 7320U - (8 GB/512 GB SSD/Windows 11 Home) 15AMN7 Thin and ...,Lenovo,Thin & Light,34899,41.24,59390,4,31,AMD Ryzen 3 Quad Core,8,512,SSD,Integrated,15.6,Not Specified,In Stock,No,Windows 11,Student / Everyday
Lenovo IdeaPad Slim 3 with 1Yr ADP Intel Core i5 12th Gen 12450H - (16 GB/512 GB SSD/Windows 11 Home) ...,Lenovo,Thin & Light,70990,0,70990,4.2,82,Intel Core i5 Processor (12th Gen),16,512,SSD,Integrated,15.6,Not Specified,In Stock,No,Windows 11 Home,Student / Everyday
DELL Inspiron 5440 (2026) (i3 14th Gen) Intel Core 3 14th Gen 100U - (8 GB/512 GB SSD/Windows 11 Pro) ...,Dell,Standard Notebook,57890,3.5,59990,4,16,Intel Core 3 Processor (14th Gen),8,512,SSD,Integrated,14,Not Specified,In Stock,No,Windows 11,Student / Everyday
"Acer Aspire Lite with Backlit Keyboard, AMD Ryzen 5 Hexa Core 5500U - (16 GB/512 GB SSD/Windows 11 Hom...",Acer,Standard Notebook,64591,7.73,69999,3.3,1,AMD Ryzen 5 Hexa Core,16,512,SSD,Integrated,15.6,Not Specified,In Stock,No,Windows 11,Student / Everyday
HP Intel Core i5 12th Gen 1235U - (16 GB/512 GB SSD/Windows 11 Home) 15-fd0111TU Thin and Light Laptop,HP,Thin & Light,69990,9.09,76990,4.2,23,Intel Core i5 Processor (12th Gen),16,512,SSD,Integrated,15.6,Not Specified,In Stock,No,Windows 11,Student / Everyday
Lenovo Legion Pro 5 WQXGA OLED Intel Core Ultra 7 255HX - (32 GB/1 TB SSD/Windows 11 Home/8 GB Graphic...,Lenovo,Gaming,228490,26.12,309290,,,Intel Core Ultra 7,32,1024,SSD,Integrated,16,Not Specified,In Stock,No,Windows 11 Home,Gaming
"ASUS Vivobook 15 (2025) with Touchscreen & Backlit Keyboard, Intel Core i3 13th Gen 1315U - (8 GB/512 ...",ASUS,Standard Notebook,42990,17.31,51990,4.3,32,Intel Core i3 Processor (13th Gen),8,512,SSD,Integrated,15.6,Not Specified,In Stock,Yes,Windows 11 Home,Student / Everyday
ASUS Vivobook (i5 14th Gen) Intel Core 5 1st Gen - (16 GB/512 GB SSD/Windows 11 Home) X1404VAP-EB541WS...,ASUS,Standard Notebook,73990,22.92,95990,4.3,0,Intel Core 5 Processor (1st Gen),16,512,SSD,Integrated,14,Not Specified,In Stock,No,Windows 11 Home,Student / Everyday
Lenovo IdeaPad 3 Intel Intel Core i5 11th Gen 1135G7 - (8 GB/512 GB SSD/Windows 11 Home) 15ITL6 Thin a...,Lenovo,Thin & Light,51291,47.6,97890,4,5,Intel Core i5 Processor (11th Gen),8,512,SSD,Integrated,15.6,Not Specified,In Stock,No,Windows 11,Student / Everyday
Lenovo V15 AMD Ryzen 7 Octa Core 7730U - (16 GB/512 GB SSD/Windows 11 Home) v15 G4 Business Laptop,Lenovo,Standard Notebook,78900,1.37,79999,4.1,31,AMD Ryzen 7 Octa Core,16,512,SSD,Integrated,15.6,Not Specified,In Stock,No,Windows 11 Home,Business
Infinix X1 Slim Series Intel Core i5 10th Gen 1035G1 - (16 GB/512 GB SSD/Windows 11 Home) XL21 Thin an...,Infinix,Thin & Light,64999,0,64999,4,129,Intel Core i5 Processor (10th Gen),16,512,SSD,Integrated,14,Not Specified,In Stock,No,Windows 11,Student / Everyday
ASUS Vivobook 14(i5 14th Gen) Intel Core 5 120U - (8 GB/512 GB SSD/Windows 11 Home) X1404VAP-EB1521WS ...,ASUS,Standard Notebook,68990,28.13,95990,4.8,0,Intel Core 5,8,512,SSD,Integrated,14,Not Specified,In Stock,No,Windows 11 Home,Student / Everyday
Acer TravelLite AMD Ryzen 5 7430U - (8 GB/512 GB SSD/Windows 11 Home) TL04-41M Notebook,Acer,Standard Notebook,53990,10,59990,3.9,32,AMD Ryzen 5,8,512,SSD,Integrated,14,Not Specified,In Stock,No,Windows 11 Home,Student / Everyday
ASUS Vivobook 15 Intel Core i3 12th Gen 1215U - (8 GB/512 GB SSD/Windows 11 Home) X1504ZA-NJ321WS Thin...,ASUS,Thin & Light,35990,34.55,54990,4.3,524,Intel Core i3 Processor (12th Gen),8,512,SSD,Integrated,15.6,Not Specified,In Stock,No,Windows 11,Student / Everyday
Lenovo IdeaPad 3 Intel Core i3 12th Gen 1215U - (8 GB/512 GB SSD/Windows 11 Home) 14IAU7 Thin and Ligh...,Lenovo,Thin & Light,55190,0,55190,4.2,22,Intel Core i3 Processor (12th Gen),8,512,SSD,Integrated,14,Not Specified,In Stock,No,Windows 11,Student / Everyday
"ASUS Vivobook 14 (2025) with Office 2024 + M365 Basic*, Intel Core i5 13th Gen 1335U - (16 GB/512 GB S...",ASUS,Standard Notebook,69990,7.9,75990,4.3,1,Intel Core i5 Processor (13th Gen),16,512,SSD,Integrated,14,Not Specified,In Stock,No,Windows 11 Home,Student / Everyday
"ASUS Gaming V16 (2025) for Creator with Office 2024 + M365 Basic*, AI PC(i7 14th gen) Intel Core 7 240...",ASUS,Gaming,109990,26.67,149990,4.3,11,Intel Core 7,16,512,SSD,Integrated,16,Not Specified,In Stock,No,Windows 11 Home,Gaming
Acer Aspire 3 Intel Core i5 13th Gen 1334U - (8 GB/512 GB SSD/Windows 11 Home) A324-53 Thin and Light ...,Acer,Thin & Light,75999,15.56,89999,4.3,134,Intel Core i5 Processor (13th Gen),8,512,SSD,Integrated,14,Not Specified,In Stock,No,Windows 11,Student / Everyday
ZEBRONICS Pro Series Z Intel Core i5 12th Gen 1235U - (8 GB/512 GB SSD/Windows 11 Home) ZEB-NBC 4S Thi...,Zebronics,Standard Notebook,60999,0,60999,4,147,Intel Core i5 Processor (12th Gen),8,512,SSD,Integrated,15.6,Not Specified,In Stock,No,Windows 11,Student / Everyday
Acer Aspire Intel Core i5 12th Gen 12450H - (12 GB/512 GB SSD/Windows 11 Home) AL15-52H Thin and Light...,Acer,Thin & Light,69691,8.18,75900,4.1,236,Intel Core i5 Processor (12th Gen),12,512,SSD,Integrated,15.6,Not Specified,In Stock,No,Windows 11 Home,Student / Everyday
HP 255 G9 Silver AMD Ryzen 5 Hexa Core 5625U - (8 GB/512 GB SSD/Windows 11 Home) 255 G9 Business Lapto...,HP,Standard Notebook,58200,1.35,58999,4.1,20,AMD Ryzen 5 Hexa Core,8,512,SSD,Integrated,15.6,Not Specified,In Stock,No,Windows 11,Business
Lenovo IdeaPad 3 Chromebook Intel Celeron Dual Core N4020 - (4 GB/64 GB EMMC Storage/Chrome OS) ideapa...,Lenovo,Standard Notebook,22379,35.47,34678,3.5,237,Intel Celeron Dual Core,4,64,eMMC,Integrated,11.6,Not Specified,Out of Stock,No,Chrome OS,Student / Everyday
"ASUS Vivobook S16 (2025) with Office 2024 + M365 Basic*, Metal Body*, Intel Core Ultra 5 225H - (16 GB...",ASUS,Thin & Light,95262,13.39,109990,,,Intel Core Ultra 5,16,512,SSD,Integrated,16,Not Specified,In Stock,No,Windows 11 Home,Student / Everyday
Lenovo V 15 (2025) AMD Ryzen 3 Quad Core 7320U - (8 GB/512 GB SSD/Windows 11 Home) V 15 Thin and Light...,Lenovo,Thin & Light,52899,7.18,56990,4.4,2,AMD Ryzen 3 Quad Core,8,512,SSD,Integrated,15.6,Not Specified,In Stock,No,Windows 11 Home,Student / Everyday
HP OmniBook 7 Aero (Previously Pavilion) AMD Ryzen AI 7 Octa Core AI 7 350 - (16 GB/512 GB SSD/Windows...,HP,Standard Notebook,106308,0,106308,4,16,AMD Ryzen AI 7 Octa Core,16,512,SSD,Integrated,13.3,Not Specified,In Stock,No,Windows 11,Student / Everyday
"DELL Inspiron 15 with Backlit Keyboard, Intel Core i5 13th Gen 1334U - (16 GB/512 GB SSD/Windows 11 Ho...",Dell,Standard Notebook,71990,4,74990,4.2,60,Intel Core i5 Processor (13th Gen),16,512,SSD,Integrated,15.6,Not Specified,In Stock,No,Windows 11,Student / Everyday
DELL Inspiron 15 With MSO'2024 & Backlit KB Intel Core i5 13th Gen 1334U - (16 GB/1 TB SSD/Windows 11 ...,Dell,Standard Notebook,79990,13.86,92863,4.2,60,Intel Core i5 Processor (13th Gen),16,1024,SSD,Integrated,15.6,Not Specified,In Stock,No,Windows 11,Student / Everyday
HP 15 Intel Core i3 13th Gen 1315U - (16 GB/512 GB SSD/Windows 11 Home) 15-fd0668TU Thin and Light Lap...,HP,Thin & Light,69990,12.4,79900,4.2,63,Intel Core i3 Processor (13th Gen),16,512,SSD,Integrated,15.6,Not Specified,In Stock,No,Windows 11 Home,Student / Everyday
"ASUS Vivobook 15, with Backlit Keyboard, Intel Core i3 13th Gen 1315U - (8 GB/512 GB SSD/Windows 11 Ho...",ASUS,Standard Notebook,56699,18.65,69699,4.3,219,Intel Core i3 Processor (13th Gen),8,512,SSD,Integrated,15.6,Not Specified,In Stock,No,Windows 11,Student / Everyday
Acer Aspire 3 Backlit Intel Core i3 12th Gen 1215U - (8 GB/512 GB SSD/Windows 11 Home) A324-51 Thin an...,Acer,Thin & Light,51939,21.29,65990,3.8,14,Intel Core i3 Processor (12th Gen),8,512,SSD,Integrated,14,Not Specified,In Stock,No,Windows 11,Student / Everyday
HP 255 G10 (2024) AMD Ryzen 3 Quad Core 7320U - (8 GB/512 GB SSD/Windows 11 Home) 250 G10 Thin and Lig...,HP,Thin & Light,49890,10.25,55590,4,55,AMD Ryzen 3 Quad Core,8,512,SSD,Integrated,15.6,Not Specified,In Stock,No,Windows 11,Student / Everyday
ASUS Zenbook 14 OLED AI PC Intel Core Ultra 9 185H - (32 GB/1 TB SSD/Windows 11 Home) UX3405MA-PZ962WS...,ASUS,Thin & Light,166000,12.63,189999,4.4,0,Intel Core Ultra 9,32,1024,SSD,Integrated,14,Not Specified,In Stock,Yes,Windows 11,Content Creation
HP Omnibook 3 with MS Office 2024 AMD Ryzen 3 Quad Core 30 - (8 GB/512 GB SSD/Windows 11 Home) 14-hy00...,HP,Standard Notebook,61990,27.5,85501,,,AMD Ryzen 3 Quad Core,8,512,SSD,Integrated,14,Not Specified,In Stock,No,Windows 11 Home,Student / Everyday
ASUS VivoBook 15 AMD Ryzen 7 Octa Core 5825U - (16 GB/512 GB SSD/Windows 11 Home) M1502YA-BQ703WS Thin...,ASUS,Thin & Light,86692,13.31,100000,4.2,136,AMD Ryzen 7 Octa Core,16,512,SSD,Integrated,15.6,Not Specified,Out of Stock,No,Windows 11,Student / Everyday
Acer Aspire 3 Intel Core i5 12th Gen 1235U - (8 GB/512 GB SSD/Windows 11 Home) A315-59-50CP Thin and L...,Acer,Thin & Light,56990,5,59990,4.1,62,Intel Core i5 Processor (12th Gen),8,512,SSD,Integrated,15.6,Not Specified,In Stock,No,Windows 11,Student / Everyday
ASUS Vivobook 15 Intel Core i3 12th Gen 1215U - (8 GB/512 GB SSD/Windows 11 Home) X1504ZA-NJ322WS Thin...,ASUS,Thin & Light,56790,5.33,59990,4.3,617,Intel Core i3 Processor (12th Gen),8,512,SSD,Integrated,15.6,Not Specified,In Stock,No,Windows 11,Student / Everyday
Acer Aspire F5 Intel Core i7 6th Gen 6500U - (8 GB/1 TB HDD/Windows 10 Home/2 GB Graphics) F5-572G Lap...,Acer,Standard Notebook,57990,0,57990,4,11,Intel Core i7 Processor (6th Gen),8,1024,HDD,Integrated,15.6,Not Specified,In Stock,No,Windows 10,Student / Everyday
DELL PRO 15 (2026) AMD Ryzen 5 Quad Core 7520U - (8 GB/512 GB SSD/Windows 11 Home) PRO 15 Thin and Lig...,Dell,Thin & Light,53990,11.48,60990,4.1,4,AMD Ryzen 5 Quad Core,8,512,SSD,Integrated,15.6,Not Specified,In Stock,No,Windows 11,Student / Everyday
"DELL Inspiron 15 with Backlit Keyboard, Intel Core i5 13th Gen 1334U - (8 GB/512 GB SSD/Windows 11 Hom...",Dell,Standard Notebook,66990,4.29,69990,4.2,60,Intel Core i5 Processor (13th Gen),8,512,SSD,Integrated,15.6,Not Specified,In Stock,No,Windows 11,Student / Everyday
ASUS Vivobook AMD Ryzen 3 Quad Core 7320U - (8 GB/1 TB SSD/Windows 11 Home) E1404FA-NK331W Thin and Li...,ASUS,Thin & Light,56991,12.31,64990,4,4,AMD Ryzen 3 Quad Core,8,1024,SSD,Integrated,14,Not Specified,In Stock,No,Windows 11,Student / Everyday
DELL 15 (Previously Inspiron) AI Powered Intel Core Ultra 5 225H - (16 GB/512 GB SSD/Windows 11 Home) ...,Dell,Standard Notebook,84990,20.56,106989,4.1,2,Intel Core Ultra 5,16,512,SSD,Integrated,15.6,Not Specified,In Stock,No,Windows 11 Home,Student / Everyday
DELL 15 Intel Core i3 13th Gen 1305U - (8 GB/512 GB SSD/Windows 11 Home) 3530 Thin and Light Laptop,Dell,Thin & Light,55990,6.67,59990,3.8,3,Intel Core i3 Processor (13th Gen),8,512,SSD,Integrated,15.6,Not Specified,In Stock,No,Windows 11,Student / Everyday
Lenovo IdeaPad Slim 3 Intel Core i5 12th Gen 12450H - (16 GB/512 GB SSD/Windows 11 Home) 15IAH8 Thin a...,Lenovo,Thin & Light,73999,7.5,79999,4.2,4,Intel Core i5 Processor (12th Gen),16,512,SSD,Integrated,15.6,Not Specified,In Stock,No,Windows 11,Student / Everyday
"ASUS Vivobook S14 (2025) with Office 2024 + M365 Basic*, AI PC, Backlit Keyboard, Snapdragon X - (16 G...",ASUS,Thin & Light,72475,22.06,92990,,,Snapdragon X,16,512,SSD,Integrated,14,Not Specified,In Stock,No,Windows 11 Home,Student / Everyday
ASUS TUF Gaming A16 (2025) AMD Ryzen 7 7445HS - (16 GB/1 TB SSD/Windows 11 Home/6 GB Graphics/NVIDIA G...,ASUS,Gaming,139900,11.45,157990,4.5,18,AMD Ryzen 7,16,1024,SSD,Integrated,16,Not Specified,In Stock,No,Windows 11 Home,Gaming
HP Omnibook 3 Next Gen AI PC Snapdragon X - (16 GB/512 GB SSD/Windows 11 Home) Omnibook 3 14-hz0024QU ...,HP,Standard Notebook,71990,27.28,98990,4.2,16,Snapdragon X,16,512,SSD,Integrated,14,Not Specified,In Stock,No,Windows 11 Home,Student / Everyday
Acer Aspire 3 AMD Ryzen 3 Dual Core 5th Gen - (8 GB/512 GB SSD/Windows 11 Home) AS15-42 Laptop,Acer,Standard Notebook,44897,22.59,57999,,,AMD Ryzen 3 Dual Core Processor (5th Gen),8,512,SSD,Integrated,15.6,Not Specified,In Stock,No,Windows 11 Home,Student / Everyday
Acer One14 AMD Ryzen 3 Dual Core 13th Gen 3250U - (8 GB/Windows 11 Home) Z2-493 Thin and Light Laptop,Acer,Thin & Light,42990,21.82,54990,3.3,1,AMD Ryzen 3 Dual Core Processor (13th Gen),8,256,SSD,Integrated,14,Not Specified,In Stock,No,Windows 11,Student / Everyday
Lenovo IdeaPad 5 2-in-1 WUXGA OLED Intel Core i7 13th Gen 13620H - (16 GB/512 GB SSD/Windows 11 Home) ...,Lenovo,2-in-1,139990,0,139990,4,3,Intel Core i7 Processor (13th Gen),16,512,SSD,Integrated,14,Not Specified,In Stock,Yes,Windows 11,Content Creation
Samsung Galaxy Book4 (i5 14th Gen) Intel Core 5 120U - (8 GB/512 GB SSD/Windows 11 Home) NP750XGK Thin...,Samsung,Thin & Light,86239,0,86239,4.4,51,Intel Core 5,8,512,SSD,Integrated,15.6,Not Specified,In Stock,No,Windows 11,Student / Everyday
Lenovo Intel Core i3 11th Gen 1115G4 - (8 GB/512 GB SSD/Windows 11 Home) 15ITL6 Thin and Light Laptop,Lenovo,Thin & Light,37990,30.91,54990,4.3,2,Intel Core i3 Processor (11th Gen),8,512,SSD,Integrated,15.6,Not Specified,In Stock,No,Windows 11,Student / Everyday
"ASUS Vivobook 15, with Backlit Keyboard, Intel Core i5 12th Gen 1235U - (8 GB/512 GB SSD/Windows 11 Ho...",ASUS,Standard Notebook,63761,8.9,69990,4.2,514,Intel Core i5 Processor (12th Gen),8,512,SSD,Integrated,15.6,Not Specified,In Stock,No,Windows 11,Student / Everyday
DELL 15 (Previouly Inspiron) AMD Ryzen 5 Quad Core 7520U - (8 GB/512 GB SSD/Windows 11 Home) DC15255 /...,Dell,Standard Notebook,55990,6.67,59990,3.9,5,AMD Ryzen 5 Quad Core,8,512,SSD,Integrated,15,Not Specified,In Stock,No,Windows 11,Student / Everyday
Acer Intel Core i3 12th Gen 1215U - (16 GB/512 GB SSD/Windows 11 Home) A324-51 Thin and Light Laptop,Acer,Thin & Light,64991,4.41,67990,4.3,491,Intel Core i3 Processor (12th Gen),16,512,SSD,Integrated,14,Not Specified,In Stock,No,Windows 11,Student / Everyday
HP Intel Core i3 12th Gen - (8 GB/512 GB SSD/Windows 11 Home) 15s-fq5185TU Laptop,HP,Standard Notebook,54890,8.5,59990,4.2,4,Intel Core i3 Processor (12th Gen),8,512,SSD,Integrated,15.6,Not Specified,In Stock,No,Windows 11 Home,Student / Everyday
Avita PURA E 14 AMD Ryzen 5 Quad Core 3rd Gen - (8 GB/512 GB SSD/Windows 11 Home) NS14A6INV561-SGC Thi...,Avita,Standard Notebook,51490,0,51490,3.1,28,AMD Ryzen 5 Quad Core Processor (3rd Gen),8,512,SSD,Integrated,14.1,Not Specified,In Stock,No,Windows 11,Student / Everyday
"Apple MacBook Air (M5, 2026) M5 - (16 GB/512 GB SSD/Tahoe) MDVQ4HN/A",Apple,Thin & Light,179900,0,179900,4.8,7,Apple M5,16,512,SSD,Integrated,15.3,Not Specified,In Stock,No,macOS,Student / Everyday
ASUS Vivobook 15 Intel Core i5 13th Gen 1335U - (8 GB/512 GB SSD/Windows 11 Home) X1504VA-NJ524WS Thin...,ASUS,Thin & Light,65991,18.52,80990,3.6,1,Intel Core i5 Processor (13th Gen),8,512,SSD,Integrated,15.6,Not Specified,In Stock,No,Windows 11,Student / Everyday
ASUS TUF Gaming A16 (2026) with Office 2024 + M365 Basic AMD Ryzen 7 170 - (16 GB/1 TB SSD/Windows 11 ...,ASUS,Gaming,108990,21.58,138990,4.3,2,AMD Ryzen 7,16,1024,SSD,Integrated,16,Not Specified,In Stock,No,Windows 11 Home,Gaming
"ASUS Vivobook Go 15 (2025) with Office 2024 + M365 Basic*, AMD Ryzen 3 Quad Core 7320U - (16 GB/512 GB...",ASUS,Standard Notebook,56999,14.93,66999,4.2,15,AMD Ryzen 3 Quad Core,16,512,SSD,Integrated,15.6,Not Specified,In Stock,No,Windows 11 Home,Student / Everyday
HP 255 G10 AMD Ryzen 5 Quad Core 7520U - (8 GB/512 GB SSD/Windows 11 Home) 255 G10 Thin and Light Lapt...,HP,Thin & Light,57524,4.13,60000,4.2,57,AMD Ryzen 5 Quad Core,8,512,SSD,Integrated,15.6,Not Specified,In Stock,No,Windows 11,Student / Everyday
ASUS ROG Flow X13 AMD Ryzen 9 Octa Core 6900HS - (16 GB/1 TB SSD/Windows 11 Home/4 GB Graphics/NVIDIA ...,ASUS,Gaming,198989,13.48,229990,4.3,20,AMD Ryzen 9 Octa Core,16,1024,SSD,Integrated,13.4,Not Specified,In Stock,Yes,Windows 11,Gaming
MOTOROLA Motobook 60 Full Metal 2.8K OLED (i7 14th Gen) Intel Core 7 Series 2 240H - (16 GB/1 TB SSD/W...,Motorola,Standard Notebook,110490,0,110490,4.4,188,Intel Core 7 Processor (Series 2),16,1024,SSD,Integrated,14,Not Specified,In Stock,No,Windows 11,Content Creation
ASUS ROG Strix G16 (2025) with Office 2024 + M365 Basic* Intel Core Ultra 9 275HX - (32 GB/1 TB SSD/Wi...,ASUS,Gaming,328900,8.38,358990,4.7,6,Intel Core Ultra 9,32,1024,SSD,Integrated,16,Not Specified,In Stock,No,Windows 11 Home,Gaming
HP 15s Intel Core i5 11th Gen 1135G7 - (8 GB/512 GB SSD/Windows 11 Home/2 GB Graphics) 15s-du3519TX Th...,HP,Standard Notebook,54769,15.73,64990,3.7,0,Intel Core i5 Processor (11th Gen),8,512,SSD,Integrated,15.6,Not Specified,In Stock,No,Windows 11,Student / Everyday
Infinix X Air Pro+ Intel Core i5 13th Gen 1334U - (16 GB/512 GB SSD/Windows 11 Home) XL434 Thin and Li...,Infinix,Thin & Light,69990,0,69990,4.4,25,Intel Core i5 Processor (13th Gen),16,512,SSD,Integrated,14,Not Specified,In Stock,No,Windows 11 Home,Student / Everyday
Lenovo V SERIES Intel Core i5 12th Gen 1235U - (8 GB/512 GB SSD/Windows 11 Home) V15 Thin and Light La...,Lenovo,Thin & Light,64999,23.53,85000,4.1,3,Intel Core i5 Processor (12th Gen),8,512,SSD,Integrated,16,Not Specified,In Stock,No,Windows 11,Student / Everyday
"Apple MacBook Air (M5, 2026) M5 - (16 GB/512 GB SSD/Tahoe) MDVH4HN/A",Apple,Thin & Light,179900,0,179900,4.8,7,Apple M5,16,512,SSD,Integrated,15.3,Not Specified,In Stock,No,macOS,Student / Everyday
"ASUS Vivobook 16X For Creator, Intel H Series Intel Core i5 13th Gen 13420H - (16 GB/512 GB SSD/Window...",ASUS,Standard Notebook,99312,9.63,109900,4.3,127,Intel Core i5 Processor (13th Gen),16,512,SSD,Integrated,16,Not Specified,In Stock,No,Windows 11,Content Creation
HP G9 Intel Core i3 13th Gen 1315U - (16 GB/512 GB SSD/Windows 11 Pro) 250R G9 Business Laptop,HP,Standard Notebook,59990,0.02,59999,4,42,Intel Core i3 Processor (13th Gen),16,512,SSD,Integrated,15.6,Not Specified,In Stock,No,Windows 11,Business
DELL 14 Microsoft Office Home 2024 Intel Core Ultra 7 256V - (16 GB/512 GB SSD/Windows 11 Home) DB0425...,Dell,Standard Notebook,111258,0,111258,4.6,0,Intel Core Ultra 7,16,512,SSD,Integrated,14,Not Specified,In Stock,Yes,Windows 11,Student / Everyday
MSI Thin A15 AMD Ryzen 5 Hexa Core 7535HS - (16 GB/512 GB SSD/Windows 11 Home/4 GB Graphics/NVIDIA GeF...,MSI,Thin & Light,78990,0,78990,4.4,42,AMD Ryzen 5 Hexa Core,16,512,SSD,Integrated,15.6,Not Specified,In Stock,No,Windows 11,Student / Everyday
"ASUS Vivobook 14 (2025) with Office 2024 + M365 Basic*, AMD Ryzen AI 5 Quad Core - (16 GB/512 GB SSD/W...",ASUS,Standard Notebook,72990,27,99990,,,AMD Ryzen AI 5 Quad Core,16,512,SSD,Integrated,14,Not Specified,In Stock,No,Windows 11 Home,Student / Everyday
HP Victus Intel Core i5 13th Gen 13420H - (16 GB/512 GB SSD/Windows 11 Home/4 GB Graphics/NVIDIA GeFor...,HP,Gaming,92910,6.15,99000,4.2,60,Intel Core i5 Processor (13th Gen),16,512,SSD,Integrated,15.6,Not Specified,In Stock,No,Windows 11 Home,Gaming
Acer Aspire 3 15 AMD Ryzen 5 Quad Core 7520U - (8 GB/512 GB SSD/Windows 11 Home) A315-24P Thin and Lig...,Acer,Thin & Light,54990,8.33,59990,4.4,3,AMD Ryzen 5 Quad Core,8,512,SSD,Integrated,15.6,Not Specified,In Stock,No,Windows 11,Student / Everyday
Acer Aspire Lite Intel Core i7 12th Gen 12650H - (16 GB/512 GB SSD/Windows 11 Home) AL15-52H Thin and ...,Acer,Thin & Light,74990,6.25,79990,4.1,3,Intel Core i7 Processor (12th Gen),16,512,SSD,Integrated,15.6,Not Specified,In Stock,No,Windows 11 Home,Student / Everyday
Lenovo Yoga Slim 6 with 1Yr ADP Intel Core i7 13th Gen 13700H - (16 GB/1 TB SSD/Windows 11 Home) 14IRH...,Lenovo,2-in-1,121319,16.9,145999,3.4,1,Intel Core i7 Processor (13th Gen),16,1024,SSD,Integrated,14,Not Specified,In Stock,Yes,Windows 11,Student / Everyday
HP Intel Core Ultra 5 14th Gen - (16 GB/1 TB SSD/Windows 11 Home) 15-fd1354TU Laptop,HP,Standard Notebook,86755,2.41,88900,3.4,1,Intel Core Ultra 5 Processor (14th Gen),16,1024,SSD,Integrated,15.6,Not Specified,In Stock,No,Windows 11 Home,Student / Everyday
ASUS Chromebook Intel Celeron Dual Core N4500 - (4 GB/64 GB EMMC Storage/Chrome OS) CX1400CKA-NK0453 C...,ASUS,Standard Notebook,35999,10,39999,3.8,305,Intel Celeron Dual Core,4,64,eMMC,Integrated,14,Not Specified,In Stock,No,Chrome OS,Student / Everyday
Lenovo V15 Series AMD Ryzen 5 Quad Core 7520U - (8 GB/512 GB SSD/Windows 11 Home) V15 Thin and Light L...,Lenovo,Thin & Light,61998,11.42,69990,4,8,AMD Ryzen 5 Quad Core,8,512,SSD,Integrated,15.6,Not Specified,In Stock,No,Windows 11,Student / Everyday
HP Intel Core i5 13th Gen 1334U - (12 GB/512 GB SSD/Windows 11 Home) 15-fd0575TU Thin and Light Laptop,HP,Thin & Light,71900,10.12,80000,4.4,23,Intel Core i5 Processor (13th Gen),12,512,SSD,Integrated,15.6,Not Specified,In Stock,No,Windows 11 Home,Student / Everyday
Acer Swift Go 14 OLED EVO Intel Core i7 13th Gen 13700H - (16 GB/1 TB SSD/Windows 11 Home) SFG14-71-70...,Acer,Thin & Light,110999,0,110999,4.3,76,Intel Core i7 Processor (13th Gen),16,1024,SSD,Integrated,14,Not Specified,In Stock,No,Windows 11 Home,Content Creation
HP Envy x360 Intel Core i5 13th Gen 1335U - (16 GB/512 GB SSD/Windows 11 Home) 15-fe0028TU Laptop,HP,2-in-1,99677,11,111999,4.2,7,Intel Core i5 Processor (13th Gen),16,512,SSD,Integrated,15.6,Not Specified,In Stock,Yes,Windows 11,Student / Everyday
Infinix Intel Core i7 10th Gen 1065G7 - (8 GB/512 GB SSD/Windows 11 Home/128 MB Graphics) XL21 Thin an...,Infinix,Thin & Light,64990,0,64990,,,Intel Core i7 Processor (10th Gen),8,512,SSD,Integrated,14,Not Specified,In Stock,No,Windows 11,Student / Everyday
ASUS Vivobook 16 Intel Core Ultra 5 Series 3 325 - (16 GB/512 GB SSD/Windows 11 Home) X1607AA-MB037WS ...,ASUS,Standard Notebook,109990,31.25,159990,,,Intel Core Ultra 5 Processor (Series 3),16,512,SSD,Integrated,16,Not Specified,In Stock,No,Windows 11 Home,Student / Everyday
HP 14 Intel Core Ultra 7 256V - (16 GB/1 TB SSD/Windows 11 Home) Omnibook X 14-fm0100TU Thin and Light...,HP,Thin & Light,157990,29.73,224827,,,Intel Core Ultra 7,16,1024,SSD,Integrated,14,Not Specified,In Stock,No,Windows 11 Home,Student / Everyday
"ASUS Vivobook Go 15, 12th Gen, Equivalent to Intel 12th Gen, Intel Core i3 N305 - (8 GB/512 GB SSD/Win...",ASUS,Standard Notebook,58391,2.68,60000,4.3,36,Intel Core i3,8,512,SSD,Integrated,15.6,Not Specified,In Stock,No,Windows 11,Student / Everyday
Acer Spin 7 Intel Core i7 7th Gen 7Y75 - (8 GB/256 GB SSD/Windows 10 Home) SP714-51 Laptop,Acer,Standard Notebook,124900,0,124900,4,1,Intel Core i7 Processor (7th Gen),8,256,SSD,Integrated,14,Not Specified,In Stock,Yes,Windows 10,Student / Everyday
ASUS Zenbook 14 OLED AI PC Intel Core Ultra 5 125H - (16 GB/1 TB SSD/Windows 11 Home) UX3405MA-PZ552WS...,ASUS,Thin & Light,125999,0,125999,4.5,2,Intel Core Ultra 5,16,1024,SSD,Integrated,14,Not Specified,In Stock,Yes,Windows 11,Content Creation
DELL 14 Intel Core i3 13th Gen 1305U - (8 GB/512 GB SSD/Windows 11 Home) OIN54403001F1RINU1O Thin and ...,Dell,Thin & Light,58000,13.42,66990,3.8,3,Intel Core i3 Processor (13th Gen),8,512,SSD,Integrated,14,Not Specified,In Stock,No,Windows 11,Student / Everyday
Lenovo LOQ Intel Core i5 12th Gen 12450HX - (16 GB/512 GB SSD/Windows 11 Home/6 GB Graphics/NVIDIA GeF...,Lenovo,Gaming,104005,14.75,121999,4,40,Intel Core i5 Processor (12th Gen),16,512,SSD,Integrated,15.6,Not Specified,In Stock,No,Windows 11,Gaming
Samsung Galaxy Book5 AI Metal Intel Core Ultra 7 255U - (32 GB/1 TB SSD/Windows 11 Home) NP750XHD Thin...,Samsung,Thin & Light,146990,0,146990,4,13,Intel Core Ultra 7,32,1024,SSD,Integrated,15.6,Not Specified,In Stock,No,Windows 11,Student / Everyday
ASUS ExpertBook P1 Intel Core i5 13th Gen 13420H - (32 GB/512 GB SSD/Windows 11 Home) P1403CVA-S60939W...,ASUS,Standard Notebook,86990,24.35,114990,4.3,467,Intel Core i5 Processor (13th Gen),32,512,SSD,Integrated,14,Not Specified,In Stock,No,Windows 11 Home,Business
HP Intel Core i5 13th Gen 1334U - (16 GB/1 TB SSD/Windows 11 Home) 15-fd0552TU Thin and Light Laptop,HP,Thin & Light,82426,15.02,96990,3.9,5,Intel Core i5 Processor (13th Gen),16,1024,SSD,Integrated,15.6,Not Specified,In Stock,No,Windows 11 Home,Student / Everyday
DELL Inspiron MSO 2024 Intel Core i5 13th Gen 1334U - (16 GB/512 GB SSD/Windows 11 Home) Inspiron 3530...,Dell,Standard Notebook,71990,20,89990,4.1,13,Intel Core i5 Processor (13th Gen),16,512,SSD,Integrated,15.6,Not Specified,In Stock,No,Windows 11,Student / Everyday
ASUS Vivobook Go 15 AMD Ryzen 5 Quad Core 7520U - (16 GB/512 GB SSD/Windows 11 Home) E1504FA-NJ5542WS ...,ASUS,Standard Notebook,63900,5.88,67890,4.3,115,AMD Ryzen 5 Quad Core,16,512,SSD,Integrated,15.6,Not Specified,In Stock,No,Windows 11 Home,Student / Everyday
ASUS X1504ZA Intel Core i3 12th Gen 1215U - (8 GB/512 GB SSD/Windows 11 Home) X1504ZA-NJ322WS Thin and...,ASUS,Thin & Light,55980,6.7,59999,4.3,524,Intel Core i3 Processor (12th Gen),8,512,SSD,Integrated,15.6,Not Specified,In Stock,No,Windows 11,Student / Everyday
HP Omnibook 5 2K OLED Snapdragon X - (16 GB/1 TB SSD/Windows 11 Home) 16-fb0001QU Thin and Light Lapto...,HP,Thin & Light,79900,24.12,105299,4.4,7,Snapdragon X,16,1024,SSD,Integrated,16,Not Specified,In Stock,No,Windows 11 Home,Content Creation
HP Victus Intel Core i5 13th Gen 13500H - (16 GB/512 GB SSD/Windows 11 Home/6 GB Graphics/NVIDIA GeFor...,HP,Gaming,106899,9.4,117990,2,0,Intel Core i5 Processor (13th Gen),16,512,SSD,Integrated,15.6,Not Specified,In Stock,No,Windows 11,Gaming
"ASUS Vivobook Go 15 (2025) with Office 2024 + M365 Basic*, Backlit Keyboard, AMD Ryzen 5 Quad Core 752...",ASUS,Standard Notebook,64379,9.32,70999,4.3,115,AMD Ryzen 5 Quad Core,16,512,SSD,Integrated,15.6,Not Specified,In Stock,No,Windows 11 Home,Student / Everyday
Samsung Galaxy Book6 Intel Core Ultra 7 Series 3 355 - (16 GB/512 GB SSD/Windows 11 Home) NP760VJG Thi...,Samsung,Standard Notebook,165190,0,165190,4.3,0,Intel Core Ultra 7 Processor (Series 3),16,512,SSD,Integrated,16,Not Specified,In Stock,No,Windows 11 Home,Student / Everyday
Colorful P15 Series Intel Core i5 12th Gen 12450H - (16 GB/512 GB SSD/Windows 11 Home/6 GB Graphics/NV...,Colorful,Standard Notebook,99999,0,99999,4.3,51,Intel Core i5 Processor (12th Gen),16,512,SSD,Integrated,15.6,Not Specified,In Stock,No,Windows 11,Student / Everyday
HP Victus Intel Core i5 13th Gen 13420H - (16 GB/512 GB SSD/Windows 11 Home/6 GB Graphics/NVIDIA GeFor...,HP,Gaming,97999,1.27,99262,4.3,85,Intel Core i5 Processor (13th Gen),16,512,SSD,Integrated,15.6,Not Specified,In Stock,No,Windows 11 Home,Gaming
ASUS Vivobook 15 Intel Core i3 13th Gen 1315U - (8 GB/512 GB SSD/Windows 11 Home) X1504VA-NJ323WS Thin...,ASUS,Thin & Light,57612,17.22,69599,4.1,13,Intel Core i3 Processor (13th Gen),8,512,SSD,Integrated,15.6,Not Specified,In Stock,No,Windows 11,Student / Everyday
HP AMD Ryzen 3 Dual Core 3rd Gen - (8 GB/512 GB SSD/Windows 11 Home) 15S-EQ1550AU Laptop,HP,Standard Notebook,52890,3.83,54998,,,AMD Ryzen 3 Dual Core Processor (3rd Gen),8,512,SSD,Integrated,15.6,Not Specified,In Stock,No,Windows 11,Student / Everyday
ASUS Vivobook Go 15 AMD Ryzen 3 Quad Core 7320U - (8 GB/512 GB SSD/Windows 11 Home) E1504FA-NJ130WS | ...,ASUS,Standard Notebook,46590,14.57,54533,4.3,186,AMD Ryzen 3 Quad Core,8,512,SSD,Integrated,15.6,Not Specified,Out of Stock,No,Windows 11 Home,Student / Everyday
"Apple MacBook Air (M5, 2026) M5 - (24 GB/1 TB SSD/Tahoe) MDVU4HN/A",Apple,Thin & Light,239900,0,239900,4.8,7,Apple M5,24,1024,SSD,Integrated,15.3,Not Specified,In Stock,No,macOS,Student / Everyday
ASUS TUF Gaming A17 AMD Ryzen 5 Hexa Core 4600H - (8 GB/1 TB HDD/Windows 10 Home/4 GB Graphics/NVIDIA ...,ASUS,Gaming,72990,0,72990,4.1,101,AMD Ryzen 5 Hexa Core,8,1024,HDD,Integrated,17.3,Not Specified,In Stock,No,Windows 10,Gaming
HP 240 G10 (2025) Professional Intel Core i3 13th Gen 1315U - (8 GB/512 GB SSD/Windows 11 Home) 240 G1...,HP,Standard Notebook,54890,8.5,59990,3.7,1,Intel Core i3 Processor (13th Gen),8,512,SSD,Integrated,14,Not Specified,In Stock,No,Windows 11 Home,Student / Everyday
HP AMD Athlon Dual Core 3050U - (8 GB/256 GB SSD/Windows 11 Home) 14s-fq0568AU Thin and Light Laptop,HP,Thin & Light,52890,2.27,54118,4.1,297,AMD Athlon Dual Core,8,256,SSD,Integrated,14,Not Specified,In Stock,No,Windows 11,Student / Everyday
Lenovo IdeaPad Flex 5 AMD Ryzen 5 Hexa Core - (16 GB/512 GB SSD/Windows 11 Home) IdeaPad Flex 5 14ALC7...,Lenovo,Standard Notebook,95090,0,95090,4.1,2,AMD Ryzen 5 Hexa Core,16,512,SSD,Integrated,14,Not Specified,In Stock,Yes,Windows 11,Student / Everyday
MSI GF63 Intel Core i5 12th Gen 12450H - (16 GB/1 TB HDD/256 GB SSD/Windows 11 Home/8 GB Graphics/NVID...,MSI,Standard Notebook,108999,10.66,121999,4.4,21,Intel Core i5 Processor (12th Gen),16,1280,SSD + HDD,Integrated,15.6,Not Specified,In Stock,No,Windows 11,Student / Everyday
MSI Modern 15 AMD Ryzen 5 Hexa Core 7530U - (16 GB/512 GB SSD/Windows 11 Home) Modern 15 B7M-427IN Bus...,MSI,Standard Notebook,51990,24.64,68990,4.4,12,AMD Ryzen 5 Hexa Core,16,512,SSD,Integrated,15,Not Specified,Out of Stock,No,Windows 11,Student / Everyday
DELL XPS Intel Core Ultra 7 155H - (32 GB/1 TB SSD/Windows 11 Home/6 GB Graphics/NVIDIA GeForce RTX 40...,Dell,Standard Notebook,249890,17.88,304305,,,Intel Core Ultra 7,32,1024,SSD,Integrated,14.5,Not Specified,In Stock,Yes,Windows 11,Student / Everyday
Apple MacBook Air Intel Core i5 5th Gen - (8 GB/128 GB SSD/Mac OS Sierra) MQD32HN/A,Apple,Thin & Light,84900,0,84900,4.7,3205,Intel Core i5 Processor (5th Gen),8,128,SSD,Integrated,13.3,Not Specified,In Stock,No,macOS,Student / Everyday
HP Pavilion Plus Intel Core i5 13th Gen 1335U - (16 GB/512 GB SSD/Windows 11 Home) 14-ew0116TU Thin an...,HP,Thin & Light,81899,1.33,82999,,,Intel Core i5 Processor (13th Gen),16,512,SSD,Integrated,14,Not Specified,In Stock,No,Windows 11 Home,Student / Everyday
"ASUS Vivobook 14 (2025) with Office 2024 + M365 Basic*, Intel Core Ultra 5 225H - (16 GB/512 GB SSD/Wi...",ASUS,Standard Notebook,88381,22.47,113990,4.4,78,Intel Core Ultra 5,16,512,SSD,Integrated,14,Not Specified,In Stock,No,Windows 11 Home,Student / Everyday
Lenovo Ideapad Slim 3i Intel Intel Core i5 11th Gen 1135G7 - (8 GB/256 GB SSD/Windows 10 Home) 15ITL6/...,Lenovo,Thin & Light,49999,33.68,75390,4.3,44,Intel Core i5 Processor (11th Gen),8,256,SSD,Integrated,15.6,Not Specified,In Stock,No,Windows 10,Student / Everyday
HP 250R G9 (2025) Intel Core i3 13th Gen 1315U - (16 GB/512 GB SSD/Windows 11 Home) 250R G9 Thin and L...,HP,Thin & Light,60199,7.37,64990,4.3,1,Intel Core i3 Processor (13th Gen),16,512,SSD,Integrated,15.6,Not Specified,In Stock,No,Windows 11 Home,Student / Everyday
Lenovo Legion Pro 5 WQXGA OLED Intel Core Ultra 9 275HX - (32 GB/1 TB SSD/Windows 11 Home/12 GB Graphi...,Lenovo,Gaming,291990,26.41,396790,4.4,8,Intel Core Ultra 9,32,1024,SSD,Integrated,16,Not Specified,In Stock,No,Windows 11 Home,Gaming
ASUS ROG Strix G18 (2026) Intel Core Ultra 9 290HX - (32 GB/1 TB SSD/Windows 11 Home/12 GB Graphics/NV...,ASUS,Gaming,389990,26.69,531990,,,Intel Core Ultra 9,32,1024,SSD,Integrated,18,Not Specified,In Stock,No,Windows 11 Home,Gaming
HP Intel Celeron Dual Core N4500 - (8 GB/512 GB SSD/Windows 11 Home) 15s- fq3066TU Thin and Light Lapt...,HP,Thin & Light,53900,3.49,55850,3.8,34,Intel Celeron Dual Core,8,512,SSD,Integrated,15.6,Not Specified,In Stock,No,Windows 11,Student / Everyday
Lenovo V 15 (2025) AMD Ryzen 3 Quad Core 7320U - (8 GB/512 GB SSD/Windows 11 Pro) V 15 Thin and Light ...,Lenovo,Thin & Light,50999,3.59,52900,4.3,3,AMD Ryzen 3 Quad Core,8,512,SSD,Integrated,15.6,Not Specified,In Stock,No,Windows 11,Student / Everyday
Lenovo LOQ Intel Core i5 13th Gen 13450HX - (16 GB/512 GB SSD/Windows 11 Home/6 GB Graphics/NVIDIA GeF...,Lenovo,Gaming,146990,30.4,211190,,,Intel Core i5 Processor (13th Gen),16,512,SSD,Integrated,15.6,Not Specified,In Stock,No,Windows 11,Gaming
Infinix INBook X2 Plus Intel Core i7 11th Gen 1195G7 - (16 GB/512 GB SSD/Windows 11 Home) XL25 Thin an...,Infinix,Thin & Light,79990,0,79990,3.9,18,Intel Core i7 Processor (11th Gen),16,512,SSD,Integrated,15.6,Not Specified,In Stock,No,Windows 11,Student / Everyday
Apple MacBook Pro M5 - (24 GB/1 TB SSD/macOS Tahoe) MDE64HN/A|MDE64HN/A,Apple,Standard Notebook,263900,0,263900,,,Apple M5,24,1024,SSD,Integrated,14,Not Specified,In Stock,No,macOS,Student / Everyday
ASUS ExpertBook P1 (i7 14th Gen) with 1 Yr ADP Intel Core 7 240H - (32 GB/512 GB SSD/Windows 11 Home) ...,ASUS,Standard Notebook,118990,8.46,129990,4.4,19,Intel Core 7,32,512,SSD,Integrated,15.6,Not Specified,In Stock,No,Windows 11 Home,Business
ASUS Intel Core i5 13th Gen 1335U - (16 GB/512 GB SSD/Windows 11 Pro) B3404CVAB-Q50884X Thin and Light...,ASUS,Thin & Light,78999,35.25,121999,4.2,3,Intel Core i5 Processor (13th Gen),16,512,SSD,Integrated,14,Not Specified,In Stock,No,Windows 11,Student / Everyday
HP 250R G9 (2024) Intel Core i3 13th Gen 1315U - (8 GB/512 GB SSD/Windows 11 Home) 250R G9 Thin and Li...,HP,Thin & Light,57995,3.33,59990,4.2,2,Intel Core i3 Processor (13th Gen),8,512,SSD,Integrated,15.6,Not Specified,In Stock,No,Windows 11 Home,Student / Everyday
MSI Modern 14 AMD Ryzen 5 Hexa Core 7530U - (8 GB/512 GB SSD/Windows 11 Home) Modern 14 C7M-063IN Thin...,MSI,Thin & Light,61990,0,61990,4.4,556,AMD Ryzen 5 Hexa Core,8,512,SSD,Integrated,14,Not Specified,In Stock,No,Windows 11,Student / Everyday
Samsung Galaxy Book3 Pro EVO AMOLED Intel Core i7 13th Gen 1360P - (16 GB/512 GB SSD/Windows 11 Home) ...,Samsung,Standard Notebook,165590,0,165590,4.6,4,Intel Core i7 Processor (13th Gen),16,512,SSD,Integrated,16,Not Specified,In Stock,No,Windows 11,Content Creation
DELL 14 Next Gen AI PC Microsoft Office Home 2024 Intel Core Ultra 5 226V - (16 GB/512 GB SSD/Windows ...,Dell,Standard Notebook,91490,10.88,102656,4.5,9,Intel Core Ultra 5,16,512,SSD,Integrated,14,Not Specified,In Stock,Yes,Windows 11,Student / Everyday
MSI Modern 14 Intel Core i5 11th Gen 1155G7 - (8 GB/512 GB SSD/Windows 10 Home) Modern 14 B11MOU-637IN...,MSI,Standard Notebook,67990,0,67990,4.2,30,Intel Core i5 Processor (11th Gen),8,512,SSD,Integrated,14,Not Specified,In Stock,No,Windows 10,Student / Everyday
Lenovo IdeaPad Slim 1 AMD Ryzen 3 Dual Core 3rd Gen 3250U - (8 GB/512 GB SSD/Windows 11 Home) IdeaPad ...,Lenovo,Thin & Light,54970,12.73,62990,4,3,AMD Ryzen 3 Dual Core Processor (3rd Gen),8,512,SSD,Integrated,15.6,Not Specified,In Stock,No,Windows 11,Student / Everyday
Lenovo Legion 5 WQXGA OLED Intel Core Ultra 9 275HX - (32 GB/1 TB SSD/Windows 11 Home/8 GB Graphics/NV...,Lenovo,Gaming,243490,9.61,269390,,,Intel Core Ultra 9,32,1024,SSD,Integrated,15.1,Not Specified,In Stock,No,Windows 11 Home,Gaming
ASUS Chromebook CX15 Intel Celeron Dual Core N4500 - (8 GB/128 GB EMMC Storage/Chrome OS) CX1505CKA-S7...,ASUS,Standard Notebook,43011,13.96,49990,3.6,14,Intel Celeron Dual Core,8,128,eMMC,Integrated,15.6,Not Specified,In Stock,No,Chrome OS,Student / Everyday
Lenovo LOQ Intel Core i7 13th Gen 13650HX - (16 GB/1 TB SSD/Windows 11 Home/8 GB Graphics/NVIDIA GeFor...,Lenovo,Gaming,187990,30.35,269890,4.8,6,Intel Core i7 Processor (13th Gen),16,1024,SSD,Integrated,15.6,Not Specified,In Stock,No,Windows 11 Home,Gaming
MSI Prestige 13 Evo Intel Core i5 12th Gen 1240P - (8 GB/512 GB SSD/Windows 11 Home) Prestige 13 Evo A...,MSI,Standard Notebook,106990,0,106990,4.8,0,Intel Core i5 Processor (12th Gen),8,512,SSD,Integrated,13.3,Not Specified,In Stock,No,Windows 11,Student / Everyday
HP 245 G8 AMD Ryzen 3 Dual Core 3250U - (8 GB/1 TB HDD/Windows 11 Home) 245 G8 Thin and Light Laptop,HP,Thin & Light,48766,8.56,53333,3.6,10,AMD Ryzen 3 Dual Core,8,1024,HDD,Integrated,14,Not Specified,Out of Stock,No,Windows 11,Student / Everyday
HP Omnibook 3 Intel Core Ultra 5 Series 3 322 - (16 GB/512 GB SSD/Windows 11 Home) 14-hs0052TU Laptop,HP,Standard Notebook,119990,31.83,176018,,,Intel Core Ultra 5 Processor (Series 3),16,512,SSD,Integrated,14,Not Specified,In Stock,No,Windows 11 Home,Student / Everyday
DELL Intel Core i5 12th Gen 1235U - (16 GB/512 GB SSD/Windows 11 Home) Inspiron 3520 Thin and Light La...,Dell,Thin & Light,71500,4.67,75000,3.9,9,Intel Core i5 Processor (12th Gen),16,512,SSD,Integrated,15.6,Not Specified,In Stock,No,Windows 11,Student / Everyday
DELL 14 Microsoft Office Home 2024 AMD Ryzen AI 7 Octa Core 350 AI - (16 GB/1 TB SSD/Windows 11 Home) ...,Dell,Standard Notebook,107083,0,107083,4.1,1,AMD Ryzen AI 7 Octa Core,16,1024,SSD,Integrated,14,Not Specified,In Stock,No,Windows 11,Student / Everyday
MSI Prestige 14 Evo AI PC Intel Core Ultra 7 1st Gen 155H - (16 GB/1 TB SSD/Windows 11 Home) Prestige ...,MSI,Standard Notebook,99990,10.72,111990,3.8,2,Intel Core Ultra 7 Processor (1st Gen),16,1024,SSD,Integrated,14,Not Specified,In Stock,No,Windows 11,Student / Everyday
"Apple MacBook Pro (M5 Pro, 2026) M5 Pro - (24 GB/2 TB SSD/Tahoe) MJLV4HN/A",Apple,Standard Notebook,359900,0,359900,,,Apple M5 Pro,24,2048,SSD,Integrated,14,Not Specified,In Stock,No,macOS,Student / Everyday
Lenovo Legion 7 Intel Core Ultra 9 275HX - (32 GB/1 TB SSD/Windows 11 Home/12 GB Graphics/NVIDIA GeFor...,Lenovo,Gaming,325990,3.95,339390,5,1,Intel Core Ultra 9,32,1024,SSD,Integrated,16,Not Specified,In Stock,No,Windows 11 Home,Gaming
HP 14s Intel Core i3 11th Gen 1115G4 - (8 GB/256 GB SSD/Windows 11 Home) 14s - dy2507TU Thin and Light...,HP,Thin & Light,57990,0.5,58279,4.3,467,Intel Core i3 Processor (11th Gen),8,256,SSD,Integrated,14,Not Specified,In Stock,No,Windows 11,Student / Everyday
Acer Predator Triton 300 Intel Core i7 10th Gen 10750H - (16 GB/2 TB SSD/Windows 10 Home/8 GB Graphics...,Acer,Gaming,160190,0,160190,3.8,0,Intel Core i7 Processor (10th Gen),16,2048,SSD,Integrated,15.6,Not Specified,In Stock,No,Windows 10,Gaming
HP 15 (2025) AMD Athlon Dual Core 7120U - (8 GB/256 GB SSD/Windows 11 Pro) 15 Thin and Light Laptop,HP,Thin & Light,47990,4.02,49999,3.3,2,AMD Athlon Dual Core,8,256,SSD,Integrated,15.6,Not Specified,Out of Stock,No,Windows 11,Student / Everyday
Acer Aspire Lite Intel Core i3 12th Gen 1215U - (8 GB/512 GB SSD/Windows 11 Home) AL15-52 Thin and Lig...,Acer,Thin & Light,49990,16.67,59990,4.1,90,Intel Core i3 Processor (12th Gen),8,512,SSD,Integrated,15.6,Not Specified,In Stock,No,Windows 11 Home,Student / Everyday
ASUS Expertbook P1 High-performance processor with 1 Yr ADP Intel Core i7 13th Gen 13620H - (32 GB/512...,ASUS,Standard Notebook,83990,35.39,129990,4.3,29,Intel Core i7 Processor (13th Gen),32,512,SSD,Integrated,15.6,Not Specified,In Stock,No,Windows 11 Home,Business
DELL Inspiron Intel Core i5 13th Gen - (8 GB/512 GB SSD/Windows 11 Home) i5-1334U Thin and Light Lapto...,Dell,Thin & Light,64890,23.66,85000,,,Intel Core i5 Processor (13th Gen),8,512,SSD,Integrated,15.6,Not Specified,In Stock,No,Windows 11 Home,Student / Everyday
DELL Inspiron with Backlit Keyboard and Fingerprint Sensor Intel Core Ultra 5 125H - (16 GB/512 GB SSD...,Dell,Standard Notebook,101613,0,101613,4.1,7,Intel Core Ultra 5,16,512,SSD,Integrated,16,Not Specified,In Stock,No,Windows 11,Student / Everyday
HP Pavilion Intel Core i5 13th Gen 1335U - (16 GB/1 TB SSD/Windows 11 Home) 15-eg3018TU Thin and Light...,HP,Thin & Light,84990,11.46,95990,,,Intel Core i5 Processor (13th Gen),16,1024,SSD,Integrated,15.6,Not Specified,In Stock,No,Windows 11,Student / Everyday
"ASUS ProArt P16 (2026) for Creator with Touch Screen,AI PC AMD Ryzen AI 9 12 Core 370HX - (32 GB/1 TB ...",ASUS,Standard Notebook,469990,14.86,551990,,,AMD Ryzen AI 9 12 Core,32,1024,SSD,Integrated,16,Not Specified,In Stock,Yes,Windows 11 Home,Content Creation
"Apple MacBook Pro (M5 Pro, 2026) M5 Pro - (24 GB/2 TB SSD/Tahoe) MJLW4HN/A",Apple,Standard Notebook,359900,0,359900,,,Apple M5 Pro,24,2048,SSD,Integrated,14,Not Specified,In Stock,No,macOS,Student / Everyday
HP AMD Ryzen 5 Hexa Core 7530U - (8 GB/512 GB SSD/Windows 11 Home) 15-fc0388AU Thin and Light Laptop,HP,Thin & Light,58990,1.52,59900,4.1,8,AMD Ryzen 5 Hexa Core,8,512,SSD,Integrated,15.6,Not Specified,In Stock,No,Windows 11 Home,Student / Everyday
Infinix X1 Slim Series Intel Core i5 10th Gen 1035G1 - (8 GB/512 GB SSD/Windows 11 Home) XL21 Thin and...,Infinix,Thin & Light,59999,0,59999,4.1,134,Intel Core i5 Processor (10th Gen),8,512,SSD,Integrated,14,Not Specified,In Stock,No,Windows 11,Student / Everyday
MICROSOFT Surface Laptop 13.8 Inch Snapdragon X2 Elite - (16 GB/1 TB SSD/Windows 11 Home) EP2-59281 La...,Microsoft,Standard Notebook,226990,3,233999,,,Snapdragon X2 Elite,16,1024,SSD,Integrated,13.8,Not Specified,In Stock,Yes,Windows 11,Student / Everyday
Acer Aspire Lite Intel Core i7 13th Gen 13620H - (16 GB/512 GB SSD/Windows 11 Home) AL15-52H Thin and ...,Acer,Thin & Light,79990,20,99990,4.3,6,Intel Core i7 Processor (13th Gen),16,512,SSD,Integrated,15.6,Not Specified,In Stock,No,Windows 11 Home,Student / Everyday
MSI Modern 14 Intel Core i5 13th Gen 1334U - (16 GB/512 GB SSD/Windows 11 Home) Modern 14 C13M-116IN T...,MSI,Standard Notebook,69990,5.41,73990,4.2,25,Intel Core i5 Processor (13th Gen),16,512,SSD,Integrated,14,Not Specified,In Stock,No,Windows 11,Student / Everyday
Lenovo V15 G2 AMD Ryzen 3 Quad Core 5300U - (8 GB/512 GB SSD/Windows 11 Home) V15 G2 ALC Laptop,Lenovo,Standard Notebook,50499,8.18,54999,3.4,4,AMD Ryzen 3 Quad Core,8,512,SSD,Integrated,15.6,Not Specified,In Stock,No,Windows 11,Student / Everyday
MSI Prestige 16 Studio AI PC Intel Core Ultra 7 155H - (32 GB/1 TB SSD/Windows 11 Home/6 GB Graphics) ...,MSI,Standard Notebook,159990,11.11,179990,4.7,1,Intel Core Ultra 7,32,1024,SSD,Integrated,16,Not Specified,In Stock,No,Windows 11,Content Creation
Acer Aspire 3 (2025) Intel Core i5 13th Gen 1334U - (16 GB/512 GB SSD/Windows 11 Home) Aspire 3 A325-5...,Acer,Standard Notebook,66300,12.75,75990,4.1,14,Intel Core i5 Processor (13th Gen),16,512,SSD,Integrated,15.6,Not Specified,In Stock,No,Windows 11 Home,Student / Everyday
Infinix Zero Book Ultra AI PC Intel Core Ultra 7 155H - (16 GB/512 GB SSD/Windows 11 Home) ZL514 Thin ...,Infinix,Thin & Light,99990,0,99990,4.3,11,Intel Core Ultra 7,16,512,SSD,Integrated,15.6,Not Specified,In Stock,No,Windows 11,Student / Everyday
Colorful P15 Intel Core i7 13th Gen 13620H - (16 GB/512 GB SSD/Windows 11 Home/8 GB Graphics/NVIDIA Ge...,Colorful,Standard Notebook,139999,0,139999,4.2,24,Intel Core i7 Processor (13th Gen),16,512,SSD,Integrated,15.6,Not Specified,In Stock,No,Windows 11,Student / Everyday
HP Victus Intel Core i7 12th Gen 12650H - (16 GB/512 GB SSD/Windows 11 Home/4 GB Graphics/NVIDIA GeFor...,HP,Gaming,101705,0,101705,4.4,4,Intel Core i7 Processor (12th Gen),16,512,SSD,Integrated,15.6,Not Specified,In Stock,No,Windows 11,Gaming
MSI GP66 Leopard Intel Core i7 11th Gen 11800H - (16 GB/1 TB SSD/Windows 10 Home/8 GB Graphics/NVIDIA ...,MSI,Standard Notebook,173990,0,173990,4.5,34,Intel Core i7 Processor (11th Gen),16,1024,SSD,Integrated,15.6,Not Specified,In Stock,No,Windows 10,Student / Everyday
MSI Vector 16 HX Intel Core i7 14th Gen 14700HX - (32 GB/1 TB SSD/Windows 11 Home/8 GB Graphics/NVIDIA...,MSI,Standard Notebook,229990,0,229990,5,0,Intel Core i7 Processor (14th Gen),32,1024,SSD,Integrated,16,Not Specified,Out of Stock,No,Windows 11,Student / Everyday
Acer ALG Intel Core i5 12th Gen 12450H - (16 GB/512 GB SSD/Windows 11 Home/6 GB Graphics/NVIDIA GeForc...,Acer,Standard Notebook,89900,9.19,99000,4,5,Intel Core i5 Processor (12th Gen),16,512,SSD,Integrated,15.6,Not Specified,In Stock,No,Windows 11,Student / Everyday
Acer Predator Helios Neo 14 AI PC Intel Core Ultra 7 155H - (16 GB/1 TB SSD/Windows 11 Home/6 GB Graph...,Acer,Gaming,161999,0,161999,4.3,0,Intel Core Ultra 7,16,1024,SSD,Integrated,14.5,Not Specified,In Stock,No,Windows 11,Gaming
ASUS ASUS VIVOBOOK GO 15 AMD Ryzen 5 Octa Core 7th Gen RYZEN 5 7520U - (16 GB/512 GB HDD/512 GB SSD/Wi...,ASUS,Standard Notebook,64990,7.02,69900,4.7,0,AMD Ryzen 5 Octa Core Processor (7th Gen),16,1024,SSD + HDD,Integrated,15.6,Not Specified,In Stock,No,Windows 11,Student / Everyday
Lenovo Intel Core i3 12th Gen - (8 GB/512 GB SSD/Windows 11 Home) 82RK00VWIN Thin and Light Laptop,Lenovo,Thin & Light,55990,6.67,59990,4,1,Intel Core i3 Processor (12th Gen),8,512,SSD,Integrated,15.6,Not Specified,In Stock,No,Windows 11,Student / Everyday
Lenovo AMD Ryzen 5 - (8 GB/512 GB SSD/Windows 11 Home) 82R400BGIN Thin and Light Laptop,Lenovo,Thin & Light,37990,30.93,55000,4.1,0,AMD Ryzen 5,8,512,SSD,Integrated,15.6,Not Specified,In Stock,No,Windows 11,Student / Everyday
ASUS Chromebook CX14 Intel Celeron Dual Core N4500 - (4 GB/128 GB EMMC Storage/Chrome OS) CX1405CKA-NK...,ASUS,Standard Notebook,28790,7.13,30999,3.9,35,Intel Celeron Dual Core,4,128,eMMC,Integrated,14,Not Specified,In Stock,No,Chrome OS,Student / Everyday
HP AMD Athlon Dual Core 3050U - (8 GB/512 GB SSD/Windows 11 Home) 15s- eq1559AU Thin and Light Laptop,HP,Thin & Light,52990,0.95,53500,4,140,AMD Athlon Dual Core,8,512,SSD,Integrated,15.6,Not Specified,In Stock,No,Windows 11,Student / Everyday
MOTOROLA Motobook 60 Full Metal OLED (i7 14th Gen) Intel Core 7 Series 2 240H - (16 GB/512 GB SSD/Wind...,Motorola,Standard Notebook,104890,0,104890,4.4,188,Intel Core 7 Processor (Series 2),16,512,SSD,Integrated,14,Not Specified,In Stock,No,Windows 11,Content Creation
"ASUS Vivobook 16 (2025), Copilot + PC with Backlit Keyboard, AI PC, Snapdragon X - (16 GB/512 GB SSD/W...",ASUS,Standard Notebook,61990,28.17,86305,4.2,18,Snapdragon X,16,512,SSD,Integrated,16,Not Specified,In Stock,No,Windows 11 Home,Student / Everyday
Lenovo Intel Core i3 13th Gen - (8 GB/512 GB SSD/Windows 11 Home) 82X70032IN Laptop,Lenovo,Standard Notebook,56990,12.32,65000,4.6,0,Intel Core i3 Processor (13th Gen),8,512,SSD,Integrated,15.6,Not Specified,In Stock,No,Windows 11,Student / Everyday
HP 15s Intel Core i3 12th Gen 1215U - (8 GB/512 GB SSD/Windows 11 Home) 15s-fq5327TU / FD0063TU Thin a...,HP,Thin & Light,51134,0,51134,4.2,599,Intel Core i3 Processor (12th Gen),8,512,SSD,Integrated,15.6,Not Specified,In Stock,No,Windows 11 Home,Student / Everyday
DELL 15 (Previouly Inspiron) AMD Ryzen 7 Octa Core 7730U - (16 GB/512 GB SSD/Windows 11 Home) DC15255 ...,Dell,Standard Notebook,81990,10.87,91990,4.2,2,AMD Ryzen 7 Octa Core,16,512,SSD,Integrated,15,Not Specified,In Stock,No,Windows 11,Student / Everyday
MSI Pulse GL66 Intel Core i7 11th Gen 11800H - (16 GB/1 TB SSD/Windows 10 Home/6 GB Graphics/NVIDIA Ge...,MSI,Standard Notebook,139990,0,139990,4.5,31,Intel Core i7 Processor (11th Gen),16,1024,SSD,Integrated,15.6,Not Specified,In Stock,No,Windows 10,Student / Everyday
HP Pavilion AMD Ryzen 5 Hexa Core 5500U - (8 GB/512 GB SSD/Windows 10 Home) 14-ec0035AU Thin and Light...,HP,Thin & Light,67931,0,67931,4.4,76,AMD Ryzen 5 Hexa Core,8,512,SSD,Integrated,14,Not Specified,In Stock,No,Windows 10,Student / Everyday
ASUS Vivobook 15 Intel Core i5 12th Gen 1235U - (8 GB/512 GB SSD/Windows 11 Home) X1504ZA-NJ521WS|X150...,ASUS,Standard Notebook,54990,21.43,69990,4.2,514,Intel Core i5 Processor (12th Gen),8,512,SSD,Integrated,15.6,Not Specified,Out of Stock,No,Windows 11,Student / Everyday
"ASUS ProArt P16 (2025) for Creator with Touch Screen, MSO 2024 + M365 Basic ,AI PC AMD Ryzen AI 9 HX 1...",ASUS,Standard Notebook,439990,30.16,629990,,,AMD Ryzen AI 9 HX 12 Core,64,2048,SSD,Integrated,16,Not Specified,In Stock,Yes,Windows 11 Home,Content Creation
ASUS Chromebook CX15 Intel Celeron Dual Core N4500 - (4 GB/64 GB EMMC Storage/Chrome OS) CX1505CKA-S70...,ASUS,Standard Notebook,31990,12.49,36555,4,24,Intel Celeron Dual Core,4,64,eMMC,Integrated,15.6,Not Specified,In Stock,No,Chrome OS,Student / Everyday
Lenovo AMD Ryzen AI 5 Hexa Core 7th Gen - (12 GB/512 GB SSD/Windows 11 Home/6 GB Graphics/NVIDIA GeFor...,Lenovo,Standard Notebook,89999,0.65,90590,3.5,1,AMD Ryzen AI 5 Hexa Core Processor (7th Gen),12,512,SSD,Integrated,15.6,Not Specified,In Stock,No,Windows 11 Home,Student / Everyday
Acer Aspire go 14 (2025) WUXGA IPS Intel Core Ultra 5 125H - (16 GB/512 GB SSD/Windows 11 Home) AG14-7...,Acer,Standard Notebook,72624,18.4,88999,3.1,1,Intel Core Ultra 5,16,512,SSD,Integrated,14,Not Specified,In Stock,No,Windows 11 Home,Student / Everyday
Acer Aspire 14 Office 2024 + M365 Basic Intel Core i5 13th Gen 13500H - (16 GB/512 GB SSD/Windows 11 H...,Acer,Standard Notebook,74999,0,74999,4.3,547,Intel Core i5 Processor (13th Gen),16,512,SSD,Integrated,14,Not Specified,In Stock,No,Windows 11 Home,Student / Everyday
Infinix Inbook Y2 Plus Intel Core i7 11th Gen 1195G7 - (16 GB/512 GB SSD/Windows 11 Home) XL29 Thin an...,Infinix,Thin & Light,69990,0,69990,4.4,4,Intel Core i7 Processor (11th Gen),16,512,SSD,Integrated,15.6,Not Specified,In Stock,No,Windows 11,Student / Everyday
ASUS TUF Gaming F15 - AI Powered Gaming Intel Core i5 11th Gen 11400H - (8 GB/512 GB SSD/Windows 11 Ho...,ASUS,Gaming,78990,1.25,79990,4.3,127,Intel Core i5 Processor (11th Gen),8,512,SSD,Integrated,15.6,Not Specified,In Stock,No,Windows 11,Gaming
Lenovo IdeaPad Slim 3 WUXGA IPS with 1Yr ADP Intel Core i5 13th Gen 13420H - (16 GB/512 GB SSD/Windows...,Lenovo,Thin & Light,79990,11.12,90000,4.3,42,Intel Core i5 Processor (13th Gen),16,512,SSD,Integrated,15.3,Not Specified,In Stock,No,Windows 11 Home,Student / Everyday
Lenovo IdeaPad Slim 3 Intel Core i3 12th Gen 1215U - (8 GB/512 GB SSD/Windows 11 Home) 14IAU7 Thin and...,Lenovo,Thin & Light,39572,43.46,69990,4.1,68,Intel Core i3 Processor (12th Gen),8,512,SSD,Integrated,14,Not Specified,In Stock,No,Windows 11,Student / Everyday
ASUS Vivobook 15 Intel Core i3 12th Gen 1215U - (16 GB/512 GB SSD/Windows 11 Home) X1504ZA-NJ342WS Thi...,ASUS,Standard Notebook,65938,4.42,68990,4.3,524,Intel Core i3 Processor (12th Gen),16,512,SSD,Integrated,15.6,Not Specified,In Stock,No,Windows 11,Student / Everyday
Lenovo IdeaPad Slim 5 WUXGA OLED Full Metal Body with 1Yr ADP Intel Core i5 13th Gen 13420H - (16 GB/5...,Lenovo,Thin & Light,85390,0,85390,4.4,22,Intel Core i5 Processor (13th Gen),16,512,SSD,Integrated,14,Not Specified,Out of Stock,No,Windows 11 Home,Content Creation
Acer Predator Helios 300 Intel Core i5 7th Gen 7300HQ - (16 GB/1 TB HDD/128 GB SSD/Windows 10 Home/6 G...,Acer,Gaming,109990,0,109990,4.6,49,Intel Core i5 Processor (7th Gen),16,128,SSD,Dedicated,15.6,NVIDIA Geforce GTX 1060,In Stock,No,Windows 10,Gaming
Samsung Galaxy Book3 Pro EVO AMOLED Intel Core i7 13th Gen 1360P - (16 GB/1 TB SSD/Windows 11 Home) NP...,Samsung,Standard Notebook,183254,0,183254,4.6,4,Intel Core i7 Processor (13th Gen),16,1024,SSD,Integrated,16,Not Specified,In Stock,No,Windows 11,Content Creation
HP Pavilion Intel Core i5 12th Gen 1235U - (16 GB/512 GB SSD/Windows 11 Home) 14-dv2014TU Thin and Lig...,HP,Thin & Light,73688,0,73688,4.3,175,Intel Core i5 Processor (12th Gen),16,512,SSD,Integrated,14,Not Specified,In Stock,No,Windows 11,Student / Everyday
DELL ESSENTIAL 15 AMD Ryzen 5 7th Gen 7520U - (8 GB/512 GB SSD/Windows 11 Home) PV15255 Laptop,Dell,Standard Notebook,53998,14.28,62990,4.7,0,AMD Ryzen 5 Processor (7th Gen),8,512,SSD,Integrated,15.6,Not Specified,In Stock,No,Windows 11,Student / Everyday
Lenovo IdeaPad Slim 3 Intel Core i5 12th Gen 1235U - (8 GB/512 GB SSD/Windows 11 Home) 15IAU7 Thin and...,Lenovo,Thin & Light,71990,6.37,76890,4.2,145,Intel Core i5 Processor (12th Gen),8,512,SSD,Integrated,15.6,Not Specified,In Stock,No,Windows 11,Student / Everyday
ASUS ASUS Vivobook 16 Intel Core 5 14th Gen 210H - (16 GB/512 GB SSD/Windows 11 Home) S3607VA-RP113WS ...,ASUS,Standard Notebook,79990,19.92,99890,,,Intel Core 5 Processor (14th Gen),16,512,SSD,Integrated,16,Not Specified,In Stock,No,Windows 11 Home,Student / Everyday
HP 240 G8 Intel Core i3 11th Gen 1115G4 - (8 GB/512 GB SSD/Windows 11 Home) 240 G8 Business Laptop,HP,Standard Notebook,57938,1.46,58799,4.1,14,Intel Core i3 Processor (11th Gen),8,512,SSD,Integrated,14,Not Specified,In Stock,No,Windows 11,Business
MSI Thin 15 Intel Core i5 12th Gen 12450H - (16 GB/512 GB SSD/Windows 11 Home/4 GB Graphics/NVIDIA GeF...,MSI,Thin & Light,70990,0,70990,4.3,121,Intel Core i5 Processor (12th Gen),16,512,SSD,Integrated,15.6,Not Specified,In Stock,No,Windows 11,Student / Everyday
ASUS TUF Gaming A16 (2025) with Office 2024 + M365 Basic* AMD Ryzen 9 16 Core 8940HX - (16 GB/1 TB SSD...,ASUS,Gaming,239990,4,249990,4.4,6,AMD Ryzen 9 16 Core,16,1024,SSD,Integrated,16,Not Specified,In Stock,No,Windows 11 Home,Gaming
Lenovo IdeaPad Slim 3 Intel Core i3 13th Gen 1305U - (8 GB/512 GB SSD/Windows 11 Home) 15IRU8 Thin and...,Lenovo,Thin & Light,58556,2.41,60000,4.1,11,Intel Core i3 Processor (13th Gen),8,512,SSD,Integrated,15.6,Not Specified,In Stock,No,Windows 11,Student / Everyday
HP Pavilion Plus Metal Body Intel Core i5 13th Gen 1335U - (16 GB/512 GB SSD/Windows 11 Home) 14-EW010...,HP,Standard Notebook,82257,11.31,92746,4.2,3,Intel Core i5 Processor (13th Gen),16,512,SSD,Integrated,14,Not Specified,In Stock,No,Windows 11 Home,Student / Everyday
"MICROSOFT Surface Pro 12"" Core 8 with Microsoft 365 for 6 Months* Snapdragon X Plus - (16 GB/512 GB SS...",Microsoft,Standard Notebook,114990,16.67,137999,4.8,1,Snapdragon X Plus,16,512,SSD,Integrated,12,Not Specified,In Stock,Yes,Windows 11 Home,Student / Everyday
Acer Predator Helios 300 Intel Core i7 10th Gen 10870H - (16 GB/1 TB HDD/256 GB SSD/Windows 11 Home/6 ...,Acer,Gaming,149999,0,149999,4.5,209,Intel Core i7 Processor (10th Gen),16,1280,SSD + HDD,Integrated,15.6,Not Specified,In Stock,No,Windows 11,Gaming
"ASUS Vivobook S14 Flip (2025) with Touch Screen, Metallic Design, Intel Core i5 13th Gen 13420H - (16 ...",ASUS,2-in-1,75990,12.65,86990,4.4,126,Intel Core i5 Processor (13th Gen),16,512,SSD,Integrated,14,Not Specified,Out of Stock,Yes,Windows 11 Home,Student / Everyday
Avita Liber Intel Core i5 7th Gen 7Y54 - (8 GB/256 GB SSD/Windows 10 Home) NS13A1IN007P Thin and Light...,Avita,Thin & Light,60990,0,60990,4.2,24,Intel Core i5 Processor (7th Gen),8,256,SSD,Integrated,13.3,Not Specified,In Stock,No,Windows 10,Student / Everyday
ASUS Chromebook Intel Celeron Dual Core N4500 - (4 GB/128 GB EMMC Storage/Chrome OS) CX1400CKA-EK0335 ...,ASUS,Standard Notebook,41999,4.55,43999,3.8,23,Intel Celeron Dual Core,4,128,eMMC,Integrated,14,Not Specified,In Stock,No,Chrome OS,Student / Everyday
HP Pavilion Intel Core i7 12th Gen 1255U - (16 GB/1 TB SSD/Windows 11 Home) 14-dv2015TU Thin and Light...,HP,Thin & Light,95999,4,99999,4.1,26,Intel Core i7 Processor (12th Gen),16,1024,SSD,Integrated,14,Not Specified,In Stock,No,Windows 11,Student / Everyday
HP 15 G9 (2025) AMD Ryzen 5 Hexa Core 5625U - (16 GB/512 GB SSD/Windows 11 Pro) 15 G9 Thin and Light L...,HP,Thin & Light,68002,2.84,69990,4.1,5,AMD Ryzen 5 Hexa Core,16,512,SSD,Integrated,15.6,Not Specified,In Stock,No,Windows 11,Student / Everyday
Samsung Galaxy Book6 Pro Intel Core Ultra X7 Series 3 358H - (32 GB/1 TB SSD/Windows 11 Home) NP940XJG...,Samsung,Standard Notebook,291190,0,291190,5,1,Intel Core Ultra X7 Processor (Series 3),32,1024,SSD,Integrated,14,Not Specified,In Stock,Yes,Windows 11 Home,Student / Everyday
Lenovo ThinkPad E14 AMD Ryzen 5 Hexa Core 7530U - (8 GB/512 GB SSD/Windows 11 Home) TP E14 Gen 5 Thin ...,Lenovo,Thin & Light,93500,15.69,110900,4.1,5,AMD Ryzen 5 Hexa Core,8,512,SSD,Integrated,14,Not Specified,In Stock,No,Windows 11,Business
"ASUS Vivobook 15 (2025)(i5 14th Gen)with MSO 2024 + M365 Basic, Backlit Keyboard, Intel Core 5 120U - ...",ASUS,Standard Notebook,84507,1.72,85990,4.3,155,Intel Core 5,16,512,SSD,Integrated,15.6,Not Specified,In Stock,No,Windows 11 Home,Student / Everyday
Apple MacBook Air M3 - (8 GB/512 GB SSD/macOS Sonoma) MRXW3HN/A,Apple,Thin & Light,134900,0,134900,4.7,29,Apple M3,8,512,SSD,Integrated,13,Not Specified,In Stock,No,macOS,Student / Everyday
Lenovo IdeaPad Slim 3i Intel Core i5 13th Gen 13420H - (8 GB/512 GB SSD/Windows 11 Home) Ideapad Slim ...,Lenovo,Thin & Light,68990,13.75,79990,,,Intel Core i5 Processor (13th Gen),8,512,SSD,Integrated,15.3,Not Specified,In Stock,No,Windows 11 Home,Student / Everyday
ASUS TUF Gaming A16 (2025) with MSO 2024+M365 Basic AMD Ryzen 7 Hexa Core - (16 GB/512 GB SSD/Windows ...,ASUS,Gaming,139990,5.98,148900,4,1,AMD Ryzen 7 Hexa Core,16,512,SSD,Integrated,16,Not Specified,In Stock,No,Windows 11 Home,Gaming
WINGS Nuvobook Pro Aluminium Alloy Metal Body Intel Intel Core i7 11th Gen 1165G7 - (16 GB/512 GB SSD/...,Wings,Standard Notebook,89999,0,89999,4.1,27,Intel Core i7 Processor (11th Gen),16,512,SSD,Integrated,14,Not Specified,In Stock,No,Windows 11,Student / Everyday
HP 15s Intel Core i3 12th Gen 1215U - (8 GB/512 GB SSD/Windows 11 Home) 15-fd0752TU /15s-fy5003TU Thin...,HP,Thin & Light,59999,3.23,61999,4.3,388,Intel Core i3 Processor (12th Gen),8,512,SSD,Integrated,15.6,Not Specified,In Stock,No,Windows 11,Student / Everyday
ASUS AMD Ryzen 3 Quad Core - (8 GB/512 GB SSD/Windows 11 Home) E1504FA-NJ321WS Thin and Light Laptop,ASUS,Thin & Light,55990,6.68,59999,,,AMD Ryzen 3 Quad Core,8,512,SSD,Integrated,15.6,Not Specified,In Stock,No,Windows 11 Home,Student / Everyday
ASUS TUF Gaming A15 AMD Ryzen 7 Hexa Core - (16 GB/512 GB SSD/Windows 11 Home/4 GB Graphics/NVIDIA GeF...,ASUS,Gaming,103500,5.82,109900,5,1,AMD Ryzen 7 Hexa Core,16,512,SSD,Integrated,15.6,Not Specified,In Stock,No,Windows 11 Home,Gaming
Lenovo Legion Pro 5 WQXGA OLED AMD Ryzen 9 16 Core 9955HX - (32 GB/1 TB SSD/Windows 11 Home/8 GB Graph...,Lenovo,Gaming,266490,9.32,293890,,,AMD Ryzen 9 16 Core,32,1024,SSD,Integrated,16,Not Specified,In Stock,No,Windows 11 Home,Gaming
Samsung Galaxy Book6 Pro Intel Core Ultra 7 Series 3 356H - (32 GB/1 TB SSD/Windows 11 Home) NP960XJG ...,Samsung,Standard Notebook,293990,0,293990,,,Intel Core Ultra 7 Processor (Series 3),32,1024,SSD,Integrated,16,Not Specified,In Stock,Yes,Windows 11 Home,Student / Everyday
HP 15 (2025) AMD Ryzen 5 Quad Core 7520U - (8 GB/512 GB SSD/Windows 11 Home) 15 G10 Thin and Light Lap...,HP,Thin & Light,55683,25.01,74250,4.4,1,AMD Ryzen 5 Quad Core,8,512,SSD,Integrated,15.6,Not Specified,In Stock,No,Windows 11 Home,Student / Everyday
Acer Aspire 5 Intel Core i5 8th Gen 8265U - (8 GB + 16 GB Optane/1 TB HDD/Windows 10 Home/2 GB Graphic...,Acer,Standard Notebook,62511,0,62511,4,27,Intel Core i5 Processor (8th Gen),8,1024,HDD,Integrated,15.6,Not Specified,In Stock,No,Windows 10,Student / Everyday
HP 15s Intel Core i5 13th Gen 1335U - (8 GB/512 GB SSD/Windows 11 Home) 15-fd0011TU Thin and Light Lap...,HP,Thin & Light,79990,3.63,82999,4.2,35,Intel Core i5 Processor (13th Gen),8,512,SSD,Integrated,15.6,Not Specified,In Stock,No,Windows 11,Student / Everyday
Acer Aspire 3 AMD Ryzen 3 5400U - (8 GB/512 GB SSD/Windows 11 Home) A325-42 Notebook,Acer,Standard Notebook,45990,8,49990,3.8,5,AMD Ryzen 3,8,512,SSD,Integrated,15.6,Not Specified,In Stock,No,Windows 11 Home,Student / Everyday
ASUS ROG Zephyrus G14 (2025) with Office 2024 + M365 Basic* AMD Ryzen 9 Octa Core - (16 GB/1 TB SSD/Wi...,ASUS,Gaming,199990,9.91,221990,4.3,1,AMD Ryzen 9 Octa Core,16,1024,SSD,Integrated,14,Not Specified,In Stock,No,Windows 11 Home,Gaming
ASUS Vivobook 15 (2026) Intel Core 3 100U - (8 GB/512 GB SSD/Windows 11 Home) X1504VAP-IN006WS Thin an...,ASUS,Thin & Light,59990,31.04,86990,,,Intel Core 3,8,512,SSD,Integrated,15.6,Not Specified,In Stock,No,Windows 11 Home,Student / Everyday
Acer Nitro V AMD Ryzen 5 Hexa Core 6600H - (16 GB/512 GB SSD/Windows 11 Home/6 GB Graphics/NVIDIA GeFo...,Acer,Gaming,108999,0,108999,4.4,98,AMD Ryzen 5 Hexa Core,16,512,SSD,Integrated,15.6,Not Specified,In Stock,No,Windows 11,Gaming
HP Laptop Intel Core i3 N305 - (8 GB/512 GB SSD/Windows 11 Home) 15-fd0123TU Thin and Light Laptop,HP,Thin & Light,57990,3.34,59995,,,Intel Core i3,8,512,SSD,Integrated,15.6,Not Specified,In Stock,No,Windows 11 Home,Student / Everyday
Acer Predator Helios 300 Intel Core i5 8th Gen 8300H - (16 GB/1 TB HDD/128 GB SSD/Windows 10 Home/6 GB...,Acer,Gaming,129999,0,129999,4.6,126,Intel Core i5 Processor (8th Gen),16,1152,SSD + HDD,Integrated,15.6,Not Specified,In Stock,No,Windows 10,Gaming
Lenovo Yoga with 1Yr ADP Intel Core i7 10th Gen 1065G7 - (16 GB/1 TB SSD/Windows 10 Home) Yoga S940-14...,Lenovo,2-in-1,223890,0,223890,1.8,1,Intel Core i7 Processor (10th Gen),16,1024,SSD,Integrated,14,Not Specified,In Stock,Yes,Windows 10,Student / Everyday
ASUS Vivobook Go 14 (2026) with Office 2024 + M365 Basic AMD Ryzen 3 Quad Core 30 - (8 GB/512 GB SSD/W...,ASUS,Standard Notebook,57990,20.55,72990,4.3,186,AMD Ryzen 3 Quad Core,8,512,SSD,Integrated,14,Not Specified,In Stock,No,Windows 11 Home,Student / Everyday
Lenovo Intel Core i7 13th Gen - (16 GB/512 GB SSD/Windows 11 Home) 83K100CJIN Laptop,Lenovo,Standard Notebook,97415,20.15,121999,3.2,0,Intel Core i7 Processor (13th Gen),16,512,SSD,Integrated,15.3,Not Specified,In Stock,No,Windows 11,Student / Everyday
Acer Swift Neo Office 2024 + M365 Basic Intel Core Ultra 5 115U - (16 GB/1 TB SSD/Windows 11 Home) SFN...,Acer,Thin & Light,99999,0,99999,4.1,77,Intel Core Ultra 5,16,1024,SSD,Integrated,14,Not Specified,In Stock,No,Windows 11 Home,Student / Everyday
Samsung Galaxy Book4 Pro 360 Evo AI PC Intel Core Ultra 7 155H - (16 GB/1 TB SSD/Windows 11 Home) NP96...,Samsung,Standard Notebook,206989,0,206989,4.6,6,Intel Core Ultra 7,16,1024,SSD,Integrated,16,Not Specified,In Stock,Yes,Windows 11,Student / Everyday
HP 14 G9 (2025) AMD Ryzen 5 Hexa Core 5625U - (16 GB/512 GB SSD/Windows 11 Pro) 14 G9 Thin and Light L...,HP,Thin & Light,68990,5.48,72990,3.6,2,AMD Ryzen 5 Hexa Core,16,512,SSD,Integrated,14,Not Specified,In Stock,No,Windows 11,Student / Everyday
DELL Intel Core Ultra 9 290HX Plus - (32 GB/1 TB SSD/Windows 11 Home/8 GB Graphics/NVIDIA GeForce RTX ...,Dell,Standard Notebook,318990,20.34,400450,,,Intel Core Ultra 9,32,1024,SSD,Integrated,16,Not Specified,In Stock,No,Windows 11 Home,Student / Everyday
Lenovo V15 Intel Core i3 12th Gen 1215U - (8 GB/512 GB SSD/Windows 11 Home) V15 G3 IAP Thin and Light ...,Lenovo,Thin & Light,54763,4.64,57430,4.1,34,Intel Core i3 Processor (12th Gen),8,512,SSD,Integrated,15.6,Not Specified,In Stock,No,Windows 11,Student / Everyday
ASUS Vivobook Go 15 OLED AMD Ryzen 3 Quad Core 7320U - (8 GB/512 GB SSD/Windows 11 Home) E1504FA-LK321...,ASUS,Standard Notebook,45990,25.81,61990,4.4,501,AMD Ryzen 3 Quad Core,8,512,SSD,Integrated,15.6,Not Specified,In Stock,No,Windows 11,Content Creation
ASUS Vivobook 14 Intel Core i3 13th Gen 1315U - (8 GB/512 GB SSD/Windows 11 Home) X1404VA-NK322WS Thin...,ASUS,Thin & Light,47990,17.24,57990,3.8,36,Intel Core i3 Processor (13th Gen),8,512,SSD,Integrated,14,Not Specified,In Stock,No,Windows 11,Student / Everyday
HP OMEN 16 AMD Ryzen AI 7 Octa Core - (24 GB/1 TB SSD/Windows 11 Home/8 GB Graphics/NVIDIA GeForce RTX...,HP,Gaming,174237,0,174237,,,AMD Ryzen AI 7 Octa Core,24,1024,SSD,Integrated,16,Not Specified,In Stock,No,Windows 11 Home,Gaming
Samsung Galaxy Book6 Intel Core Ultra 5 Series 3 325 - (16 GB/512 GB SSD/Windows 11 Home) NP740VJG Thi...,Samsung,Standard Notebook,142790,0,142790,,,Intel Core Ultra 5 Processor (Series 3),16,512,SSD,Integrated,14,Not Specified,In Stock,No,Windows 11 Home,Student / Everyday
MSI Commercial 14 H Pro Intel Core i7 13th Gen 13700H - (32 GB/1 TB SSD/Windows 11 Pro) Commercial 14 ...,MSI,Standard Notebook,109990,11.29,123990,4.3,6,Intel Core i7 Processor (13th Gen),32,1024,SSD,Integrated,14,Not Specified,In Stock,No,Windows 11,Student / Everyday
DELL PRO 15 Backlit (2025) AMD Ryzen 5 Quad Core 7520U - (8 GB/512 GB SSD/Windows 11 Pro) PRO 15 Thin ...,Dell,Thin & Light,54999,15.38,64999,3.6,1,AMD Ryzen 5 Quad Core,8,512,SSD,Integrated,15.6,Not Specified,In Stock,No,Windows 11,Student / Everyday
"Apple MacBook Pro (M5 Max, 2026) M5 Max - (36 GB/2 TB SSD/Tahoe) MGDU4HN/A",Apple,Standard Notebook,499900,0,499900,,,Apple M5 Max,36,2048,SSD,Integrated,14,Not Specified,In Stock,No,macOS,Student / Everyday
HP 15 G10 (2025) AMD Ryzen 3 Quad Core 7320U - (8 GB/512 GB SSD/Windows 11 Home) 15 G10 Thin and Light...,HP,Thin & Light,52990,5.36,55990,4,21,AMD Ryzen 3 Quad Core,8,512,SSD,Integrated,15.6,Not Specified,In Stock,No,Windows 11 Home,Student / Everyday
Lenovo LOQ Essential Intel Core i5 12th Gen 12450HX - (12 GB/512 GB SSD/Windows 11 Home/4 GB Graphics/...,Lenovo,Gaming,93758,6.23,99990,4.3,30,Intel Core i5 Processor (12th Gen),12,512,SSD,Integrated,15.6,Not Specified,In Stock,No,Windows 11 Home,Gaming
HP AMD Ryzen 5 Hexa Core 5500U - (8 GB/512 GB SSD/Windows 11 Home) 14s-fq1092au Thin and Light Laptop,HP,Thin & Light,59108,17.89,71990,4.2,351,AMD Ryzen 5 Hexa Core,8,512,SSD,Integrated,14,Not Specified,In Stock,No,Windows 11,Student / Everyday
Lenovo V 14 (2025) Intel Core i5 13th Gen 13420H - (24 GB/512 GB SSD/Windows 11 Pro) V14 Thin and Ligh...,Lenovo,Thin & Light,99900,13.81,115900,3.4,0,Intel Core i5 Processor (13th Gen),24,512,SSD,Integrated,14,Not Specified,In Stock,No,Windows 11,Student / Everyday
ASUS Vivobook Go 15 (2026) with Office 2024 + M365 Basic* AMD Ryzen 3 Quad Core 30 - (8 GB/512 GB SSD/...,ASUS,Standard Notebook,57990,20.55,72990,4.2,10,AMD Ryzen 3 Quad Core,8,512,SSD,Integrated,15.6,Not Specified,In Stock,No,Windows 11 Home,Student / Everyday
HP Intel Core i7 13th Gen 1355U - (16 GB/512 GB SSD/Windows 11 Home) 15-fd0515TU Thin and Light Laptop,HP,Thin & Light,99990,0.01,99999,,,Intel Core i7 Processor (13th Gen),16,512,SSD,Integrated,15.6,Not Specified,In Stock,No,Windows 11 Home,Student / Everyday
HP Envy x360 Intel Core i7 13th Gen 1355U - (16 GB/1 TB SSD/Windows 11 Home/4 GB Graphics) 15-fe0014TX...,HP,2-in-1,149588,0,149588,4.5,1,Intel Core i7 Processor (13th Gen),16,1024,SSD,Integrated,15.6,Not Specified,In Stock,Yes,Windows 11,Student / Everyday
HP Spectre 16 Eyesafe Evo Intel Core i7 12th Gen 12700H - (16 GB/512 GB SSD/Windows 11 Home) 16-f1003T...,HP,Standard Notebook,120990,23.42,157990,4,3,Intel Core i7 Processor (12th Gen),16,512,SSD,Integrated,16,Not Specified,In Stock,Yes,Windows 11,Student / Everyday
"Apple MacBook Air (M5, 2026) M5 - (24 GB/1 TB SSD/Tahoe) MDHK4HN/A",Apple,Thin & Light,209900,0,209900,4.7,149,Apple M5,24,1024,SSD,Integrated,13.6,Not Specified,In Stock,No,macOS,Student / Everyday
HP Intel Core i5 13th Gen 1335U - (16 GB/512 GB SSD/Windows 11 Home) 15-hr0001TU Thin and Light Laptop,HP,Thin & Light,78990,6.41,84399,4.2,6,Intel Core i5 Processor (13th Gen),16,512,SSD,Integrated,15.6,Not Specified,In Stock,No,Windows 11,Student / Everyday
ASUS Intel® Core™ Ultra 5 Processor 226V Intel Core Ultra 5 Series 2 Intel® Core™ Ultra 5 Processor 22...,ASUS,Standard Notebook,140990,17.06,169990,,,Intel Core Ultra 5 Processor (Series 2),16,1024,SSD,Integrated,14,Not Specified,In Stock,Yes,Windows 11 Home,Student / Everyday
HP Essentials(i5 14th Gen) Intel Core 5 13th Gen 120U - (8 GB/1 TB SSD/Windows 11 Home) 15-FD0549TU Th...,HP,Standard Notebook,62660,17.54,75990,4.3,0,Intel Core 5 Processor (13th Gen),8,1024,SSD,Integrated,15.6,Not Specified,Out of Stock,No,Windows 11 Home,Student / Everyday
Acer Aspire 7 Intel Core i5 12th Gen 1240P - (8 GB/512 GB SSD/Windows 11 Home/4 GB Graphics/NVIDIA GeF...,Acer,Standard Notebook,89999,0,89999,4.3,361,Intel Core i5 Processor (12th Gen),8,512,SSD,Integrated,15.6,Not Specified,In Stock,No,Windows 11,Student / Everyday
Lenovo IdeaPad 5 2-in-1 WUXGA IPS Intel Core i5 13th Gen 13420H - (16 GB/512 GB SSD/Windows 11 Home) 1...,Lenovo,2-in-1,89000,11,100000,4.3,5,Intel Core i5 Processor (13th Gen),16,512,SSD,Integrated,14,Not Specified,In Stock,Yes,Windows 11,Student / Everyday
HP 255 G10 (2025) AMD Ryzen 7 Octa Core 7730U - (16 GB/512 GB SSD/Windows 11 Home) 255 G10 Thin and Li...,HP,Thin & Light,75891,17.51,91999,4.1,48,AMD Ryzen 7 Octa Core,16,512,SSD,Integrated,15.6,Not Specified,In Stock,No,Windows 11 Home,Student / Everyday
HP OmniBook X AI PC Snapdragon Snapdragon X Elite - (16 GB/1 TB SSD/Windows 11 Home) 14-fe0121QU Thin ...,HP,Thin & Light,153945,0,153945,5,1,Snapdragon Snapdragon X Elite,16,1024,SSD,Integrated,14,Not Specified,In Stock,Yes,Windows 11,Student / Everyday
MSI Stealth 15 Intel Core i7 13th Gen 13620H - (16 GB/1 TB SSD/Windows 11 Home/6 GB Graphics/NVIDIA Ge...,MSI,Standard Notebook,162990,0,162990,4,1,Intel Core i7 Processor (13th Gen),16,1024,SSD,Integrated,15.6,Not Specified,In Stock,No,Windows 11,Student / Everyday
"ASUS Zenbook S 13 OLED 1 cm Thin & 1 kg Light, Intel EVO Intel Core i7 13th Gen 1335U - (16 GB/1 TB SS...",ASUS,Thin & Light,113460,25.84,152990,4.3,1,Intel Core i7 Processor (13th Gen),16,1024,SSD,Integrated,13.3,Not Specified,In Stock,No,Windows 11,Content Creation
HP 245 G10 (2025) AMD Ryzen 5 Quad Core 7520U - (8 GB/512 GB SSD/Windows 11 Pro) 245 G10 Thin and Ligh...,HP,Thin & Light,59990,1.64,60990,3.5,2,AMD Ryzen 5 Quad Core,8,512,SSD,Integrated,14,Not Specified,In Stock,No,Windows 11,Student / Everyday
ASUS Vivobook 15{2026} Intel Core i3 13th Gen 1315U - (16 GB/512 GB SSD/16 GB EMMC Storage/Windows 11 ...,ASUS,Standard Notebook,59999,19.99,74990,,,Intel Core i3 Processor (13th Gen),16,512,SSD,Integrated,15.6,Intel UHD Graphics,In Stock,No,Windows 11 Home,Student / Everyday
Lenovo Ideapad 330s Intel Core i5 8th Gen 8250U - (4 GB/1 TB HDD/Windows 10 Home/4 GB Graphics) 330S-1...,Lenovo,Standard Notebook,62594,0,62594,4,5,Intel Core i5 Processor (8th Gen),4,1024,HDD,Integrated,15.6,Not Specified,In Stock,No,Windows 10,Student / Everyday
Apple MacBook Air M3 - (16 GB/512 GB SSD/macOS Sonoma) MXCV3HN/A,Apple,Thin & Light,134900,0,134900,4.7,29,Apple M3,16,512,SSD,Integrated,13,Not Specified,In Stock,No,macOS,Student / Everyday
Lenovo V14 G3 (82TSA01KIH) Intel Core i3 12th Gen 1213U - (8 GB/512 GB SSD/DOS) V14 Laptop,Lenovo,Standard Notebook,57899,3.49,59990,4,8,Intel Core i3 Processor (12th Gen),8,512,SSD,Integrated,14,Not Specified,In Stock,No,DOS,Student / Everyday
MSI Modern 15 Intel Core i7 13th Gen 1355U - (16 GB/512 GB SSD/Windows 11 Home) Modern 15 B13M-288IN T...,MSI,Standard Notebook,64990,26.14,87990,4,8,Intel Core i7 Processor (13th Gen),16,512,SSD,Integrated,15.6,Not Specified,In Stock,No,Windows 11,Student / Everyday
Lenovo IdeaPad Slim 3i Intel Core i5 13th Gen 13420H - (8 GB/512 GB SSD/Windows 11 Home) 83K100CAIN Th...,Lenovo,Thin & Light,64999,23.53,85000,,,Intel Core i5 Processor (13th Gen),8,512,SSD,Integrated,15.3,Not Specified,In Stock,No,Windows 11 Home,Student / Everyday
Infinix Y3 Max Series Intel Core i7 12th Gen 1255U - (16 GB/512 GB SSD/Windows 11 Home) YL613 Thin and...,Infinix,Thin & Light,84990,0,84990,4.1,8,Intel Core i7 Processor (12th Gen),16,512,SSD,Integrated,16,Not Specified,In Stock,No,Windows 11,Student / Everyday
Acer Extensa 15 Intel Core i5 11th Gen 1135G7 - (8 GB/512 GB SSD/Windows 11 Home) EX 215-54-583M Thin ...,Acer,Thin & Light,61990,0,61990,4,27,Intel Core i5 Processor (11th Gen),8,512,SSD,Integrated,15.6,Not Specified,In Stock,No,Windows 11,Student / Everyday
ASUS TUF Gaming F16 (2025) with Office 2024 + M365 Basic* Intel Core i7 14th Gen 14650HX - (16 GB/1 TB...,ASUS,Gaming,186999,18.69,229990,5,3,Intel Core i7 Processor (14th Gen),16,1024,SSD,Integrated,16,Not Specified,In Stock,No,Windows 11 Home,Gaming
HP Professional 15 (2025) Intel Core i5 13th Gen 1334U - (8 GB/512 GB SSD/Windows 11 Home) 15 G10 Thin...,HP,Thin & Light,69250,27.1,94990,,,Intel Core i5 Processor (13th Gen),8,512,SSD,Integrated,15.6,Not Specified,In Stock,No,Windows 11 Home,Student / Everyday
ASUS Vivobook S14 OLED Intel Core i5 12th Gen 12500H - (16 GB/512 GB SSD/Windows 11 Home) S3402ZA-KM50...,ASUS,Thin & Light,70990,28.29,98990,4.4,461,Intel Core i5 Processor (12th Gen),16,512,SSD,Integrated,14,Not Specified,In Stock,No,Windows 11,Content Creation
ASUS Vivobook Go 14 (2026) with Office 2024 + M365 Basic AMD Ryzen 5 40 - (16 GB/512 GB SSD/Windows 11...,ASUS,Standard Notebook,75990,24,99990,,,AMD Ryzen 5,16,512,SSD,Integrated,14,Not Specified,In Stock,No,Windows 11 Home,Student / Everyday
Lenovo IdeaPad Slim 3 Intel Core i3 11th Gen 1115G4 - (8 GB/512 GB SSD/Windows 11 Home) 14ITL6 Thin an...,Lenovo,Thin & Light,58990,3.91,61390,4.1,14,Intel Core i3 Processor (11th Gen),8,512,SSD,Integrated,14,Not Specified,In Stock,No,Windows 11,Student / Everyday
Lenovo Yoga Slim 7 Ultra 7 155H WUXGA OLED Intel Core Ultra 7 155H - (16 GB/1 TB SSD/Windows 11 Home) ...,Lenovo,2-in-1,158900,15.02,186990,4.4,5,Intel Core Ultra 7,16,1024,SSD,Integrated,14,Not Specified,In Stock,Yes,Windows 11,Content Creation
HP 15s AMD Ryzen 3 Quad Core 5300U - (8 GB/512 GB SSD/Windows 11 Home) 15s-eq2143au Thin and Light Lap...,HP,Thin & Light,52980,3.66,54990,4.3,481,AMD Ryzen 3 Quad Core,8,512,SSD,Integrated,15.6,Not Specified,In Stock,No,Windows 11,Student / Everyday
Acer Aspire Intel Core i5 12th Gen - (16 GB/512 GB SSD/Windows 11 Home) AL15-52H Thin and Light Laptop,Acer,Thin & Light,69990,7.9,75990,,,Intel Core i5 Processor (12th Gen),16,512,SSD,Integrated,15.6,Not Specified,In Stock,No,Windows 11 Home,Student / Everyday
Lenovo Intel Core Ultra 7 14th Gen - (32 GB/1 TB SSD/Windows 11 Home) 15ILL9 Laptop,Lenovo,Standard Notebook,149890,30.12,214500,,,Intel Core Ultra 7 Processor (14th Gen),32,1024,SSD,Integrated,15,Not Specified,In Stock,Yes,Windows 11 Home,Student / Everyday
ASUS Vivobook 15 Intel Core i5 12th Gen 1235U - (16 GB/512 GB SSD/Windows 11 Home) X1504ZA-NJ549WS Thi...,ASUS,Standard Notebook,65511,5.74,69499,4.2,514,Intel Core i5 Processor (12th Gen),16,512,SSD,Integrated,15.6,Not Specified,In Stock,No,Windows 11,Student / Everyday
ASUS Vivobook Go 15 OLED AMD Ryzen 3 Quad Core 7320U - (8 GB/512 GB SSD/Windows 11 Home) E1504FA-LK323...,ASUS,Standard Notebook,45990,25.81,61990,4.4,501,AMD Ryzen 3 Quad Core,8,512,SSD,Integrated,15.6,Not Specified,In Stock,No,Windows 11 Home,Content Creation
DELL 15 Intel Core i3 12th Gen 1215U - (8 GB/512 GB SSD/Windows 11 Home) 3520 Thin and Light Laptop,Dell,Thin & Light,57990,13.43,66990,4.2,81,Intel Core i3 Processor (12th Gen),8,512,SSD,Integrated,15.6,Not Specified,In Stock,No,Windows 11,Student / Everyday
HP 15s Intel Core i5 12th Gen 1235U - (8 GB/512 GB SSD/Windows 11 Home) 15s-fy5002TU Thin and Light La...,HP,Thin & Light,70064,0,70064,4.3,388,Intel Core i5 Processor (12th Gen),8,512,SSD,Integrated,15.6,Not Specified,In Stock,No,Windows 11,Student / Everyday
HP Spectre Eyesafe Evo Intel Core i7 12th Gen 1255U - (16 GB/512 GB SSD/Windows 11 Home) ef0053TU Note...,HP,Standard Notebook,146135,0,146135,3.8,6,Intel Core i7 Processor (12th Gen),16,512,SSD,Integrated,13.5,Not Specified,In Stock,No,Windows 11,Student / Everyday
ASUS Vivobook 15 Intel Core i5 12th Gen 1235U - (16 GB/512 GB SSD/Windows 11 Home) X1502ZA-EJ545WS Thi...,ASUS,Standard Notebook,51990,30.67,74990,4.2,514,Intel Core i5 Processor (12th Gen),16,512,SSD,Integrated,15.6,Not Specified,In Stock,No,Windows 11,Student / Everyday
Lenovo IdeaPad Slim 5 WUXGA IPS Intel Core Ultra 5 125H - (16 GB/1 TB SSD/Windows 11 Home) 16IMH9 Thin...,Lenovo,Thin & Light,79890,28.15,111190,4,62,Intel Core Ultra 5,16,1024,SSD,Integrated,16,Not Specified,In Stock,No,Windows 11,Student / Everyday
HP 250R G10 (2025) (i3 14th Gen) Intel Core 3 14th Gen 100U - (24 GB/512 GB SSD/Windows 11 Home) 250R ...,HP,Standard Notebook,71443,19.73,88999,4.7,0,Intel Core 3 Processor (14th Gen),24,512,SSD,Integrated,15.6,Not Specified,In Stock,No,Windows 11 Home,Student / Everyday
"ASUS Gaming V16 (2025) with Office 2024 + M365 Basic*, AI PC, (i7 14th gen) Intel Core 7 240H - (16 GB...",ASUS,Gaming,92990,18.42,113990,4.4,11,Intel Core 7,16,512,SSD,Integrated,16,Not Specified,In Stock,No,Windows 11 Home,Gaming
Samsung Galaxy Book6 Pro Intel Core Ultra X7 Series 3 358H - (32 GB/1 TB SSD/Windows 11 Home) NP960XJG...,Samsung,Standard Notebook,305190,0,305190,,,Intel Core Ultra X7 Processor (Series 3),32,1024,SSD,Integrated,16,Not Specified,In Stock,Yes,Windows 11 Home,Student / Everyday
ASUS Vivobook Pro 16X OLED (2021) AMD Ryzen 9 Octa Core 5900HX - (16 GB/1 TB SSD/Windows 10 Home/4 GB ...,ASUS,Standard Notebook,162990,0,162990,4.3,2,AMD Ryzen 9 Octa Core,16,1024,SSD,Integrated,16,Not Specified,In Stock,No,Windows 10,Content Creation
"ASUS Vivobook S14 (2025) with Office 2024 + M365 Basic*, Backlit Keyboard, Intel Core i5 13th Gen 1342...",ASUS,Thin & Light,87578,22.5,112999,4.4,82,Intel Core i5 Processor (13th Gen),16,512,SSD,Integrated,14,Not Specified,In Stock,No,Windows 11 Home,Student / Everyday
ASUS Vivobook 15 Intel Core i3 12th Gen 1215U - (8 GB/512 GB SSD/Windows 11 Home) X1502ZA-EJ953WS Thin...,ASUS,Thin & Light,34990,38.6,56990,4.3,617,Intel Core i3 Processor (12th Gen),8,512,SSD,Integrated,15.6,Not Specified,In Stock,No,Windows 11,Student / Everyday
ASUS Vivobook 15 Intel Core i3 13th Gen 1315U - (8 GB/512 GB SSD/Windows 11 Home) X1504VA-NJ321WS Thin...,ASUS,Thin & Light,60769,10.5,67900,3.8,1,Intel Core i3 Processor (13th Gen),8,512,SSD,Integrated,15.6,Not Specified,In Stock,No,Windows 11,Student / Everyday
HP (i3 14th Gen) Intel Core 3 100U - (8 GB/512 GB SSD/Windows 11 Home) 15-fd1095TU Thin and Light Lapt...,HP,Thin & Light,57990,2.62,59552,4.4,2,Intel Core 3,8,512,SSD,Integrated,15.6,Not Specified,In Stock,No,Windows 11,Student / Everyday
Acer Nitro V AMD Ryzen 5 Hexa Core 7535HS - (16 GB/512 GB SSD/Windows 11 Home/6 GB Graphics/NVIDIA GeF...,Acer,Gaming,85999,0,85999,4.3,50,AMD Ryzen 5 Hexa Core,16,512,SSD,Integrated,15.6,Not Specified,In Stock,No,Windows 11,Gaming
DELL Inspiron 5440 (2025) Intel Core i3 13th Gen 1305U - (16 GB/512 GB SSD/Windows 11 Home) Inspiron 5...,Dell,Standard Notebook,68290,3.8,70990,4,26,Intel Core i3 Processor (13th Gen),16,512,SSD,Integrated,14,Not Specified,In Stock,No,Windows 11 Home,Student / Everyday
"ASUS Zenbook S 13 OLED 1 cm Thin & 1 kg Light, Intel EVO Intel Core i5 13th Gen 1335U - (16 GB/512 GB ...",ASUS,Thin & Light,125299,15.33,147990,4.2,3,Intel Core i5 Processor (13th Gen),16,512,SSD,Integrated,13.3,Not Specified,In Stock,No,Windows 11,Content Creation
DELL Inspiron MSO '2024 Intel Core i3 13th Gen 1305U - (8 GB/512 GB SSD/Windows 11 Home) Inspiron 3530...,Dell,Standard Notebook,52600,19.62,65442,4.1,24,Intel Core i3 Processor (13th Gen),8,512,SSD,Integrated,15.6,Not Specified,In Stock,No,Windows 11 Home,Student / Everyday
"Apple MacBook Pro (M5 Pro, 2026) M5 Pro - (24 GB/1 TB SSD/Tahoe) MGDR4HN/A",Apple,Standard Notebook,299900,0,299900,,,Apple M5 Pro,24,1024,SSD,Integrated,14,Not Specified,In Stock,No,macOS,Student / Everyday
MSI Vector GP78HX Intel Core i9 13th Gen 13980HX - (32 GB/2 TB SSD/Windows 11 Home/16 GB Graphics/NVID...,MSI,Standard Notebook,409990,0,409990,,,Intel Core i9 Processor (13th Gen),32,2048,SSD,Integrated,17,Not Specified,In Stock,No,Windows 11,Student / Everyday
Apple MacBook Air M3 - (8 GB/512 GB SSD/macOS Sonoma) MRYV3HN/A,Apple,Thin & Light,154900,0,154900,4.7,29,Apple M3,8,512,SSD,Integrated,15,Not Specified,In Stock,No,macOS,Student / Everyday
Lenovo Workstation P16s Intel Core i7 12th Gen 1260P - (16 GB/1 TB SSD/Windows 11 Pro/4 GB Graphics) T...,Lenovo,Standard Notebook,162373,0,162373,,,Intel Core i7 Processor (12th Gen),16,1024,SSD,Integrated,16,Not Specified,In Stock,No,Windows 11,Student / Everyday
ASUS Expertbook P1 with 1 Yr ADP (i5 14th Gen) Intel Core 5 210H - (32 GB/512 GB SSD/Windows 11 Home) ...,ASUS,Standard Notebook,88486,23.05,114990,4.2,13,Intel Core 5,32,512,SSD,Integrated,14,Not Specified,In Stock,No,Windows 11 Home,Business
Lenovo Yoga Slim 7 WUXGA OLED AI PC with 1Yr ADP Intel Core Ultra 7 155H - (32 GB/1 TB SSD/Windows 11 ...,Lenovo,2-in-1,140000,6.67,150000,4.3,5,Intel Core Ultra 7,32,1024,SSD,Integrated,14,Not Specified,In Stock,Yes,Windows 11,Content Creation
MSI Prestige 14 Intel Core i7 10th Gen 10510U - (16 GB/512 GB SSD/Windows 10 Home/2 GB Graphics) Prest...,MSI,Standard Notebook,109690,11.53,123990,3.9,14,Intel Core i7 Processor (10th Gen),16,512,SSD,Integrated,14,Not Specified,In Stock,No,Windows 10,Content Creation
DELL Inspiron 13 7000 Intel Core i5 8th Gen 8250U - (8 GB/256 GB SSD/Windows 10 Home) 7373 2 in 1 Lapt...,Dell,2-in-1,86339,0,86339,2.9,13,Intel Core i5 Processor (8th Gen),8,256,SSD,Integrated,13.3,Not Specified,In Stock,Yes,Windows 10,Student / Everyday
Acer Swift 14 AI Intel Core Ultra 5 - (16 GB/512 GB SSD/Windows 11 Home) SF14-51 Thin and Light Laptop,Acer,Thin & Light,111999,0,111999,2.6,1,Intel Core Ultra 5,16,512,SSD,Integrated,14,Not Specified,In Stock,No,Windows 11,Student / Everyday
Acer Swift 3 Intel Core i5 8th Gen 8265U - (8 GB/512 GB SSD/Windows 10 Home/2 GB Graphics) SF314-55G T...,Acer,Thin & Light,62589,0,62589,4.5,1203,Intel Core i5 Processor (8th Gen),8,512,SSD,Integrated,14,Not Specified,In Stock,No,Windows 10,Student / Everyday
Samsung Galaxy Book3 Pro 360 EVO AMOLED Intel Core i7 13th Gen 1360P - (16 GB/1 TB SSD/Windows 11 Home...,Samsung,Standard Notebook,198710,0,198710,4.4,2,Intel Core i7 Processor (13th Gen),16,1024,SSD,Integrated,16,Not Specified,In Stock,Yes,Windows 11,Content Creation
ASUS Vivobook 14 (2025) with Office 2024 + M365 Basic* Intel Core i5 13th Gen 1334U - (16 GB/512 GB SS...,ASUS,Standard Notebook,72990,15.12,85990,4.5,0,Intel Core i5 Processor (13th Gen),16,512,SSD,Integrated,14,Not Specified,In Stock,No,Windows 11 Home,Student / Everyday
Lenovo V 14 (2025) Intel Core i5 13th Gen 13420H - (16 GB/512 GB SSD/Windows 11 Home) V14 Thin and Lig...,Lenovo,Thin & Light,74999,0,75000,3.7,1,Intel Core i5 Processor (13th Gen),16,512,SSD,Integrated,14,Not Specified,In Stock,No,Windows 11 Home,Student / Everyday
DELL 15 Intel Core i5 13th Gen 1334U - (8 GB/512 GB SSD/Windows 11 Home) 3530 Thin and Light Laptop,Dell,Thin & Light,65490,6.43,69990,4.5,1,Intel Core i5 Processor (13th Gen),8,512,SSD,Integrated,15.6,Not Specified,In Stock,No,Windows 11,Student / Everyday
MSI Prestige 16 Evo AI PC Intel Core Ultra 7 155H - (16 GB/1 TB SSD/Windows 11 Home) Prestige 16 AI Ev...,MSI,Standard Notebook,119990,11.11,134990,4.8,0,Intel Core Ultra 7,16,1024,SSD,Integrated,16,Not Specified,In Stock,No,Windows 11,Student / Everyday
DELL XPS 13 Intel Core i7 8th Gen 8550U - (16 GB/512 GB SSD/Windows 10 Home) 9370 Thin and Light Lapto...,Dell,Thin & Light,139104,0,139104,1.7,0,Intel Core i7 Processor (8th Gen),16,512,SSD,Integrated,13.3,Not Specified,In Stock,No,Windows 10,Student / Everyday
ASUS Vivobook Go 15 AMD Ryzen 5 Quad Core 7520U - (8 GB/512 GB SSD/Windows 11 Home) E1504FA-NJ132WS | ...,ASUS,Standard Notebook,60207,10.13,66990,4.3,115,AMD Ryzen 5 Quad Core,8,512,SSD,Integrated,15.6,Not Specified,In Stock,No,Windows 11 Home,Student / Everyday
HP 255R G10 (2026) Professional DDR5 5600Mhz AMD Ryzen 3 Quad Core - (16 GB/512 GB SSD/Windows 11 Pro)...,HP,Standard Notebook,61991,6.06,65990,,,AMD Ryzen 3 Quad Core,16,512,SSD,Integrated,15.6,Not Specified,In Stock,No,Windows 11,Student / Everyday
DELL Alienware 15 Intel Core 7 14th Gen 240H - (16 GB/512 GB SSD/Windows 11 Home/8 GB Graphics/NVIDIA ...,Dell,Standard Notebook,169990,19.3,210649,,,Intel Core 7 Processor (14th Gen),16,512,SSD,Integrated,15.3,Not Specified,In Stock,No,Windows 11 Home,Student / Everyday
DELL G15 Intel Core i5 13th Gen 13450HX - (16 GB/512 GB SSD/Windows 11 Home/6 GB Graphics/NVIDIA GeFor...,Dell,Standard Notebook,93021,0,93021,4.2,97,Intel Core i5 Processor (13th Gen),16,512,SSD,Integrated,15.6,Not Specified,In Stock,No,Windows 11,Student / Everyday
MSI Thin A15 AMD Ryzen 7 Octa Core 7735HS - (16 GB/1 TB SSD/Windows 11 Home/4 GB Graphics/NVIDIA GeFor...,MSI,Thin & Light,92990,0,92990,4.3,11,AMD Ryzen 7 Octa Core,16,1024,SSD,Integrated,15.6,Not Specified,In Stock,No,Windows 11,Student / Everyday
Lenovo Legion Pro 5 WQXGA OLED Intel Core Ultra 9 275HX - (32 GB/1 TB SSD/Windows 11 Home/8 GB Graphic...,Lenovo,Gaming,234490,20.21,293890,4.4,8,Intel Core Ultra 9,32,1024,SSD,Integrated,16,Not Specified,In Stock,No,Windows 11 Home,Gaming
Acer Aspire 7 (i7 14th Gen) Intel Core 7 240H - (16 GB/512 GB SSD/Windows 11 Home/6 GB Graphics/NVIDIA...,Acer,Standard Notebook,79990,15.8,94999,4.1,13,Intel Core 7,16,512,SSD,Integrated,15.6,Not Specified,In Stock,No,Windows 11 Home,Student / Everyday
HP Pavilion AMD Ryzen 5 Hexa Core 5600H - (8 GB/512 GB SSD/Windows 10/4 GB Graphics/NVIDIA GeForce GTX...,HP,Standard Notebook,73990,9.33,81600,4.4,1336,AMD Ryzen 5 Hexa Core,8,512,SSD,Integrated,15.6,Not Specified,In Stock,No,Windows 10,Student / Everyday
ASUS TUF Gaming F15 - AI Powered Gaming Intel Core i5 11th Gen 11260H - (8 GB/512 GB SSD/Windows 11 Ho...,ASUS,Gaming,48990,35.53,75990,4.3,623,Intel Core i5 Processor (11th Gen),8,512,SSD,Integrated,15.6,Not Specified,In Stock,No,Windows 11,Gaming
HP OMEN (i7 14th Gen) Intel Core 7 240H - (24 GB/1 TB SSD/Windows 11 Home/8 GB Graphics/NVIDIA GeForce...,HP,Gaming,146134,0,146134,4.4,17,Intel Core 7,24,1024,SSD,Integrated,16,Not Specified,In Stock,No,Windows 11 Home,Gaming
ASUS TUF Gaming A15 (2025) AMD Ryzen 7 7445HS - (16 GB/512 GB SSD/Windows 11 Home/4 GB Graphics/NVIDIA...,ASUS,Gaming,68990,17.86,83990,4.4,221,AMD Ryzen 7,16,512,SSD,Integrated,15.6,Not Specified,In Stock,No,Windows 11 Home,Gaming
Acer Aspire 7 (i5 14th Gen) Intel Core 5 210H - (16 GB/512 GB SSD/Windows 11 Home/6 GB Graphics/NVIDIA...,Acer,Standard Notebook,96990,16.02,115490,4.2,18,Intel Core 5,16,512,SSD,Integrated,15.6,Not Specified,In Stock,No,Windows 11 Home,Student / Everyday
Lenovo LOQ Intel Core i5 12th Gen 12450HX - (12 GB/512 GB SSD/Windows 11 Home/4 GB Graphics/NVIDIA GeF...,Lenovo,Gaming,80090,0,80090,4.3,149,Intel Core i5 Processor (12th Gen),12,512,SSD,Integrated,15.6,Not Specified,In Stock,No,Windows 11,Gaming
"ASUS Gaming V16 (2025) for Creator with Office 2024 + M365 Basic*, AI PC(i5 14th gen) Intel Core 5 210...",ASUS,Gaming,89990,28.57,125990,4,6,Intel Core 5,16,512,SSD,Integrated,16,Not Specified,In Stock,No,Windows 11 Home,Gaming
Acer NITRO V 16S (i5 14th Gen) Intel Core 5 210H - (16 GB/512 GB SSD/Windows 11 Home/8 GB Graphics/NVI...,Acer,Gaming,127990,0.78,128999,4.5,29,Intel Core 5,16,512,SSD,Integrated,16,Not Specified,In Stock,No,Windows 11 Home,Gaming
HP HyperX Omen Intel Core i7 14th Gen 14650HX - (24 GB/1 TB SSD/Windows 11 Home/8 GB Graphics/NVIDIA G...,HP,Gaming,175328,21.02,221999,4.3,14,Intel Core i7 Processor (14th Gen),24,1024,SSD,Integrated,15.3,Not Specified,In Stock,No,Windows 11,Gaming
Lenovo Intel Core i7 13th Gen 13645HX - (16 GB/512 GB SSD/Windows 11 Home/6 GB Graphics/NVIDIA GeForce...,Lenovo,Standard Notebook,149994,16.2,178999,4.4,18,Intel Core i7 Processor (13th Gen),16,512,SSD,Integrated,15.6,Not Specified,In Stock,No,Windows 11 Home,Student / Everyday
HP Omen AI AMD Ryzen AI 7 Octa Core 350 - (24 GB/1 TB SSD/Windows 11 Home/8 GB Graphics/NVIDIA GeForce...,HP,Gaming,174237,0,174237,5,1,AMD Ryzen AI 7 Octa Core,24,1024,SSD,Integrated,16,Not Specified,In Stock,No,Windows 11 Home,Gaming
Lenovo LOQ 2025 Intel Core i7 14th Gen 14700HX - (16 GB/1 TB SSD/Windows 11 Home/8 GB Graphics/NVIDIA ...,Lenovo,Gaming,159990,9.14,176090,4.4,6,Intel Core i7 Processor (14th Gen),16,1024,SSD,Integrated,15.6,Not Specified,In Stock,No,Windows 11 Home,Gaming
HP Victus AMD Ryzen 7 Hexa Core 7445HS - (16 GB/512 GB SSD/Windows 11 Home/6 GB Graphics/NVIDIA GeForc...,HP,Gaming,110990,13.29,128000,4.4,19,AMD Ryzen 7 Hexa Core,16,512,SSD,Integrated,15.6,Not Specified,In Stock,No,Windows 11 Home,Gaming
ASUS ROG Strix G16 (2026) Intel Core Ultra 9 290HX Plus - (32 GB/1 TB SSD/Windows 11 Home/8 GB Graphic...,ASUS,Gaming,329990,11.29,371990,4.5,1,Intel Core Ultra 9,32,1024,SSD,Integrated,16,Not Specified,In Stock,No,Windows 11 Home,Gaming
Lenovo Legion 7 WQXGA OLED Intel Core Ultra 9 275HX - (32 GB/1 TB SSD/Windows 11 Home/8 GB Graphics/NV...,Lenovo,Gaming,253490,11.43,286190,4,0,Intel Core Ultra 9,32,1024,SSD,Integrated,16,Not Specified,In Stock,No,Windows 11 Home,Gaming
HP Victus Intel Core i7 13th Gen 13650 HX - (24 GB/512 GB SSD/Windows 11 Home/6 GB Graphics/NVIDIA GeF...,HP,Gaming,142990,25.91,192984,3.7,1,Intel Core i7 Processor (13th Gen),24,512,SSD,Integrated,15.6,Not Specified,In Stock,No,Windows 11 Home,Gaming
Lenovo Legion Pro 5 WUXGA IPS Intel Core i9 14900HX - (32 GB/1 TB SSD/Windows 11 Home/8 GB Graphics/NV...,Lenovo,Gaming,245490,25.99,331690,5,0,Intel Core i9,32,1024,SSD,Integrated,16,Not Specified,In Stock,No,Windows 11 Home,Gaming
MSI Raider GE66 Intel Core i7 12th Gen 12700H - (16 GB/1 TB SSD/Windows 11 Home/8 GB Graphics/NVIDIA G...,MSI,Standard Notebook,279990,0,279990,,,Intel Core i7 Processor (12th Gen),16,1024,SSD,Integrated,15.6,Not Specified,In Stock,No,Windows 11,Student / Everyday
Lenovo Lenovo Legion 9 Intel Core i9 14th Gen 14900HX - (64 GB/2 TB SSD/Windows 11 Home/16 GB Graphics...,Lenovo,Gaming,390999,34.82,599890,,,Intel Core i9 Processor (14th Gen),64,2048,SSD,Integrated,16,Not Specified,In Stock,No,Windows 11,Gaming
ASUS ROG Zephyrus Duo 16 OLED (2026) with Touch Screen Intel Core Ultra 9 386H - (64 GB/2 TB SSD/Windo...,ASUS,Gaming,729990,13.1,839990,,,Intel Core Ultra 9,64,2048,SSD,Integrated,16,Not Specified,In Stock,Yes,Windows 11 Home,Gaming
ASUS ROG Strix SCAR 18 (2026) Intel Core Ultra 9 290HX Plus - (32 GB/1 TB SSD/Windows 11 Home/16 GB Gr...,ASUS,Gaming,489990,11.23,551990,,,Intel Core Ultra 9,32,1024,SSD,Integrated,18,Not Specified,In Stock,No,Windows 11 Home,Gaming
Lenovo LOQ 2025 Intel Core i7 13th Gen 13645HX - (16 GB/1 TB SSD/Windows 11 Home/8 GB Graphics/NVIDIA ...,Lenovo,Gaming,177990,44.43,320290,4.5,32,Intel Core i7 Processor (13th Gen),16,1024,SSD,Integrated,15.6,Not Specified,In Stock,No,Windows 11 Home,Gaming
MSI Crosshair 16 HX AI Intel Core Ultra 9 275HX - (16 GB/1 TB SSD/Windows 11 Home/8 GB Graphics/NVIDIA...,MSI,Thin & Light,219990,0,219990,4.1,5,Intel Core Ultra 9,16,1024,SSD,Integrated,16,Not Specified,In Stock,No,Windows 11,Student / Everyday
ASUS ROG Strix G16 (2026) AMD Ryzen 9 16 Core 8940HX - (16 GB/1 TB SSD/Windows 11 Home/8 GB Graphics/N...,ASUS,Gaming,229990,5.74,243990,4.4,13,AMD Ryzen 9 16 Core,16,1024,SSD,Integrated,16,Not Specified,In Stock,No,Windows 11 Home,Gaming
Lenovo Legion Pro 7 Intel Core Ultra 9 9th Gen 275HX - (32 GB/1 TB SSD/Windows 11 Home/24 GB Graphics/...,Lenovo,Gaming,483490,9.69,535390,5,1,Intel Core Ultra 9 Processor (9th Gen),32,1024,SSD,Integrated,16,Not Specified,In Stock,No,Windows 11 Home,Gaming
HP Omen AMD Ryzen 7 Octa Core 7840HS - (16 GB/1 TB SSD/Windows 11 Home/6 GB Graphics/NVIDIA GeForce RT...,HP,Gaming,111915,11.11,125900,4.4,117,AMD Ryzen 7 Octa Core,16,1024,SSD,Integrated,16.1,Not Specified,In Stock,No,Windows 11,Gaming
MSI WF65 Intel Core i7 10th Gen 10750H - (16 GB/1 TB HDD/256 GB SSD/Windows 10 Pro/4 GB Graphics/NVIDI...,MSI,Standard Notebook,179990,0,179990,,,Intel Core i7 Processor (10th Gen),16,1280,SSD + HDD,Integrated,15.6,Not Specified,In Stock,No,Windows 10,Content Creation
ASUS TUF Gaming F16 (2026) Intel Core i5 14th Gen 14450HX - (16 GB/512 GB SSD/Windows 11 Home/8 GB Gra...,ASUS,Gaming,162990,24.54,215990,,,Intel Core i5 Processor (14th Gen),16,512,SSD,Integrated,16,Not Specified,In Stock,No,Windows 11 Home,Gaming
MSI Pulse 17 Intel Core i7 13th Gen 13700H - (16 GB/1 TB SSD/Windows 11 Home/8 GB Graphics/NVIDIA GeFo...,MSI,Standard Notebook,195990,0,195990,4.8,1,Intel Core i7 Processor (13th Gen),16,1024,SSD,Integrated,17.3,Not Specified,In Stock,No,Windows 11,Student / Everyday
DELL G3 Intel Core i7 10th Gen 10750H - (8 GB/512 GB SSD/Windows 10 Home/4 GB Graphics/NVIDIA GeForce ...,Dell,Standard Notebook,93971,0,93971,4.1,18,Intel Core i7 Processor (10th Gen),8,512,SSD,Integrated,15.6,Not Specified,In Stock,No,Windows 10,Student / Everyday
MSI Raider 18 HX Intel Core i9 14th Gen 14900HX - (32 GB/2 TB SSD/Windows 11 Home/12 GB Graphics/NVIDI...,MSI,Standard Notebook,379990,0,379990,,,Intel Core i9 Processor (14th Gen),32,2048,SSD,Integrated,18,Not Specified,In Stock,No,Windows 11,Student / Everyday
MSI Stealth GS66 Intel Core i7 12th Gen 12700H - (32 GB/1 TB SSD/Windows 11 Home/8 GB Graphics/NVIDIA ...,MSI,Standard Notebook,313990,0,313990,,,Intel Core i7 Processor (12th Gen),32,1024,SSD,Integrated,15.6,Not Specified,In Stock,No,Windows 11,Student / Everyday
"ASUS ProArt PX13 (2026) for Creator with Touch Screen, MSO 2024 + M365 Basic,AI PC AMD Ryzen AI Max+ -...",ASUS,Standard Notebook,334990,16.67,401990,3.3,1,AMD Ryzen AI Max+,128,1024,SSD,Integrated,13.3,Not Specified,In Stock,Yes,Windows 11 Home,Content Creation
Acer Predator Helios Neo 16 Intel Core i9 14th Gen 14900HX - (16 GB/1 TB SSD/Windows 11 Home/8 GB Grap...,Acer,Gaming,209999,7.08,225999,4.1,1,Intel Core i9 Processor (14th Gen),16,1024,SSD,Integrated,16,Not Specified,In Stock,No,Windows 11,Gaming
Acer Predator Helios 300 Intel Core i7 12th Gen 12700H - (16 GB/1 TB SSD/Windows 11 Home/6 GB Graphics...,Acer,Gaming,173309,3.18,179000,5,0,Intel Core i7 Processor (12th Gen),16,1024,SSD,Integrated,15.6,Not Specified,In Stock,No,Windows 11,Gaming
HP OMEN Intel Core i7 14th Gen 14700HX - (16 GB/1 TB SSD/Windows 11 Home/8 GB Graphics/NVIDIA GeForce ...,HP,Gaming,189599,4,197507,3.8,1,Intel Core i7 Processor (14th Gen),16,1024,SSD,Integrated,16.1,Not Specified,In Stock,No,Windows 11,Gaming
ASUS TUF Gaming F16 (2026) Intel Core i7 14th Gen 14650HX - (16 GB/1 TB SSD/Windows 11 Home/8 GB Graph...,ASUS,Gaming,220053,23.59,287990,,,Intel Core i7 Processor (14th Gen),16,1024,SSD,Integrated,16,Not Specified,In Stock,No,Windows 11 Home,Gaming
HP Intel Core i5 13th Gen - (16 GB/512 GB SSD/Windows 11 Home/6 GB Graphics/NVIDIA GeForce RTX NVIDIA ...,HP,Standard Notebook,116000,14.71,135999,,,Intel Core i5 Processor (13th Gen),16,512,SSD,Integrated,15.6,Not Specified,In Stock,No,Windows 11 Home,Student / Everyday
HP Victus AMD Ryzen 5 5600H - (8 GB/512 GB SSD/Windows 11 Home/4 GB Graphics/AMD Radeon RX 6500M) FB01...,HP,Gaming,96000,3.03,98999,,,AMD Ryzen 5,8,512,SSD,Integrated,15.6,Not Specified,In Stock,No,Windows 11,Gaming
Lenovo Legion 5 Intel Core i7 14th Gen 14650HX - (16 GB/1 TB SSD/Windows 11 Home/6 GB Graphics/NVIDIA ...,Lenovo,Gaming,184690,0,184690,4.3,3,Intel Core i7 Processor (14th Gen),16,1024,SSD,Integrated,16,Not Specified,In Stock,No,Windows 11,Gaming
ASUS AMD Ryzen 7 170 Processor AMD Ryzen 7 Octa Core AMD Ryzen™ 7 170 Processor 3.2GHz - (16 GB/1 TB S...,ASUS,Standard Notebook,113399,9.99,125990,,,AMD Ryzen 7 Octa Core,16,1024,SSD,Integrated,15.6,Not Specified,In Stock,No,Windows 11 Home,Student / Everyday
ASUS ROG Strix G16 (2026) Intel Core Ultra 7 255HX - (16 GB/1 TB SSD/Windows 11 Home/8 GB Graphics/NVI...,ASUS,Gaming,243907,15.31,287990,,,Intel Core Ultra 7,16,1024,SSD,Integrated,16,Not Specified,In Stock,No,Windows 11 Home,Gaming
ASUS Intel Ryzen 7 Octa Core 6th Gen - (16 GB/1 TB SSD/Windows 11 Home/8 GB Graphics/AMD Radeon ?AMD R...,ASUS,Standard Notebook,131000,22.48,168999,,,Intel Ryzen 7 Octa Core Processor (6th Gen),16,1024,SSD,Integrated,14,Not Specified,In Stock,No,Windows 11,Student / Everyday
ASUS ROG Strix G16 AMD Ryzen 9 16 Core 8940HX - (16 GB/1 TB SSD/Windows 11 Home/8 GB Graphics/NVIDIA G...,ASUS,Gaming,220003,4.35,230000,,,AMD Ryzen 9 16 Core,16,1024,SSD,Integrated,16,Not Specified,In Stock,No,Windows 11 Home,Gaming
HP OMEN Intel Core i7 11th Gen 11800H - (16 GB/1 TB SSD/Windows 11 Home/8 GB Graphics/NVIDIA GeForce R...,HP,Gaming,195210,0,195210,,,Intel Core i7 Processor (11th Gen),16,1024,SSD,Integrated,16.1,Not Specified,In Stock,No,Windows 10,Gaming
HP Victus AMD Ryzen 5 Hexa Core 5600H - (16 GB/512 GB SSD/Windows 11 Home/4 GB Graphics/AMD Radeon RX ...,HP,Gaming,63628,0,63628,4.2,145,AMD Ryzen 5 Hexa Core,16,512,SSD,Integrated,15.6,Not Specified,In Stock,No,Windows 11,Gaming
Lenovo LOQ 15IRX9. Intel Core i5 13th Gen 13450HX - (16 GB/512 GB SSD/Windows 11 Home/6 GB Graphics/NV...,Lenovo,Gaming,129990,13.34,150000,4,0,Intel Core i5 Processor (13th Gen),16,512,SSD,Integrated,15.6,Not Specified,In Stock,No,Windows 11 Home,Gaming
DELL G15 Intel Core i5 12th Gen 12500H - (8 GB/512 GB SSD/Windows 11 Home/4 GB Graphics/NVIDIA GeForce...,Dell,Standard Notebook,94990,13.65,110000,4.4,18,Intel Core i5 Processor (12th Gen),8,512,SSD,Integrated,15.6,Not Specified,In Stock,No,Windows 11,Student / Everyday
DELL Inspiron Intel Core i5 13th Gen 13450HX - (8 GB/512 GB SSD/Windows 11 Home/6 GB Graphics/NVIDIA G...,Dell,Standard Notebook,95990,20.01,120000,4,2,Intel Core i5 Processor (13th Gen),8,512,SSD,Integrated,15.6,Not Specified,In Stock,No,Windows 11,Student / Everyday
ASUS TUF Gaming A15 (2026) AMD Ryzen 7 155 - (16 GB/512 GB SSD/Windows 11 Home/4 GB Graphics/NVIDIA Ge...,ASUS,Gaming,99990,37.5,159990,,,AMD Ryzen 7,16,512,SSD,Integrated,15.6,Not Specified,In Stock,No,Windows 11 Home,Gaming
HP Victus AMD Ryzen 7 Hexa Core 7445H - (16 GB/512 GB SSD/Windows 11 Home/4 GB Graphics/NVIDIA GeForce...,HP,Gaming,93589,6.41,100000,4.3,7,AMD Ryzen 7 Hexa Core,16,512,SSD,Integrated,15.6,Not Specified,In Stock,No,Windows 11 Home,Gaming
HP 15 AMD Ryzen 7 Octa Core 7730U - (16 GB/512 GB SSD/Windows 11 Home) 15-fc0761AU Thin and Light Lapt...,HP,Thin & Light,76240,3.15,78718,4.5,8,AMD Ryzen 7 Octa Core,16,512,SSD,Integrated,15.6,Not Specified,In Stock,No,Windows 11 Home,Student / Everyday
ASUS Vivobook 15 (2025) with Office 2024 + M365 Basic* Intel Core i5 14th Gen 120U - (16 GB/512 GB SSD...,ASUS,Standard Notebook,69990,26.33,95000,,,Intel Core i5 Processor (14th Gen),16,512,SSD,Integrated,15.6,Not Specified,In Stock,No,Windows 11 Home,Student / Everyday
HP 15R (2025) Intel Core i3 13th Gen 1315U - (16 GB/512 GB SSD/Windows 11 Home) 15R G9 Thin and Light ...,HP,Thin & Light,68999,10.38,76990,4,6,Intel Core i3 Processor (13th Gen),16,512,SSD,Integrated,15.6,Not Specified,In Stock,No,Windows 11 Home,Student / Everyday
HP Qualcomm Snapdragon X - (16 GB/1 TB HDD/1 TB SSD/Windows 11 Home/16 GB Graphics) he0015QU Laptop,HP,Standard Notebook,85990,2.53,88225,,,Qualcomm Snapdragon X,16,2048,SSD + HDD,Integrated,14,Not Specified,In Stock,Yes,Windows 11,Student / Everyday
ASUS ROG Flow X13 with Radeon RX 6850M XT eGPU AMD Ryzen 7 Octa Core 6800HS - (32 GB/1 TB SSD/Windows ...,ASUS,Gaming,324659,14.79,380999,,,AMD Ryzen 7 Octa Core,32,1024,SSD,Integrated,13.4,Not Specified,In Stock,Yes,Windows 11,Gaming
ASUS ROG Flow Z13 (2025) with Office 2024 + M365 Basic* AMD Ryzen AI Max - (32 GB/1 TB SSD/Windows 11 ...,ASUS,Gaming,199990,16.67,239990,5,1,AMD Ryzen AI Max,32,1024,SSD,Integrated,13.4,Not Specified,Out of Stock,Yes,Windows 11 Home,Gaming
Acer Aspire Lite AMD Ryzen 3 Quad Core 5400U - (8 GB/256 GB SSD/Windows 11 Home) AL15-41 Thin and Ligh...,Acer,Thin & Light,39990,11.11,44990,4.1,21,AMD Ryzen 3 Quad Core,8,256,SSD,Integrated,15.6,Not Specified,In Stock,No,Windows 11,Student / Everyday
MOTOROLA Motobook 60 Pro Full Metal AI PC OLED Intel Core Ultra 5 225H - (16 GB/512 GB SSD/Windows 11 ...,Motorola,Standard Notebook,79990,44.83,145000,4.5,138,Intel Core Ultra 5,16,512,SSD,Integrated,14,Not Specified,In Stock,No,Windows 11,Content Creation
Apple MacBook Air M4 - (24 GB/512 GB SSD/macOS Sequoia) MC7D4HN/A,Apple,Thin & Light,151900,0,151900,4.8,21,Apple M4,24,512,SSD,Integrated,15.3,Not Specified,In Stock,No,macOS,Student / Everyday
Acer Aspire 3 Backlit AMD Ryzen 7 Octa Core 7730U - (16 GB/512 GB SSD/Windows 11 Home) Aspire AS15 - 4...,Acer,Standard Notebook,54990,24.67,72999,4.1,187,AMD Ryzen 7 Octa Core,16,512,SSD,Integrated,15.6,Not Specified,In Stock,No,Windows 11,Student / Everyday
"ASUS Vivobook 15 (2025) with Office 2024 + M365 Basic*, Intel Core i3 13th Gen 1315U - (16 GB/512 GB S...",ASUS,Standard Notebook,46990,14.55,54990,4.5,20,Intel Core i3 Processor (13th Gen),16,512,SSD,Integrated,15.6,Not Specified,In Stock,No,Windows 11 Home,Student / Everyday
Acer Aspire Lite AMD Ryzen 3 Quad Core 5400U - (8 GB/512 GB SSD/Windows 11 Home) AL15-41 Thin and Ligh...,Acer,Thin & Light,46990,6,49990,4.1,144,AMD Ryzen 3 Quad Core,8,512,SSD,Integrated,15.6,Not Specified,In Stock,No,Windows 11,Student / Everyday
Acer Aspire 15 AMD Office 2024 + M365 Basic AMD Ryzen 5 Hexa Core 7430U - (16 GB/512 GB SSD/Windows 11...,Acer,Standard Notebook,56990,5,59990,4.2,426,AMD Ryzen 5 Hexa Core,16,512,SSD,Integrated,15.6,Not Specified,In Stock,No,Windows 11,Student / Everyday
Samsung Galaxy Book5 AI Metal Intel Core Ultra 7 255U - (16 GB/512 GB SSD/Windows 11 Home) NP750XHD Th...,Samsung,Standard Notebook,96990,11.82,109990,4.5,81,Intel Core Ultra 7,16,512,SSD,Integrated,15.6,Not Specified,In Stock,No,Windows 11,Student / Everyday
DELL 15 (Previously Inspiron) (2026) AMD Ryzen 5 Hexa Core 7530U - (16 GB/512 GB SSD/Windows 11 Home) ...,Dell,Standard Notebook,69960,0.06,69999,4.3,331,AMD Ryzen 5 Hexa Core,16,512,SSD,Integrated,15,Not Specified,In Stock,No,Windows 11,Student / Everyday
Acer Aspire 3 Intel Celeron Dual Core - (8 GB/128 GB SSD/Windows 11 Home) A311-45 Thin and Light Lapto...,Acer,Thin & Light,35501,28.98,49990,3.8,1047,Intel Celeron Dual Core,8,128,SSD,Integrated,11.6,Not Specified,In Stock,No,Windows 11 Home,Student / Everyday
Acer Aspire 3 Intel Celeron Dual Core N4500 - (12 GB/512 GB SSD/Windows 11 Home) A324-45 Thin and Ligh...,Acer,Thin & Light,24990,24.27,32999,3.9,327,Intel Celeron Dual Core,12,512,SSD,Integrated,14,Not Specified,In Stock,No,Windows 11,Student / Everyday
Acer Aspire Lite AMD Ryzen 3 Quad Core 5300U - (16 GB/512 GB SSD/Windows 11 Home) AL15-41 Thin and Lig...,Acer,Thin & Light,47938,4.1,49990,4.1,144,AMD Ryzen 3 Quad Core,16,512,SSD,Integrated,15.6,Not Specified,In Stock,No,Windows 11,Student / Everyday
MOTOROLA Motobook 60 Pro Full Metal AI PC 2.8K OLED Intel Core Ultra 5 225H - (16 GB/512 GB SSD/Window...,Motorola,Standard Notebook,84990,19.05,104990,4.5,138,Intel Core Ultra 5,16,512,SSD,Integrated,14,Not Specified,In Stock,No,Windows 11,Content Creation
Acer ‎Acer One 14 AMD Ryzen 3 Quad Core 7320U - (8 GB/512 GB SSD/Windows 11 Home) A114-43 Thin and Lig...,Acer,Thin & Light,45502,8.98,49990,4,74,AMD Ryzen 3 Quad Core,8,512,SSD,Integrated,14,Not Specified,In Stock,No,Windows 11,Student / Everyday
Acer Swift Neo 14 Office 2024 + M365 Basic Intel Core Ultra 5 115U - (16 GB/512 GB SSD/Windows 11 Home...,Acer,Thin & Light,78990,1.26,79999,4.2,211,Intel Core Ultra 5,16,512,SSD,Integrated,14,Not Specified,In Stock,No,Windows 11 Home,Student / Everyday
Samsung Galaxy Book4 Metal Intel Core i5 13th Gen 1335U - (8 GB/512 GB SSD/Windows 11 Home) NP750XGJ-K...,Samsung,Standard Notebook,60990,22,78189,4.4,2184,Intel Core i5 Processor (13th Gen),8,512,SSD,Integrated,15.6,Not Specified,In Stock,No,Windows 11,Student / Everyday
Acer Swift Neo Office 2024 + M365 Basic Intel Core Ultra 5 115U - (16 GB/512 GB SSD/Windows 11 Home) S...,Acer,Thin & Light,99999,0,99999,4.2,211,Intel Core Ultra 5,16,512,SSD,Integrated,14,Not Specified,In Stock,No,Windows 11 Home,Student / Everyday
Acer Aspire Lite AMD Ryzen 5 Hexa Core 5625U - (16 GB/512 GB SSD/Windows 11 Home) AL15-41 Thin and Lig...,Acer,Thin & Light,56990,0.02,56999,4.1,260,AMD Ryzen 5 Hexa Core,16,512,SSD,Integrated,15.6,Not Specified,In Stock,No,Windows 11,Student / Everyday
Samsung Galaxy Book4 Edge Series Copilot AI-PC Full Metal Chasis Snapdragon X - (16 GB/512 GB SSD/Wind...,Samsung,Standard Notebook,74990,18.83,92390,4.4,414,Snapdragon X,16,512,SSD,Integrated,15.6,Not Specified,In Stock,No,Windows 11,Student / Everyday
Apple Macbook Neo A18 Pro(2026) A18 Pro - (8 GB/256 GB SSD/Tahoe) MHFH4HN/A,Apple,Standard Notebook,79900,0,79900,4.7,101,Apple A18 Pro,8,256,SSD,Integrated,13,Not Specified,In Stock,No,macOS,Student / Everyday
Lenovo IdeaPad Slim 3 with 1Yr ADP Intel Core i3 13th Gen 1315U - (8 GB/512 GB SSD/Windows 11 Home) 15...,Lenovo,Thin & Light,59799,1.31,60592,4.3,5,Intel Core i3 Processor (13th Gen),8,512,SSD,Integrated,15.6,Not Specified,In Stock,No,Windows 11 Home,Student / Everyday
walker Intel Celeron Dual Core N4020 - (4 GB/128 GB SSD/Windows 11 Home) NU14A1 Thin and Light Laptop,Walker,Thin & Light,30000,0,30000,3.7,214,Intel Celeron Dual Core,4,128,SSD,Integrated,14.1,Not Specified,In Stock,No,Windows 11,Student / Everyday
Lenovo IdeaPad Slim 3 with 1Yr ADP Snapdragon X - (16 GB/1 TB SSD/Windows 11 Home) 15Q8X10 Thin and Li...,Lenovo,Thin & Light,69000,30.37,99100,4.2,10,Snapdragon X,16,1024,SSD,Integrated,15.3,Not Specified,In Stock,No,Windows 11 Home,Student / Everyday
"ASUS Vivobook 16 (2025) with Office 2024 + M365 Basic, AI PC Intel Core Ultra 5 Series 2 225H - (16 GB...",ASUS,Standard Notebook,97490,1.43,98900,4.3,11,Intel Core Ultra 5 Processor (Series 2),16,512,SSD,Integrated,16,Not Specified,In Stock,No,Windows 11 Home,Student / Everyday
Lenovo IdeaPad Slim 3 AMD Ryzen 3 30 - (16 GB/512 GB SSD/Windows 11 Home) IdeaPad Slim 3 15AMN8 Thin a...,Lenovo,Thin & Light,57550,48.38,111490,4,0,AMD Ryzen 3,16,512,SSD,Integrated,15.6,Not Specified,In Stock,No,Windows 11 Home,Student / Everyday
ASUS Expertbook P3 Metal High-performance processor with 1 Yr ADP Intel Core i5 13th Gen 13420H - (16 ...,ASUS,Standard Notebook,73990,22.92,95990,4.4,83,Intel Core i5 Processor (13th Gen),16,512,SSD,Integrated,14,Not Specified,In Stock,No,Windows 11 Home,Business
DELL 15 (Previously Inspiron) Intel Core i5 13th Gen 1334U - (16 GB/512 GB SSD/Windows 11 Home) DC1525...,Dell,Standard Notebook,69990,4.66,73410,4.2,96,Intel Core i5 Processor (13th Gen),16,512,SSD,Integrated,15,Not Specified,In Stock,No,Windows 11,Student / Everyday
Acer Aspire Intel Core i5 12th Gen 12450H - (16 GB/512 GB SSD/Windows 11 Home) AL15-52H Thin and Light...,Acer,Thin & Light,56721,24.37,75000,4.1,236,Intel Core i5 Processor (12th Gen),16,512,SSD,Integrated,15.6,Not Specified,In Stock,No,Windows 11 Home,Student / Everyday
HP 15 (2025) AMD Athlon Dual Core 7120U - (8 GB/256 GB SSD/Windows 11 Home) 15 Thin and Light Laptop,HP,Thin & Light,47905,4.17,49990,4.1,37,AMD Athlon Dual Core,8,256,SSD,Integrated,15.6,Not Specified,In Stock,No,Windows 11 Home,Student / Everyday
DELL 15 (Previously Inspiron) (2025) Microsoft Office Home 2024 AMD Ryzen 5 Hexa Core 7530U - (16 GB/5...,Dell,Standard Notebook,69333,0.31,69549,4.3,331,AMD Ryzen 5 Hexa Core,16,512,SSD,Integrated,15.6,Not Specified,In Stock,No,Windows 11,Student / Everyday
"ASUS Vivobook S14 (2025) with Office 2024 + M365 Basic*, AI PC, Backlit Keyboard, Intel Core Ultra 5 2...",ASUS,Thin & Light,92990,6.06,98990,4.4,27,Intel Core Ultra 5,16,512,SSD,Integrated,14,Not Specified,In Stock,No,Windows 11 Home,Student / Everyday
"ASUS Vivobook 15 (2025) with Office 2024 + M365 Basic*, Backlit Keyboard, Intel Core i5 13th Gen 1335U...",ASUS,Standard Notebook,69990,12.5,79990,4.3,91,Intel Core i5 Processor (13th Gen),8,512,SSD,Integrated,15.6,Not Specified,In Stock,No,Windows 11,Student / Everyday
"ASUS Vivobook 15 (2026) with Office 2024 + M365 Basic*, AMD Ryzen 5 Hexa Core 150 - (16 GB/512 GB SSD/...",ASUS,Standard Notebook,72990,34.82,111990,4.4,15,AMD Ryzen 5 Hexa Core,16,512,SSD,Integrated,15.6,Not Specified,In Stock,No,Windows 11 Home,Student / Everyday
Primebook 2 Neo (2026) in-Built AI MediaTek Helio G99 (MT8781) - (6 GB/128 GB/Android 15) PBG9911128#B...,Primebook,Standard Notebook,26990,10,29990,4.3,158,MediaTek Helio G99 (MT8781),6,128,UFS,Integrated,11.6,Not Specified,In Stock,No,Not Specified,Student / Everyday
"ASUS Vivobook 14 (2025) with Office 2024 + M365 Basic*, AI PC, Backlit Keyboard, Intel Core Ultra 5 22...",ASUS,Standard Notebook,87011,6.43,92990,4.4,78,Intel Core Ultra 5,16,512,SSD,Integrated,14,Not Specified,In Stock,No,Windows 11 Home,Student / Everyday
DELL Inspiron 15 (2026) Microsoft Office Home 2024 Intel Core i5 13th Gen 1334U - (8 GB/512 GB SSD/Win...,Dell,Standard Notebook,64990,7.14,69990,4.2,96,Intel Core i5 Processor (13th Gen),8,512,SSD,Integrated,15.6,Not Specified,In Stock,No,Windows 11,Student / Everyday
DELL 14 (i5 14th Gen) Intel Core 5 210H - (16 GB/512 GB SSD/Windows 11 Home) 7440 / Inspiron 14 Plus T...,Dell,Standard Notebook,81646,0,81646,3.7,2,Intel Core 5,16,512,SSD,Integrated,14,Not Specified,In Stock,No,Windows 11,Student / Everyday
Acer Aspire AMD Ryzen 5 Hexa Core 7430U - (16 GB/1 TB SSD/Windows 11 Home) AS15-42 Thin and Light Lapt...,Acer,Thin & Light,62990,3.08,64990,4.2,426,AMD Ryzen 5 Hexa Core,16,1024,SSD,Integrated,15.6,Not Specified,In Stock,No,Windows 11 Home,Student / Everyday
ASUS Vivobook Go 15 (2026) with Office 2024 + M365 Basic* AMD Ryzen 5 40 - (16 GB/512 GB SSD/Windows 1...,ASUS,Standard Notebook,75990,24,99990,4.4,2,AMD Ryzen 5,16,512,SSD,Integrated,15.6,Not Specified,In Stock,No,Windows 11 Home,Student / Everyday
Acer Aspire Intel Core i5 13th Gen 13420H - (16 GB/512 GB SSD/Windows 11 Home) AL15-52H Thin and Light...,Acer,Thin & Light,64990,0,64990,3.6,1,Intel Core i5 Processor (13th Gen),16,512,SSD,Integrated,15.6,Not Specified,In Stock,No,Windows 11 Home,Student / Everyday
Thomson NEO Core Series Intel Core i3 12th Gen 1215U - (8 GB/512 GB SSD/Windows 11 Home) IN-N15I Thin ...,Thomson,Thin & Light,44990,0,44990,3.7,39,Intel Core i3 Processor (12th Gen),8,512,SSD,Integrated,15.6,Not Specified,In Stock,No,Windows 11,Student / Everyday
HP 14 AI PC Intel Core Ultra 7 155H - (16 GB/512 GB SSD/Windows 11 Home) 14-ep1151TU/14-gr1036TU/14-ep...,HP,Standard Notebook,90999,8.72,99687,4.1,108,Intel Core Ultra 7,16,512,SSD,Integrated,14,Not Specified,In Stock,No,Windows 11 Home,Student / Everyday
Lenovo V15 AMD Ryzen 5 Quad Core 7520U - (16 GB/512 GB SSD/Windows 11 Home) V15 Thin and Light Laptop,Lenovo,Thin & Light,68955,1.48,69990,4.2,163,AMD Ryzen 5 Quad Core,16,512,SSD,Integrated,15.6,Not Specified,In Stock,No,Windows 11,Student / Everyday
ASUS Vivobook Go 15 (2026) AMD Ryzen 5 40 - (16 GB/512 GB SSD/Windows 11 Home) E1504FA-IN2817WS Thin a...,ASUS,Thin & Light,75990,41.54,129990,,,AMD Ryzen 5,16,512,SSD,Integrated,15.6,Not Specified,In Stock,No,Windows 11 Home,Student / Everyday
DELL PRO 15 (2026) DDR5 5600Mhz (i3 14th Gen) Intel Core 3 14th Gen 100U - (8 GB/512 GB SSD/Windows 11...,Dell,Standard Notebook,53990,16.93,64990,3.6,4,Intel Core 3 Processor (14th Gen),8,512,SSD,Integrated,15.6,Not Specified,In Stock,No,Windows 11,Student / Everyday
Apple MacBook Air M3 - (24 GB/512 GB SSD/macOS Sequoia) MC8M4HN/A,Apple,Thin & Light,154900,0,154900,,,Apple M3,24,512,SSD,Integrated,13.6,Not Specified,In Stock,No,macOS,Student / Everyday
Apple MacBook Air M3 - (8 GB/256 GB SSD/macOS Sonoma) MRYM3HN/A,Apple,Thin & Light,134900,0,134900,4.7,29,Apple M3,8,256,SSD,Integrated,15,Not Specified,In Stock,No,macOS,Student / Everyday
ASUS Vivobook S16 AMD Ryzen 7 260 - (16 GB/512 GB SSD/Windows 11 Home) M3607HA-RP272WS Thin and Light ...,ASUS,Thin & Light,89990,18.92,110990,4.3,3,AMD Ryzen 7,16,512,SSD,Integrated,16,Not Specified,In Stock,No,Windows 11 Home,Student / Everyday
Acer Aspire 3 Intel Celeron Dual Core N4500 - (12 GB/512 GB SSD/Windows 11 Home) A325-45 Thin and Ligh...,Acer,Thin & Light,43000,14,49999,3.8,211,Intel Celeron Dual Core,12,512,SSD,Integrated,15.6,Not Specified,In Stock,No,Windows 11,Student / Everyday
"ASUS Zenbook A14 OLED (2025), MSO 2024 + M365 Basic, Metal Body, Backlit Keyboard, Snapdragon X - (16 ...",ASUS,Thin & Light,82090,33.25,122990,3.9,5,Snapdragon X,16,512,SSD,Integrated,14,Not Specified,In Stock,No,Windows 11 Home,Content Creation
Acer Aspire 3 Intel Core i3 12th Gen 1215U - (8 GB/512 GB SSD/Windows 11 Home) A315-59-36HE Thin and L...,Acer,Thin & Light,53991,10,59990,4.3,62,Intel Core i3 Processor (12th Gen),8,512,SSD,Integrated,15.6,Not Specified,In Stock,No,Windows 11,Student / Everyday
Acer Aspire 3 (2025) Intel Core i3 13th Gen 1305U - (16 GB/512 GB SSD/Windows 11 Home) Aspire 3 A325-5...,Acer,Standard Notebook,52990,32.92,78990,3.9,4,Intel Core i3 Processor (13th Gen),16,512,SSD,Integrated,15.6,Not Specified,In Stock,No,Windows 11 Home,Student / Everyday
DELL 15 (Core i3 14th Gen) Intel Core 3 - (16 GB/512 GB SSD/Windows 11 Home) DC15250 Thin and Light La...,Dell,Thin & Light,60720,19.04,75000,4.1,26,Intel Core 3,16,512,SSD,Integrated,15,Not Specified,In Stock,No,Windows 11,Student / Everyday
DELL Inspiron 15 MSO'24 Intel Core i5 13th Gen 1334U - (16 GB/1 TB SSD/Windows 11 Home) 15 DC15250 Thi...,Dell,Standard Notebook,79054,11.17,88999,4.1,13,Intel Core i5 Processor (13th Gen),16,1024,SSD,Integrated,15,Not Specified,In Stock,No,Windows 11,Student / Everyday
"ASUS Vivobook S14 (2025) with Backlit Keyboard, Metallic Design*, Intel Core Ultra 7 255H - (16 GB/512...",ASUS,Thin & Light,103990,37.35,165990,4.3,8,Intel Core Ultra 7,16,512,SSD,Integrated,14,Not Specified,In Stock,No,Windows 11 Home,Student / Everyday
Lenovo IdeaPad Slim 3 15ABR8 AMD Ryzen 5 Hexa Core 5625U - (16 GB/512 GB SSD/Windows 11 Home) 82XM00QD...,Lenovo,Thin & Light,63890,8.72,69990,4.4,7,AMD Ryzen 5 Hexa Core,16,512,SSD,Integrated,15.6,Not Specified,In Stock,No,Windows 11 Home,Student / Everyday
Lenovo AMD Ryzen 5 Hexa Core 7535HS - (16 GB/512 GB SSD/Windows 11 Home) IdeaPad Slim 5 13ARP10 Thin a...,Lenovo,Thin & Light,96990,38.26,157090,,,AMD Ryzen 5 Hexa Core,16,512,SSD,Integrated,13.3,Not Specified,In Stock,No,Windows 11 Home,Student / Everyday
HP 14s AMD Ryzen 5 Quad Core 3450U - (8 GB/512 GB SSD/Windows 10 Home) 14s-fr0012AU Thin and Light Lap...,HP,Thin & Light,58265,2.88,59990,4.5,27,AMD Ryzen 5 Quad Core,8,512,SSD,Integrated,14,Not Specified,In Stock,No,Windows 10,Student / Everyday
HP 15 Intel Core i5 13th Gen 1335U - (16 GB/512 GB SSD/Windows 11 Home) 15-fd0576TU / 15-fd0467TU Thin...,HP,Thin & Light,79990,6.98,85990,4.2,118,Intel Core i5 Processor (13th Gen),16,512,SSD,Integrated,15.6,Not Specified,In Stock,No,Windows 11 Home,Student / Everyday
Lenovo V15 AMD Ryzen 3 Quad Core 7320U - (8 GB/512 GB SSD/Windows 11 Home) V15 G4 AMN 1 Thin and Light...,Lenovo,Thin & Light,56390,6.35,60215,4.2,198,AMD Ryzen 3 Quad Core,8,512,SSD,Integrated,15.6,Not Specified,In Stock,No,Windows 11,Student / Everyday
HP 15 (i5 14th Gen) Intel Core 5 120U - (8 GB/512 GB SSD/Windows 11 Home) 15-fd1096TU Thin and Light L...,HP,Thin & Light,74899,6.36,79990,4.7,0,Intel Core 5,8,512,SSD,Integrated,15.6,Not Specified,In Stock,No,Windows 11,Student / Everyday
Lenovo IdeaPad Slim 3 with 1Yr ADP Intel Core i5 12th Gen 12450H - (8 GB/512 GB SSD/Windows 11 Home) 1...,Lenovo,Thin & Light,66090,0,66090,4.2,136,Intel Core i5 Processor (12th Gen),8,512,SSD,Integrated,14,Not Specified,In Stock,No,Windows 11,Student / Everyday
ASUS Vivobook Go 15 AMD Ryzen 3 Quad Core 7320U - (8 GB/512 GB SSD/Windows 11 Home) E1504FA-NJ321WS Th...,ASUS,Standard Notebook,42990,15.69,50990,4.3,298,AMD Ryzen 3 Quad Core,8,512,SSD,Integrated,15.6,Not Specified,In Stock,No,Windows 11,Student / Everyday
HP 14s AMD Ryzen 5 Hexa Core 5500U - (8 GB/512 GB SSD/Windows 10 Home) 14s-fq1030AU Thin and Light Lap...,HP,Thin & Light,55750,15.74,66162,4.3,72,AMD Ryzen 5 Hexa Core,8,512,SSD,Integrated,14,Not Specified,In Stock,No,Windows 10,Student / Everyday
ASUS Vivobook 15 (2026) Intel Core 5 120U - (8 GB/512 GB SSD/Windows 11 Home) X1504VAP-IN011WS Thin an...,ASUS,Thin & Light,75990,52.5,159990,4.3,0,Intel Core 5,8,512,SSD,Integrated,15.6,Not Specified,In Stock,No,Windows 11 Home,Student / Everyday
Acer Aspire 14 Office 2024 + M365 Basic Intel Core i7 13th Gen 13620H - (16 GB/512 GB SSD/Windows 11 H...,Acer,Standard Notebook,84999,0,84999,4.3,25,Intel Core i7 Processor (13th Gen),16,512,SSD,Integrated,14,Not Specified,In Stock,No,Windows 11 Home,Student / Everyday
Acer Aspire 3 AMD Ryzen 3 Quad Core - (8 GB/512 GB SSD/Windows 11 Home) Aspire Thin and Light Laptop,Acer,Thin & Light,45990,8,49990,3.8,0,AMD Ryzen 3 Quad Core,8,512,SSD,Integrated,15.6,Not Specified,In Stock,No,Windows 11,Student / Everyday
Lenovo IdeaPad Slim 1 AMD Ryzen 5 Hexa Core 5500U - (16 GB/512 GB SSD/Windows 11 Home) 15ALC7 / 15ALC6...,Lenovo,Thin & Light,62890,2.23,64323,4.2,597,AMD Ryzen 5 Hexa Core,16,512,SSD,Integrated,15.6,Not Specified,In Stock,No,Windows 11,Student / Everyday
Lenovo IdeaPad Slim 1 AMD Ryzen 5 Hexa Core 5500U - (8 GB/512 GB SSD/Windows 11 Home) 15ACL6 | 15ALC7 ...,Lenovo,Thin & Light,59675,2.17,61000,4.2,597,AMD Ryzen 5 Hexa Core,8,512,SSD,Integrated,15.6,Not Specified,In Stock,No,Windows 11,Student / Everyday
"Apple MacBook Pro (M5 Pro, 2026) M5 Pro - (24 GB/1 TB SSD/Tahoe) MGDN4HN/A",Apple,Standard Notebook,299900,0,299900,,,Apple M5 Pro,24,1024,SSD,Integrated,14,Not Specified,In Stock,No,macOS,Student / Everyday
HP Intel Core i3 13th Gen 1315U - (8 GB/512 GB SSD/Windows 11 Home) 15-fd0569TU Thin and Light Laptop,HP,Thin & Light,57890,17.29,69990,4.2,7,Intel Core i3 Processor (13th Gen),8,512,SSD,Integrated,15.6,Not Specified,In Stock,No,Windows 11 Home,Student / Everyday
Lenovo IdeaPad Slim 3 Intel Core i5 12th Gen 12450H - (16 GB/512 GB SSD/Windows 11 Home) 14IAH8 Thin a...,Lenovo,Thin & Light,69890,0,69890,4.2,136,Intel Core i5 Processor (12th Gen),16,512,SSD,Integrated,14,Not Specified,In Stock,No,Windows 11,Student / Everyday
"ASUS Vivobook 16 (2026) AI PC with Office 2024 + M365 Basic*, Copilot+ PC AMD Ryzen AI 7 Hexa Core 445...",ASUS,Standard Notebook,92990,26.77,126990,4.7,2,AMD Ryzen AI 7 Hexa Core,16,512,SSD,Integrated,16,Not Specified,In Stock,No,Windows 11 Home,Student / Everyday
Acer Aspire 3 Intel Core i3 12th Gen 1215U - (8 GB/512 GB SSD/Windows 11 Home) A325-51 Thin and Light ...,Acer,Thin & Light,47990,7.69,51990,4.2,3,Intel Core i3 Processor (12th Gen),8,512,SSD,Integrated,15.6,Not Specified,In Stock,No,Windows 11 Home,Student / Everyday
HP 15 (2025) AMD Ryzen 3 Quad Core 7320U - (8 GB/512 GB SSD/Windows 11 Home) 15 Thin and Light Laptop,HP,Thin & Light,51990,13.34,59990,4.4,3,AMD Ryzen 3 Quad Core,8,512,SSD,Integrated,15.6,Not Specified,In Stock,No,Windows 11 Home,Student / Everyday
Acer Aspire One Intel Celeron Dual Core N4500 - (12 GB/256 GB SSD/Windows 11 Home) A114-45 Thin and Li...,Acer,Thin & Light,43000,12.24,48999,3.4,2,Intel Celeron Dual Core,12,256,SSD,Integrated,14,Not Specified,In Stock,No,Windows 11,Student / Everyday
DELL 15 AMD Ryzen 5 Quad Core 7520U - (8 GB/512 GB SSD/Windows 11 Home) 3535 Thin and Light Laptop,Dell,Thin & Light,55990,0,55990,4.1,6,AMD Ryzen 5 Quad Core,8,512,SSD,Integrated,15.6,Not Specified,In Stock,No,Windows 11,Student / Everyday
Lenovo IdeaPad Slim 3 Backlit Intel Core i5 12th Gen 12450H - (16 GB/512 GB SSD/Windows 11 Home) 15IAH...,Lenovo,Thin & Light,70481,29.52,100000,4.3,97,Intel Core i5 Processor (12th Gen),16,512,SSD,Integrated,15.6,Not Specified,In Stock,No,Windows 11,Student / Everyday
ASUS Vivobook 15 (2025) with Office 2024 + M365 Basic* Intel Core i3 13th Gen - (16 GB/512 GB SSD/Wind...,ASUS,Standard Notebook,46990,14.55,54990,4.3,118,Intel Core i3 Processor (13th Gen),16,512,SSD,Integrated,15.6,Not Specified,In Stock,No,Windows 11 Home,Student / Everyday
ASUS Vivobook 16 (2025) with Office 2024 + M365 Basic* Intel Core i7 13th Gen 13620H - (16 GB/512 GB S...,ASUS,Standard Notebook,89975,14.3,104990,4.1,9,Intel Core i7 Processor (13th Gen),16,512,SSD,Integrated,16,Not Specified,In Stock,No,Windows 11 Home,Student / Everyday
HP 15s AMD Ryzen 5 Quad Core 7520U - (8 GB/512 GB SSD/Windows 11 Home) 15-fc0028AU Thin and Light Lapt...,HP,Thin & Light,58990,6.97,63413,4.1,20,AMD Ryzen 5 Quad Core,8,512,SSD,Integrated,15.6,Not Specified,In Stock,No,Windows 11,Student / Everyday
Acer One 14 AMD Ryzen 3 Dual Core 3250U - (8 GB/512 GB SSD/Windows 11 Home) Z2-493 Thin and Light Lapt...,Acer,Thin & Light,41300,17.38,49990,3.7,11,AMD Ryzen 3 Dual Core,8,512,SSD,Integrated,14,Not Specified,In Stock,No,Windows 11,Student / Everyday
HP G10 AMD Ryzen 3 Quad Core 7320U - (16 GB/512 GB SSD/Windows 11 Home) 255 G10 Thin and Light Laptop,HP,Thin & Light,62990,0.01,62999,4,21,AMD Ryzen 3 Quad Core,16,512,SSD,Integrated,15.6,Not Specified,In Stock,No,Windows 11,Student / Everyday
"ASUS Zenbook 14 OLED (2025) with Touch Screen, Backlit Keyboard, Full Metal Body, Intel Core Ultra 5 2...",ASUS,Thin & Light,127990,5.88,135990,4.6,4,Intel Core Ultra 5,16,1024,SSD,Integrated,14,Not Specified,In Stock,Yes,Windows 11 Home,Content Creation
HP 255 G10 AMD Athlon Dual Core 7120U - (8 GB/256 GB SSD/Windows 11 Home) 255 G10 Thin and Light Lapto...,HP,Thin & Light,47775,4.43,49990,4,30,AMD Athlon Dual Core,8,256,SSD,Integrated,15.6,Not Specified,In Stock,No,Windows 11,Student / Everyday
Lenovo Idea Pad Slim 3 Intel Core i7 13th Gen 13620H - (16 GB/512 GB SSD/Windows 11 Home) 83K100C9IN T...,Lenovo,Thin & Light,87505,4.57,91699,3.9,0,Intel Core i7 Processor (13th Gen),16,512,SSD,Integrated,15.3,Not Specified,In Stock,No,Windows 11 Home,Student / Everyday
Lenovo IdeaPad 1 MSO'2024 AMD Ryzen 5 Hexa Core 5625U AMD Ryzen 5 Hexa Core 5625U - (16 GB/512 GB SSD/...,Lenovo,Standard Notebook,61900,0.15,61990,4.3,71,AMD Ryzen 5 Hexa Core,16,512,SSD,Integrated,15.6,Not Specified,In Stock,No,Windows 11,Student / Everyday
DELL Inspiron 15 Intel Core i5 1334U - (16 GB/512 GB SSD/Windows 11 Home) 3530 Thin and Light Laptop,Dell,Thin & Light,69890,0.02,69906,4.2,7,Intel Core i5,16,512,SSD,Integrated,15.6,Not Specified,In Stock,No,Windows 11,Student / Everyday
ASUS Vivobook Go 14 AMD Ryzen 5 Quad Core 7520U - (8 GB/512 GB SSD/Windows 11 Home) E1404FA-NK521WS | ...,ASUS,Standard Notebook,59699,5.22,62990,4.5,3,AMD Ryzen 5 Quad Core,8,512,SSD,Integrated,14,Not Specified,In Stock,No,Windows 11,Student / Everyday
HP MS Office 2024 AMD Ryzen 7 Octa Core - (16 GB/512 GB SSD/Windows 11 Home) 15-fc1038AU Thin and Ligh...,HP,Thin & Light,78819,14.32,91990,,,AMD Ryzen 7 Octa Core,16,512,SSD,Integrated,15.6,Not Specified,In Stock,No,Windows 11,Student / Everyday
ASUS Expertbook P3 Metal High-performance processor with 1 Yr ADP Intel Core i7 13th Gen 13620H - (32 ...,ASUS,Standard Notebook,92990,22.5,119990,4.3,43,Intel Core i7 Processor (13th Gen),32,1024,SSD,Integrated,14,Not Specified,In Stock,No,Windows 11 Home,Business
DELL Inspiron Intel Core i5 13th Gen 1334U - (8 GB/512 GB SSD/Windows 11 Home) 3530 Thin and Light Lap...,Dell,Thin & Light,64990,7.14,69990,4.3,1,Intel Core i5 Processor (13th Gen),8,512,SSD,Integrated,15.6,Not Specified,In Stock,No,Windows 11,Student / Everyday
DELL Inspiron 3530 Intel Core i7 13th Gen 1355U - (16 GB/512 GB SSD/Windows 11 Home) Inspiron 3530 Thi...,Dell,Standard Notebook,92990,2.11,94990,4.3,14,Intel Core i7 Processor (13th Gen),16,512,SSD,Integrated,15.6,Not Specified,In Stock,No,Windows 11 Home,Student / Everyday
Lenovo IdeaPad Slim 3 Intel Core i5 12th Gen 12450H - (8 GB/512 GB SSD/Windows 11 Home) 15IAH8 Thin an...,Lenovo,Thin & Light,68990,1.43,69990,4.3,60,Intel Core i5 Processor (12th Gen),8,512,SSD,Integrated,15.6,Not Specified,In Stock,No,Windows 11,Student / Everyday
DELL Inspiron 3520 Intel Core i3 12th Gen 1215U - (8 GB/512 GB SSD/Windows 11 Home) New Inspiron 15 La...,Dell,Standard Notebook,57474,16.7,68999,4.3,356,Intel Core i3 Processor (12th Gen),8,512,SSD,Integrated,15.6,Not Specified,In Stock,No,Windows 11,Student / Everyday
Lenovo IdeaPad Slim 5 Intel Core i5 12th Gen 12450H - (16 GB/1 TB SSD/Windows 11 Home) 14IAH8 Thin and...,Lenovo,Thin & Light,78590,0,78590,4.2,64,Intel Core i5 Processor (12th Gen),16,1024,SSD,Integrated,14,Not Specified,In Stock,No,Windows 11,Student / Everyday
"ASUS Vivobook 14 (2025) with Office 2024 + M365 Basic*, Backlit Keyboard, Intel Core i3 13th Gen 1315U...",ASUS,Standard Notebook,61501,6.82,65999,4.1,11,Intel Core i3 Processor (13th Gen),8,512,SSD,Integrated,14,Not Specified,In Stock,No,Windows 11 Home,Student / Everyday
"Apple MacBook Air (M5, 2026) M5 - (16 GB/1 TB SSD/Tahoe) MDHF4HN/A",Apple,Thin & Light,185900,0,185900,4.7,149,Apple M5,16,1024,SSD,Integrated,13.6,Not Specified,In Stock,No,macOS,Student / Everyday
Acer Aspire 3 Intel Core i3 13th Gen 1305U - (8 GB/512 GB SSD/Windows 11 Home) A324-53 Thin and Light ...,Acer,Thin & Light,49850,3.71,51771,4.3,293,Intel Core i3 Processor (13th Gen),8,512,SSD,Integrated,14,Not Specified,In Stock,No,Windows 11,Student / Everyday
HP 15s AMD Ryzen 5 Quad Core 7520U - (16 GB/512 GB SSD/Windows 11 Home) 15-fc0030AU | 15-fc0690AU Thin...,HP,Thin & Light,57970,0,57970,4.4,1,AMD Ryzen 5 Quad Core,16,512,SSD,Integrated,15.6,Not Specified,Out of Stock,No,Windows 11,Student / Everyday
Acer One Intel Core i3 11th Gen 1115G4 - (8 GB/256 GB SSD/Windows 11 Home) One 14 Z8-415 Thin and Ligh...,Acer,Thin & Light,50884,16.57,60990,4.2,985,Intel Core i3 Processor (11th Gen),8,256,SSD,Integrated,14,Not Specified,In Stock,No,Windows 11,Student / Everyday
Lenovo Intel Core i3 10th Gen 10110U - (8 GB/1 TB HDD/Windows 11 Home) 81WB018UIN | 81WB01E7IN Thin an...,Lenovo,Thin & Light,34939,39.76,57999,3.7,52,Intel Core i3 Processor (10th Gen),8,1024,HDD,Integrated,15.6,Not Specified,In Stock,No,Windows 11,Student / Everyday
Acer Swift Lite 14 Intel Core Ultra 5 115U - (16 GB/512 GB SSD/Windows 11 Home) SFL14-54M Thin and Lig...,Acer,Thin & Light,84999,0,84999,4.2,211,Intel Core Ultra 5,16,512,SSD,Integrated,14,Not Specified,In Stock,No,Windows 11 Home,Student / Everyday
ASUS Vivobook Ultra 14 Intel Core i3 10th Gen 1005G1 - (4 GB/512 GB SSD/Windows 11 Home) X413JA-EK267T...,ASUS,Standard Notebook,49990,0,49990,4.4,521,Intel Core i3 Processor (10th Gen),4,512,SSD,Integrated,14,Not Specified,In Stock,No,Windows 11 Home,Student / Everyday
HP Intel Core i3 - (8 GB/512 GB SSD/Windows 11 Home) 14-ep0343TU Thin and Light Laptop,HP,Thin & Light,57279,13.08,65900,4.1,0,Intel Core i3,8,512,SSD,Integrated,14,Not Specified,In Stock,No,Windows 11 Home,Student / Everyday
Apple MacBook Air M3 - (24 GB/512 GB SSD/macOS Sequoia) MC8N4HN/A,Apple,Thin & Light,154900,0,154900,,,Apple M3,24,512,SSD,Integrated,13.6,Not Specified,In Stock,No,macOS,Student / Everyday
Lenovo IdeaPad Slim 3 Intel Core i3 13th Gen 1315U - (8 GB/512 GB SSD/Windows 11 Home) IdeaPad Slim 3 ...,Lenovo,Thin & Light,55490,54.33,121490,,,Intel Core i3 Processor (13th Gen),8,512,SSD,Integrated,15.6,Not Specified,In Stock,No,Windows 11 Home,Student / Everyday
Lenovo V 14 (2025) Intel Core i5 13th Gen 13420H - (16 GB/512 GB SSD/Windows 11 Pro) V14 Thin and Ligh...,Lenovo,Thin & Light,75999,14.61,88999,4,2,Intel Core i5 Processor (13th Gen),16,512,SSD,Integrated,14,Not Specified,In Stock,No,Windows 11,Student / Everyday
HP 15s AMD Ryzen 5 Quad Core 7520U - (8 GB/512 GB SSD/Windows 11 Home) 15-fc0029AU Thin and Light Lapt...,HP,Thin & Light,58999,7.77,63969,4.2,13,AMD Ryzen 5 Quad Core,8,512,SSD,Integrated,15.6,Not Specified,In Stock,No,Windows 11,Student / Everyday
Lenovo AMD Ryzen 3 Quad Core 7330U - (8 GB/512 GB SSD/Windows 11 Home) ThinkBook 15 G5 Thin and Light ...,Lenovo,Thin & Light,54811,10.44,61200,4.2,6,AMD Ryzen 3 Quad Core,8,512,SSD,Integrated,15.6,Not Specified,In Stock,No,Windows 11,Student / Everyday
Infinix Y4 Max Series Intel Core i3 13th Gen 1315U - (16 GB/512 GB SSD/Windows 11 Home) YL613 Thin and...,Infinix,Thin & Light,59990,0,59990,4.3,58,Intel Core i3 Processor (13th Gen),16,512,SSD,Integrated,16,Not Specified,In Stock,No,Windows 11,Student / Everyday
ASUS VivoBook 14 Intel Core i3 11th Gen 1115G4 - (8 GB/256 GB SSD/Windows 11 Home) X415EA-EK342WS Thin...,ASUS,Thin & Light,50990,0,50990,4.3,59,Intel Core i3 Processor (11th Gen),8,256,SSD,Integrated,14,Not Specified,In Stock,No,Windows 11,Student / Everyday
ASUS Expertbook P1 with 1 Yr ADP Intel Core i5 13th Gen 13420H - (32 GB/512 GB SSD/Windows 11 Home) P1...,ASUS,Standard Notebook,71990,37.39,114990,4.3,24,Intel Core i5 Processor (13th Gen),32,512,SSD,Integrated,15.6,Not Specified,In Stock,No,Windows 11 Home,Business
ASUS Vivobook Go 14 (2025) with Office 2024 + M365 Basic* AMD Ryzen 5 Quad Core 7520U - (16 GB/512 GB ...,ASUS,Standard Notebook,70500,7.22,75990,4.4,5,AMD Ryzen 5 Quad Core,16,512,SSD,Integrated,14,Not Specified,In Stock,No,Windows 11 Home,Student / Everyday
MSI Modern 14 Intel Core i3 13th Gen 1315U - (8 GB/512 GB SSD/Windows 11 Home) 14 C13M-115IN / 14 C13M...,MSI,Standard Notebook,62658,0.53,62990,4.4,34,Intel Core i3 Processor (13th Gen),8,512,SSD,Integrated,14,Not Specified,In Stock,No,Windows 11,Student / Everyday
Acer Aspire 3 Backlit Intel Core i5 12th Gen 1235U - (16 GB/512 GB SSD/Windows 11 Home) A324-51 Thin a...,Acer,Thin & Light,53000,0,53000,4.2,217,Intel Core i5 Processor (12th Gen),16,512,SSD,Integrated,14,Not Specified,In Stock,No,Windows 11,Student / Everyday
HP 15s Intel Core i5 11th Gen 1135G7 - (8 GB/512 GB SSD/Windows 10 Home) 15s-FQ2535TU Thin and Light L...,HP,Thin & Light,66688,0,66688,4.4,81,Intel Core i5 Processor (11th Gen),8,512,SSD,Integrated,15.6,Not Specified,In Stock,No,Windows 10,Student / Everyday
Lenovo IdeaPad Slim 3 Intel Core i5 12th Gen 1235U - (16 GB/512 GB SSD/Windows 11 Home) 15IAU7 Thin an...,Lenovo,Thin & Light,51990,37.92,83743,4.2,145,Intel Core i5 Processor (12th Gen),16,512,SSD,Integrated,15.6,Not Specified,In Stock,No,Windows 11,Student / Everyday
DELL 15 Intel Core i5 13th Gen 1334U - (16 GB/512 GB SSD/Windows 11 Home) 3530 Thin and Light Laptop,Dell,Thin & Light,78990,8.14,85990,4.3,1,Intel Core i5 Processor (13th Gen),16,512,SSD,Integrated,15.6,Not Specified,In Stock,No,Windows 11,Student / Everyday
Acer Aspire 3 AMD Ryzen 3 Quad Core 7320U - (8 GB/512 GB SSD/Windows 11 Home) A315-24P Thin and Light ...,Acer,Thin & Light,46990,6,49990,4.3,77,AMD Ryzen 3 Quad Core,8,512,SSD,Integrated,15.6,Not Specified,In Stock,No,Windows 11,Student / Everyday
Samsung Galaxy Book6 Ultra Intel Core Ultra 7 Series 3 356H - (32 GB/1 TB SSD/Windows 11 Home) NP960UJ...,Samsung,Standard Notebook,417190,0,417190,,,Intel Core Ultra 7 Processor (Series 3),32,1024,SSD,Integrated,16,Not Specified,In Stock,Yes,Windows 11 Home,Student / Everyday
DELL 14 (i7 14th Gen) Intel Core 7 240H - (16 GB/512 GB SSD/Windows 11 Home) 7440 Thin and Light Lapto...,Dell,Thin & Light,94135,0,94135,4.7,3,Intel Core 7,16,512,SSD,Integrated,14,Not Specified,In Stock,No,Windows 11,Student / Everyday
Lenovo AMD Ryzen 5 Quad Core - (16 GB/512 GB SSD/Windows 11 Home) V15 Thin and Light Laptop,Lenovo,Thin & Light,60990,11.61,68999,,,AMD Ryzen 5 Quad Core,16,512,SSD,Integrated,15.6,Not Specified,Out of Stock,No,Windows 11,Student / Everyday
HP Pavilion Intel Core i5 13th Gen 1340P - (16 GB/512 GB SSD/Windows 11 Home) 15-eg3079TU Thin and Lig...,HP,Thin & Light,85499,4.69,89705,4.3,107,Intel Core i5 Processor (13th Gen),16,512,SSD,Integrated,15.6,Not Specified,In Stock,No,Windows 11,Student / Everyday
Infinix Intel Core i7 11th Gen 1195G7 - (16 GB/1 TB SSD/Windows 11 Home) INBook X2 Plus Core i7 Thin a...,Infinix,Thin & Light,89990,0,89990,4,2,Intel Core i7 Processor (11th Gen),16,1024,SSD,Integrated,15.6,Not Specified,In Stock,No,Windows 11,Student / Everyday
HP Intel Intel Core i5 11th Gen 1155G7 - (8 GB/512 GB SSD/Windows 11 Home) 15s- fr4000TU Thin and Ligh...,HP,Thin & Light,72990,6.67,78209,4.3,282,Intel Core i5 Processor (11th Gen),8,512,SSD,Integrated,15.6,Not Specified,In Stock,No,Windows 11,Student / Everyday
ASUS Vivobook 15 (2026) with Office 2024 + M365 Basic(i3 14th Gen) Intel Core 3 14th Gen 100U - (16 GB...,ASUS,Standard Notebook,66990,24.72,88990,4.3,12,Intel Core 3 Processor (14th Gen),16,512,SSD,Integrated,15.6,Not Specified,In Stock,No,Windows 11 Home,Student / Everyday
HP AMD Ryzen 5 Hexa Core 5500U - (8 GB/512 GB SSD/Windows 11 Home) 15s- eq2304au Thin and Light Laptop,HP,Thin & Light,56458,5.89,59990,4.4,31,AMD Ryzen 5 Hexa Core,8,512,SSD,Integrated,15.6,Not Specified,In Stock,No,Windows 11,Student / Everyday
HP 15s Intel Core i5 11th Gen 1155G7 - (16 GB/512 GB SSD/Windows 11 Home) 15s-fr4001TU Thin and Light ...,HP,Thin & Light,72990,3.1,75327,4.3,282,Intel Core i5 Processor (11th Gen),16,512,SSD,Integrated,15.6,Not Specified,In Stock,No,Windows 11,Student / Everyday
Lenovo IdeaPad Slim 1 AMD Ryzen 5 Quad Core 7520U - (8 GB/512 GB SSD/Windows 11 Home) 15AMN7 Thin and ...,Lenovo,Thin & Light,59999,11.36,67690,4.1,19,AMD Ryzen 5 Quad Core,8,512,SSD,Integrated,15.6,Not Specified,In Stock,No,Windows 11,Student / Everyday
HP OmniBook 5 OLED {2026} Snapdragon X - (16 GB/512 GB SSD/Windows 11 Home) 14-he0014qu Thin and Light...,HP,Thin & Light,81819,14.68,95900,,,Snapdragon X,16,512,SSD,Integrated,14,Not Specified,In Stock,No,Windows 11 Home,Content Creation
DELL Inspiron 5440 (2026) (i3 14th Gen) Intel Core 3 14th Gen 100U - (8 GB/512 GB SSD/Windows 11 Home)...,Dell,Standard Notebook,58000,3.32,59990,4.2,18,Intel Core 3 Processor (14th Gen),8,512,SSD,Integrated,14,Not Specified,In Stock,No,Windows 11 Home,Student / Everyday
Lenovo IdeaPad Slim 3 AMD Ryzen 3 Quad Core 7320U - (8 GB/512 GB SSD/Windows 11 Home) 15AMN8 Thin and ...,Lenovo,Thin & Light,53708,21.59,68500,4.3,1,AMD Ryzen 3 Quad Core,8,512,SSD,Integrated,15.6,Not Specified,In Stock,No,Windows 11,Student / Everyday
HP 15s AMD Ryzen 5 Quad Core 7520U - (16 GB/512 GB SSD/Windows 11 Home) 15-fc0031AU Thin and Light Lap...,HP,Thin & Light,69790,0.29,69990,4.2,13,AMD Ryzen 5 Quad Core,16,512,SSD,Integrated,15.6,Not Specified,In Stock,No,Windows 11,Student / Everyday
HP 15R (2025) Intel Core i3 13th Gen 1315U - (8 GB/512 GB SSD/Windows 11 Pro) 15R G9 Thin and Light La...,HP,Thin & Light,57990,22.67,74990,4.2,18,Intel Core i3 Processor (13th Gen),8,512,SSD,Integrated,15.6,Not Specified,In Stock,No,Windows 11,Student / Everyday
Lenovo IdeaPad Slim 3 Intel Intel Core i7 13th Gen 13620H - (16 GB/512 GB SSD/Windows 11 Home) 15IRH8 ...,Lenovo,Thin & Light,80219,19.78,100000,3.8,3,Intel Core i7 Processor (13th Gen),16,512,SSD,Integrated,15.6,Not Specified,In Stock,No,Windows 11,Student / Everyday
HP Intel Core i3 13th Gen 1315U - (8 GB/512 GB SSD/Windows 11 Home) 15-fd0568TU Thin and Light Laptop,HP,Thin & Light,58190,23.42,75990,4.2,12,Intel Core i3 Processor (13th Gen),8,512,SSD,Integrated,15.6,Not Specified,In Stock,No,Windows 11 Home,Student / Everyday
DELL 14 (2025) (1 Year Accidental Damage Protection Warranty) Intel Core i3 13th Gen 1305U - (8 GB/512...,Dell,Standard Notebook,58811,17.16,70990,4.3,3,Intel Core i3 Processor (13th Gen),8,512,SSD,Integrated,14,Not Specified,In Stock,No,Windows 11,Student / Everyday
Samsung Galaxy Book6 Pro Intel Core Ultra 7 Series 3 356H - (16 GB/512 GB SSD/Windows 11 Home) NP940XJ...,Samsung,Standard Notebook,223990,0,223990,,,Intel Core Ultra 7 Processor (Series 3),16,512,SSD,Integrated,14,Not Specified,In Stock,Yes,Windows 11 Home,Student / Everyday
ASUS ASUS Vivobook 16 Intel Core i5 13th Gen 13420H - (16 GB/512 GB SSD/Windows 11 Home) X1605VA-SH195...,ASUS,Standard Notebook,78524,7.61,84990,,,Intel Core i5 Processor (13th Gen),16,512,SSD,Integrated,16,Not Specified,In Stock,No,Windows 11 Home,Student / Everyday
ASUS Vivobook 15 Intel Core i5 13th Gen 1335U - (16 GB/512 GB SSD/Windows 11 Home) X1504VA-NJ540WS Thi...,ASUS,Standard Notebook,73417,14.62,85990,,,Intel Core i5 Processor (13th Gen),16,512,SSD,Integrated,15.6,Not Specified,In Stock,No,Windows 11,Student / Everyday
"Apple MacBook Air (M5, 2026) M5 - (24 GB/1 TB SSD/Tahoe) MDHG4HN/A",Apple,Thin & Light,209900,0,209900,4.7,149,Apple M5,24,1024,SSD,Integrated,13.6,Not Specified,In Stock,No,macOS,Student / Everyday
Lenovo IdeaPad Slim 5 WUXGA IPS AI PC with 1Yr ADP Intel Core Ultra 5 125H - (16 GB/512 GB SSD/Windows...,Lenovo,Thin & Light,91494,4.69,96000,4,62,Intel Core Ultra 5,16,512,SSD,Integrated,14,Not Specified,In Stock,No,Windows 11,Student / Everyday
Acer Aspire Lite AMD Ryzen 3 Quad Core - (8 GB/512 GB SSD/Windows 11 Home) AL15-41 Thin and Light Lapt...,Acer,Thin & Light,43990,12,49990,,,AMD Ryzen 3 Quad Core,8,512,SSD,Integrated,15.6,Not Specified,In Stock,No,Windows 11,Student / Everyday
Acer Swift Neo Office 2024 + M365 Basic Intel Core Ultra 7 155U - (16 GB/512 GB SSD/Windows 11 Home) S...,Acer,Thin & Light,97999,0,97999,4.1,42,Intel Core Ultra 7,16,512,SSD,Integrated,14,Not Specified,In Stock,No,Windows 11 Home,Student / Everyday
Thomson NEO Core Series Intel Core i7 12th Gen 1255U - (16 GB/512 GB SSD/Windows 11 Home) IN-N15I Thin...,Thomson,Thin & Light,69990,0,69990,,,Intel Core i7 Processor (12th Gen),16,512,SSD,Integrated,15.6,Not Specified,In Stock,No,Windows 11,Student / Everyday
HP AMD Ryzen 5 Quad Core 7520U - (8 GB/512 GB SSD/Windows 11 Home) 14-hr0001AU Thin and Light Laptop,HP,Thin & Light,56889,13.79,65990,4.1,3,AMD Ryzen 5 Quad Core,8,512,SSD,Integrated,14,Not Specified,In Stock,No,Windows 11,Student / Everyday
MSI Modern 14 AMD Ryzen 5 Hexa Core 7530U - (16 GB/512 GB SSD/Windows 11 Home) Modern 14 C7M-062IN Thi...,MSI,Standard Notebook,64990,0,64990,4.4,556,AMD Ryzen 5 Hexa Core,16,512,SSD,Integrated,14,Not Specified,In Stock,No,Windows 11,Student / Everyday
ASUS Vivobook Go 14 AMD Ryzen 3 Quad Core 7320U - (8 GB/512 GB SSD/Windows 11 Home) E1404FA-NK321WS Th...,ASUS,Standard Notebook,41999,24.99,55990,4.2,12,AMD Ryzen 3 Quad Core,8,512,SSD,Integrated,14.1,Not Specified,Out of Stock,No,Windows 11,Student / Everyday
Lenovo IdeaPad 3 Intel Core i3 12th Gen 1215U - (8 GB/512 GB SSD/Windows 11 Home) 15IAU7 Thin and Ligh...,Lenovo,Thin & Light,57495,4.16,59990,4.1,68,Intel Core i3 Processor (12th Gen),8,512,SSD,Integrated,15.6,Not Specified,In Stock,No,Windows 11,Student / Everyday
"ASUS Vivobook 15, with Backlit Keyboard, Intel Core i5 13th Gen 1335U - (8 GB/512 GB SSD/Windows 11 Ho...",ASUS,Standard Notebook,67290,25.23,89990,4.2,7,Intel Core i5 Processor (13th Gen),8,512,SSD,Integrated,15.6,Not Specified,In Stock,No,Windows 11,Student / Everyday
Samsung Galaxy Book6 Intel Core Ultra 7 Series 3 355 - (16 GB/512 GB SSD/Windows 11 Home) NP760XJG Thi...,Samsung,Standard Notebook,170790,0,170790,3.9,2,Intel Core Ultra 7 Processor (Series 3),16,512,SSD,Integrated,16,Not Specified,In Stock,Yes,Windows 11 Home,Student / Everyday
"ASUS Vivobook 15, with Backlit Keyboard, Intel Core i3 13th Gen 1315U - (16 GB/512 GB SSD/Windows 11 H...",ASUS,Standard Notebook,61250,12.49,69990,4.3,219,Intel Core i3 Processor (13th Gen),16,512,SSD,Integrated,15.6,Not Specified,In Stock,No,Windows 11 Home,Student / Everyday
HP 15s AMD Ryzen 5 Hexa Core 5500U - (16 GB/512 GB SSD/Windows 11 Home) 15s-eq2132au Thin and Light La...,HP,Thin & Light,61867,17.51,75000,3.8,14,AMD Ryzen 5 Hexa Core,16,512,SSD,Integrated,15.6,Not Specified,In Stock,No,Windows 11,Student / Everyday
HP 255R G10 (2025) Professional AMD Ryzen 3 Quad Core 7335U - (8 GB/512 GB SSD/Windows 11 Pro) 255R G1...,HP,Standard Notebook,51999,13.33,59999,3.5,1,AMD Ryzen 3 Quad Core,8,512,SSD,Integrated,15.6,Not Specified,In Stock,No,Windows 11,Student / Everyday
HP Omnibook 3 AMD Ryzen AI 5 Hexa Core - (16 GB/512 GB SSD/Windows 11 Home) 15-fn0007AU Thin and Light...,HP,Thin & Light,65490,14.16,76294,4.1,8,AMD Ryzen AI 5 Hexa Core,16,512,SSD,Integrated,15.6,Not Specified,In Stock,No,Windows 11 Home,Student / Everyday
HP Intel Core i3 12th Gen 1215U - (8 GB/512 GB SSD/Windows 11 Home) 14s-dq5138tu Thin and Light Laptop,HP,Thin & Light,55800,14.15,65000,4.2,599,Intel Core i3 Processor (12th Gen),8,512,SSD,Integrated,15.6,Not Specified,In Stock,No,Windows 11,Student / Everyday
Samsung Galaxy Book3 360 EVO AMOLED Intel Core i7 13th Gen 1355U - (16 GB/1 TB SSD/Windows 11 Home) NP...,Samsung,Standard Notebook,147926,0,147926,4.3,3,Intel Core i7 Processor (13th Gen),16,1024,SSD,Integrated,13.3,Not Specified,In Stock,Yes,Windows 11,Content Creation
HP Intel Intel Core i5 12th Gen 1235U - (16 GB/512 GB SSD/Windows 11 Home) 14s - dy5005TU Thin and Lig...,HP,Thin & Light,73649,11.27,82999,4.2,172,Intel Core i5 Processor (12th Gen),16,512,SSD,Integrated,14,Not Specified,In Stock,No,Windows 11,Student / Everyday
ASUS Vivobook 15 (i5 14th Gen) Intel Core 5 120U - (16 GB/512 GB SSD/Windows 11 Home) X1504VAP-NJ541WS...,ASUS,Standard Notebook,68800,27.58,95000,4,1,Intel Core 5,16,512,SSD,Integrated,15.6,Not Specified,Out of Stock,No,Windows 11,Student / Everyday
MSI Modern 14 Intel Core i3 10th Gen 10110U - (8 GB/512 GB SSD/Windows 10 Home) Modern 14 B10MW-657IN ...,MSI,Standard Notebook,55990,0,55990,4.5,77,Intel Core i3 Processor (10th Gen),8,512,SSD,Integrated,14,Not Specified,In Stock,No,Windows 10,Student / Everyday
Samsung Galaxy Book6 Intel Core Ultra 7 Series 3 355 - (16 GB/512 GB SSD/Windows 11 Home) NP740VJG Thi...,Samsung,Standard Notebook,153990,0,153990,,,Intel Core Ultra 7 Processor (Series 3),16,512,SSD,Integrated,14,Not Specified,In Stock,No,Windows 11 Home,Student / Everyday
MICROSOFT Surface Pro 9 Intel Core i5 12th Gen 1235U - (8 GB/128 GB SSD/Windows 11 Home) QCB-00014 Thi...,Microsoft,Standard Notebook,105999,0,105999,,,Intel Core i5 Processor (12th Gen),8,128,SSD,Integrated,13.5,Not Specified,In Stock,Yes,Windows 11,Student / Everyday
Acer Aspire Lite Intel Core i7 12th Gen 12650H - (16 GB/1 TB SSD/Windows 11 Home) AL15-52H Thin and Li...,Acer,Thin & Light,84577,6.02,89999,4.1,3,Intel Core i7 Processor (12th Gen),16,1024,SSD,Integrated,15.6,Not Specified,In Stock,No,Windows 11 Home,Student / Everyday
HP 14 G9 (2025) AMD Ryzen 3 Dual Core 3250U - (16 GB/512 GB SSD/Windows 11 Pro) 14 G9 Thin and Light L...,HP,Thin & Light,64990,1.52,65990,3.3,2,AMD Ryzen 3 Dual Core,16,512,SSD,Integrated,14,Not Specified,In Stock,No,Windows 11,Student / Everyday
"ASUS Vivobook S 14 Intel EVO H-Series, with Backlit Keyboard, Intel Core i5 12th Gen 12500H - (16 GB/5...",ASUS,Thin & Light,65990,24.14,86990,4.4,214,Intel Core i5 Processor (12th Gen),16,512,SSD,Integrated,14,Not Specified,In Stock,No,Windows 11,Student / Everyday
HP 255R G10 (2026) Professional DDR5 5600Mhz AMD Ryzen 3 Quad Core 7335U - (8 GB/512 GB SSD/Windows 11...,HP,Standard Notebook,53990,10,59990,4.1,0,AMD Ryzen 3 Quad Core,8,512,SSD,Integrated,15.6,Not Specified,In Stock,No,Windows 11 Home,Student / Everyday
HP Intel Core i5 13th Gen 1335U - (8 GB/512 GB SSD/Windows 11 Home) 15-hr0000TU Thin and Light Laptop,HP,Thin & Light,79990,8.06,86999,4.2,6,Intel Core i5 Processor (13th Gen),8,512,SSD,Integrated,15.6,Not Specified,In Stock,No,Windows 11,Student / Everyday
Lenovo V15 AMD Ryzen 3 Quad Core 5300U - (8 GB/512 GB SSD/Windows 11 Home) V15 G2 ALC Thin and Light L...,Lenovo,Thin & Light,55990,5.09,58990,4.1,45,AMD Ryzen 3 Quad Core,8,512,SSD,Integrated,15.6,Not Specified,In Stock,No,Windows 11,Student / Everyday
"ASUS Vivobook Go 15 OLED, with Backlit Keyboard, AMD Ryzen 5 Quad Core 7520U - (8 GB/512 GB SSD/Window...",ASUS,Standard Notebook,54990,26.67,74990,4.4,262,AMD Ryzen 5 Quad Core,8,512,SSD,Integrated,15.6,Not Specified,In Stock,No,Windows 11,Content Creation
"DELL Inspiron 15 with Backlit Keyboard, Intel Core i5 12th Gen 1235U - (8 GB/512 GB SSD/Windows 11 Hom...",Dell,Standard Notebook,65999,22.35,85000,4.3,20,Intel Core i5 Processor (12th Gen),8,512,SSD,Integrated,15.6,Not Specified,In Stock,No,Windows 11,Student / Everyday
HP AMD Ryzen 7 Octa Core 5700U - (16 GB/512 GB SSD/Windows 11 Home) 15s- eq2084au Thin and Light Lapto...,HP,Thin & Light,74830,5.28,78999,3.3,1,AMD Ryzen 7 Octa Core,16,512,SSD,Integrated,15.6,Not Specified,In Stock,No,Windows 11,Student / Everyday
"ASUS Vivobook Go 15 OLED, Equivalent to Intel 12th Gen, Intel Core i3 N305 - (8 GB/512 GB SSD/Windows ...",ASUS,Standard Notebook,63990,3.03,65990,4.4,3,Intel Core i3,8,512,SSD,Integrated,15.6,Not Specified,In Stock,No,Windows 11,Content Creation
MSI Modern 14 C13M Intel Core i3 13th Gen 1315U - (8 GB/512 GB SSD/Windows 11 Home) Modern 14 C13M-115...,MSI,Standard Notebook,64409,7.97,69990,4.2,15,Intel Core i3 Processor (13th Gen),8,512,SSD,Integrated,14,Not Specified,In Stock,No,Windows 11,Student / Everyday
HP Pavilion Intel Core i5 13th Gen 1335U - (16 GB/1 TB SSD/Windows 11 Home) 15-EG3017TU Thin and Light...,HP,Thin & Light,72899,14.07,84835,2.4,0,Intel Core i5 Processor (13th Gen),16,1024,SSD,Integrated,15.6,Not Specified,In Stock,No,Windows 11 Home,Student / Everyday
HP HP 15s Series Intel Core i3 12th Gen 1215U - (16 GB/512 GB SSD/Windows 11 Home) 15s-fy5004TU Thin a...,HP,Thin & Light,56990,13.64,65990,4.3,104,Intel Core i3 Processor (12th Gen),16,512,SSD,Integrated,15.6,Not Specified,In Stock,No,Windows 11,Student / Everyday
ASUS Vivobook 14 (2025) with Office 2024 + M365 Basic* (i5 14th Gen) Intel Core 5 120U - (16 GB/512 GB...,ASUS,Standard Notebook,79117,20.88,100000,4.4,3,Intel Core 5,16,512,SSD,Integrated,14,Not Specified,In Stock,No,Windows 11 Home,Student / Everyday
ASUS VivoBook 14 Intel Core i5 10th Gen 10210U - (8 GB/1 TB HDD/256 GB SSD/Windows 10 Home) X412FA-EK5...,ASUS,Standard Notebook,59876,8.49,65432,4.4,251,Intel Core i5 Processor (10th Gen),8,1280,SSD + HDD,Integrated,14,Not Specified,Out of Stock,No,Windows 10,Student / Everyday
"ASUS Vivobook S14 OLED (2026) AI PC with Office 2024 + M365 Basic*, Copilot+ PC Intel Core Ultra 5 Ser...",ASUS,Thin & Light,141990,21.55,180990,4.4,27,Intel Core Ultra 5 Processor (Series 3),16,512,SSD,Integrated,14,Not Specified,In Stock,No,Windows 11 Home,Content Creation
ASUS Vivobook Go 15 AMD Ryzen 5 Quad Core 7520U - (16 GB/512 GB SSD/Windows 11 Home) E1504FA-NJ5541WS ...,ASUS,Standard Notebook,65999,7.04,70999,4.3,115,AMD Ryzen 5 Quad Core,16,512,SSD,Integrated,15.6,Not Specified,In Stock,No,Windows 11 Home,Student / Everyday
Lenovo IdeaPad Slim 3 Intel Core i3 12th Gen 1215U - (8 GB/256 GB SSD/Windows 11 Home) 15IAU7 Thin and...,Lenovo,Thin & Light,55900,6.83,59999,4.2,94,Intel Core i3 Processor (12th Gen),8,256,SSD,Integrated,15.6,Not Specified,In Stock,No,Windows 11,Student / Everyday
HP 15s AMD Ryzen 7 Octa Core 5700U - (16 GB/512 GB SSD/Windows 11 Home) 15s- ey2001au Thin and Light L...,HP,Thin & Light,64235,0,64235,4.1,48,AMD Ryzen 7 Octa Core,16,512,SSD,Integrated,15.6,Not Specified,In Stock,No,Windows 11,Student / Everyday
"Apple MacBook Pro (M5 Pro, 2026) M5 Pro - (24 GB/1 TB SSD/Tahoe) MGEA4HN/A",Apple,Standard Notebook,359900,0,359900,,,Apple M5 Pro,24,1024,SSD,Integrated,16,Not Specified,In Stock,No,macOS,Student / Everyday
HP 255 G10 (2025) AMD Ryzen 7 Octa Core 7730U - (16 GB/512 GB SSD/Windows 11 Home) 255 G109 Thin and L...,HP,Thin & Light,82990,16.16,98990,,,AMD Ryzen 7 Octa Core,16,512,SSD,Integrated,15.6,Not Specified,In Stock,No,Windows 11 Home,Student / Everyday
ASUS VivoBook 15 AMD Ryzen 7 Octa Core 5800HS - (16 GB/512 GB SSD/Windows 11 Home) M1502QA-EJ742WS Thi...,ASUS,Standard Notebook,80101,13.86,92990,4.2,136,AMD Ryzen 7 Octa Core,16,512,SSD,Integrated,15.6,Not Specified,In Stock,No,Windows 11,Student / Everyday
HP Intel Core i3 12th Gen 1215U - (8 GB/1 TB SSD/Windows 11 Home) 15s-fy5005TU Thin and Light Laptop,HP,Thin & Light,57491,10.16,63990,3.8,3,Intel Core i3 Processor (12th Gen),8,1024,SSD,Integrated,15.6,Not Specified,In Stock,No,Windows 11,Student / Everyday
ASUS Vivobook GO 15 AMD Ryzen 5 Quad Core 7520U - (16 GB/512 GB SSD/Windows 11 Home) E1504FA-NJ549WS |...,ASUS,Standard Notebook,63000,4.53,65990,4.2,10,AMD Ryzen 5 Quad Core,16,512,SSD,Integrated,15.6,Not Specified,In Stock,No,Windows 11,Student / Everyday
Lenovo IdeaPad Pro 5 2.8K OLED AI PC Intel Core Ultra 9 185H - (32 GB/1 TB SSD/Windows 11 Home) 14IMH9...,Lenovo,Standard Notebook,155500,6.43,166180,4.3,24,Intel Core Ultra 9,32,1024,SSD,Integrated,14,Not Specified,In Stock,No,Windows 11,Content Creation
HP Pavilion Intel Core i7 13th Gen 1355U - (16 GB/1 TB SSD/Windows 11 Home) 14-ew0153TU Thin and Light...,HP,Thin & Light,103475,15.87,122999,3.5,0,Intel Core i7 Processor (13th Gen),16,1024,SSD,Integrated,14,Not Specified,In Stock,No,Windows 11,Student / Everyday
Acer Swift 3 AMD Ryzen 5 Hexa Core 5500U - (8 GB/512 GB SSD/Windows 10 Home) SF314-43 Thin and Light L...,Acer,Thin & Light,62899,30.11,89999,4.5,9,AMD Ryzen 5 Hexa Core,8,512,SSD,Integrated,14,Not Specified,In Stock,No,Windows 10,Student / Everyday
HP 250R G9 (2025) Intel Core i3 13th Gen 1315U - (32 GB/512 GB SSD/Windows 11 Home) 250R Thin and Ligh...,HP,Thin & Light,72990,7.6,78990,4.1,0,Intel Core i3 Processor (13th Gen),32,512,SSD,Integrated,15.6,Not Specified,In Stock,No,Windows 11 Home,Student / Everyday
"ASUS Vivobook Go 15 (2025) with Office 2024 + M365 Basic*, Backlit Keyboard, AMD Ryzen 3 Quad Core 732...",ASUS,Standard Notebook,57990,4.92,60990,4.2,8,AMD Ryzen 3 Quad Core,8,512,SSD,Integrated,15.6,Not Specified,In Stock,No,Windows 11 Home,Student / Everyday
HP Essential series Intel Core i3 13th Gen 1315U - (8 GB/512 GB SSD/Windows 11 Home) 14-EP0341TU Thin ...,HP,Thin & Light,57890,3.5,59990,3.7,1,Intel Core i3 Processor (13th Gen),8,512,SSD,Integrated,14,Not Specified,In Stock,No,Windows 11 Home,Student / Everyday
DELL Vostro 3520 Intel Core i5 12th Gen 1235U - (16 GB/512 GB SSD/Windows 11 Home) Vostro 3520 Thin an...,Dell,Thin & Light,69990,7.91,75999,4.3,20,Intel Core i5 Processor (12th Gen),16,512,SSD,Integrated,15.6,Not Specified,In Stock,No,Windows 11,Student / Everyday
HP FQ Series Intel Core i3 12th Gen 1215U - (8 GB/512 GB SSD/Windows 11 Home) 15s-FQ5326TU Thin and Li...,HP,Thin & Light,54990,8.2,59899,,,Intel Core i3 Processor (12th Gen),8,512,SSD,Integrated,15.6,Not Specified,In Stock,No,Windows 11 Home,Student / Everyday
HP Intel Core i5 12th Gen - (16 GB/512 GB SSD/Windows 11 Home) 14s-cf3006TP Thin and Light Laptop,HP,Thin & Light,72990,3.22,75417,,,Intel Core i5 Processor (12th Gen),16,512,SSD,Integrated,15.6,Not Specified,In Stock,No,Windows 11 Home,Student / Everyday
HP 15s Intel Core i3 12th Gen 1215U - (8 GB/512 GB SSD/Windows 11 Home) 15s-FY5011TU Thin and Light La...,HP,Thin & Light,57990,3.35,59999,,,Intel Core i3 Processor (12th Gen),8,512,SSD,Integrated,15.6,Not Specified,In Stock,No,Windows 11,Student / Everyday
ASUS ASUS Vivobook 16 Intel Core i5 13th Gen - (16 GB/512 GB SSD/Windows 11 Home) X1605VA SH1952WS Thi...,ASUS,Standard Notebook,72990,14.12,84990,,,Intel Core i5 Processor (13th Gen),16,512,SSD,Integrated,16,Not Specified,In Stock,No,Windows 11 Home,Student / Everyday
DELL Inspiron AMD Ryzen 3 Dual Core 3250U - (8 GB/256 GB SSD/Windows 11 Home) Inspiron 3515 Thin and L...,Dell,Thin & Light,57990,3.33,59990,4.2,16,AMD Ryzen 3 Dual Core,8,256,SSD,Integrated,15.6,Not Specified,In Stock,No,Windows 11,Student / Everyday
Lenovo IdeaPad Slim 3 AMD Ryzen 3 Quad Core 7320U - (8 GB/512 GB SSD/Windows 11 Home) 14AMN8 Thin and ...,Lenovo,Thin & Light,55990,13.85,64990,4.3,0,AMD Ryzen 3 Quad Core,8,512,SSD,Integrated,14,Not Specified,In Stock,No,Windows 11,Student / Everyday
DELL Intel Core i5 12th Gen 1235U - (8 GB/512 GB SSD/Windows 11 Home) Vostro 3420 Thin and Light Lapto...,Dell,Thin & Light,65900,21.54,83990,3.2,2,Intel Core i5 Processor (12th Gen),8,512,SSD,Integrated,14,Not Specified,In Stock,No,Windows 11,Student / Everyday
Lenovo V 14 (2025) Intel Core i3 13th Gen 1315U - (16 GB/512 GB SSD/Windows 11 Pro) V 14 Thin and Ligh...,Lenovo,Thin & Light,75990,2.56,77990,3.8,1,Intel Core i3 Processor (13th Gen),16,512,SSD,Integrated,14,Not Specified,In Stock,No,Windows 11,Student / Everyday
Lenovo ThinkBook 15 AMD Ryzen 5 Hexa Core 5500U - (8 GB/512 GB SSD/Windows 11 Home) TB15 G3 ACL Thin a...,Lenovo,Thin & Light,63890,6.59,68400,2.4,1,AMD Ryzen 5 Hexa Core,8,512,SSD,Integrated,15.6,Not Specified,In Stock,No,Windows 11,Student / Everyday
Lenovo V 14 (2025) Intel Core i5 13th Gen 1335U - (16 GB/512 GB SSD/Windows 11 Home) V 14 Thin and Lig...,Lenovo,Thin & Light,75999,10.59,85000,,,Intel Core i5 Processor (13th Gen),16,512,SSD,Integrated,14,Not Specified,In Stock,No,Windows 11 Home,Student / Everyday
ASUS Vivobook Go 14 AMD Ryzen 5 Quad Core 7520U - (8 GB/512 GB SSD/Windows 11 Home) E1404FA-NK522WS | ...,ASUS,Standard Notebook,62786,7.53,67899,,,AMD Ryzen 5 Quad Core,8,512,SSD,Integrated,14,Not Specified,In Stock,No,Windows 11,Student / Everyday
HP 15s Intel Core i3 11th Gen 1115G4 - (8 GB/512 GB SSD/Windows 11 Home) 15s-fq2671TU Thin and Light L...,HP,Thin & Light,57690,3.85,59999,,,Intel Core i3 Processor (11th Gen),8,512,SSD,Integrated,15.6,Not Specified,In Stock,No,Windows 11,Student / Everyday
HP Intel Core i3 11th Gen 1115G4 - (8 GB/256 GB SSD/Windows 10 Home) 14s-DQ2100TU Thin and Light Lapto...,HP,Thin & Light,56914,8.2,62000,4.2,100,Intel Core i3 Processor (11th Gen),8,256,SSD,Integrated,14,Not Specified,In Stock,No,Windows 10,Student / Everyday
DELL Intel Core i5 13th Gen 1334U - (8 GB/512 GB SSD/Windows 11 Home) Vostro 3530 Thin and Light Lapto...,Dell,Thin & Light,64890,7.17,69900,4.1,3,Intel Core i5 Processor (13th Gen),8,512,SSD,Integrated,15.6,Not Specified,In Stock,No,Windows 11,Student / Everyday
Lenovo Ideapad Slim 5i Intel Core i7 13th Gen 13700H - (16 GB/512 GB SSD/Windows 11 Home) 16IRL8 Thin ...,Lenovo,Thin & Light,96990,11.83,110000,,,Intel Core i7 Processor (13th Gen),16,512,SSD,Integrated,16,Not Specified,In Stock,No,Windows 11,Student / Everyday
HP 255R G10 (2026) Professional DDR5 5600Mhz AMD Ryzen 3 Quad Core - (16 GB/512 GB SSD/Windows 11 Home...,HP,Standard Notebook,62900,4.69,65992,,,AMD Ryzen 3 Quad Core,16,512,SSD,Integrated,15.6,Not Specified,In Stock,No,Windows 11 Home,Student / Everyday
HP 15 Intel Core i3 13th Gen 1315U - (8 GB/512 GB SSD/Windows 11 Home) 15-FD0582TU Thin and Light Lapt...,HP,Thin & Light,57899,1.96,59055,3.7,0,Intel Core i3 Processor (13th Gen),8,512,SSD,Integrated,15.6,Not Specified,In Stock,No,Windows 11 Home,Student / Everyday
HP 15 (i5 14th Gen) Intel Core 5 120U - (16 GB/512 GB SSD/Windows 11 Home) 15-fd0640TU Thin and Light ...,HP,Thin & Light,85890,4.56,89990,,,Intel Core 5,16,512,SSD,Integrated,15.6,Not Specified,In Stock,No,Windows 11 Home,Student / Everyday
HP Laptop Intel Core i3 11th Gen 1115G4 - (8 GB/512 GB SSD/Windows 11 Home) 15s-fq2672TU Thin and Ligh...,HP,Thin & Light,57990,1.7,58990,,,Intel Core i3 Processor (11th Gen),8,512,SSD,Integrated,15.6,Not Specified,In Stock,No,Windows 11 Home,Student / Everyday
HP AI PC Intel Core Ultra 7 155H - (16 GB/512 GB SSD/Windows 11 Home) 14-gr1023TU Thin and Light Lapto...,HP,Thin & Light,88919,10.18,98999,4.1,3,Intel Core Ultra 7,16,512,SSD,Integrated,14,Not Specified,In Stock,No,Windows 11,Student / Everyday
HP 15s Intel Core i5 12th Gen 1235U - (8 GB/512 GB SSD/Windows 11 Home) fy5008TU Thin and Light Laptop,HP,Thin & Light,72990,3.96,75999,4.3,175,Intel Core i5 Processor (12th Gen),8,512,SSD,Integrated,15.6,Not Specified,In Stock,No,Windows 11 Home,Student / Everyday
Acer 3 Years Warranty Aspire Lite (2025) Intel Core i5 13th Gen 1334U - (16 GB/512 GB SSD/Windows 11 H...,Acer,Standard Notebook,71490,21.43,90990,3.7,1,Intel Core i5 Processor (13th Gen),16,512,SSD,Integrated,15.6,Not Specified,In Stock,No,Windows 11 Home,Student / Everyday
HP Professional 15 Intel Core i5 13th Gen 1334U - (16 GB/512 GB SSD/Windows 11 Pro) 250 G10 FHD Thin a...,HP,Thin & Light,79900,0,79900,2.8,1,Intel Core i5 Processor (13th Gen),16,512,SSD,Integrated,15.6,Not Specified,In Stock,No,Windows 11,Student / Everyday
DELL Inspiron Intel Core Ultra 7 155H - (16 GB/1 TB SSD/Windows 11 Home) 5330 Thin and Light Laptop,Dell,Thin & Light,129990,0.01,130000,2.7,1,Intel Core Ultra 7,16,1024,SSD,Integrated,13.3,Not Specified,In Stock,No,Windows 11,Student / Everyday
ASUS Vivobook Go 14 AMD Ryzen 3 Quad Core 7320U - (8 GB/512 GB SSD/Windows 11 Home) E1404FA-NK327WS Th...,ASUS,Standard Notebook,56048,3.36,57999,4.3,153,AMD Ryzen 3 Quad Core,8,512,SSD,Integrated,14,Not Specified,In Stock,No,Windows 11,Student / Everyday
HP AMD Ryzen 5 Hexa Core 5500U - (8 GB/512 GB SSD/Windows 10 Home) 15s-EQ2040AU Thin and Light Laptop,HP,Thin & Light,58490,12.7,66999,4.3,55,AMD Ryzen 5 Hexa Core,8,512,SSD,Integrated,15.6,Not Specified,In Stock,No,Windows 10,Student / Everyday
HP Intel Core i5 13th Gen 1335U - (8 GB/512 GB SSD/Windows 11 Home) 15-fd0187TU Thin and Light Laptop,HP,Thin & Light,69990,22.23,90000,4.2,30,Intel Core i5 Processor (13th Gen),8,512,SSD,Integrated,15.6,Not Specified,In Stock,No,Windows 11,Student / Everyday
HP HP 255R G10 (2025) - 7335U - AMD Ryzen 3 Quad Core AMD - (8 GB/512 GB SSD/Windows 11 Pro) 255R G10 ...,HP,Standard Notebook,54239,3.13,55990,,,AMD Ryzen 3 Quad Core,8,512,SSD,Integrated,15.6,Not Specified,In Stock,No,Windows 11,Student / Everyday
Lenovo IdeaPad Slim 3 Intel Core i3 13th Gen 1315U - (8 GB/512 GB SSD/Windows 11 Home) 82X700HJIN Thin...,Lenovo,Thin & Light,58773,1.87,59890,,,Intel Core i3 Processor (13th Gen),8,512,SSD,Integrated,15.6,Not Specified,In Stock,No,Windows 11,Student / Everyday
Lenovo V 14 (2025) Intel Core i3 13th Gen 1315U - (8 GB/512 GB SSD/Windows 11 Home) V 14 Thin and Ligh...,Lenovo,Thin & Light,58990,10.61,65990,4.4,2,Intel Core i3 Processor (13th Gen),8,512,SSD,Integrated,14,Not Specified,In Stock,No,Windows 11 Home,Student / Everyday
Lenovo Intel Core i5 12th Gen - (16 GB/512 GB SSD/Windows 11 Home) 15IAH8 Thin and Light Laptop,Lenovo,Thin & Light,78990,1.26,79999,,,Intel Core i5 Processor (12th Gen),16,512,SSD,Integrated,15.6,Not Specified,In Stock,No,Windows 11,Student / Everyday
ASUS Vivobook S 15 OLED Intel EVO H-Series Intel Core i5 13th Gen 13500H - (16 GB/512 GB SSD/Windows 1...,ASUS,Thin & Light,98999,14.65,115990,4.2,11,Intel Core i5 Processor (13th Gen),16,512,SSD,Integrated,15.6,Not Specified,In Stock,No,Windows 11,Content Creation
ASUS Vivobook Go 14 AMD Ryzen 3 Quad Core 7320U - (8 GB/512 GB SSD/Windows 11 Home) E1404FA-NK322WS Th...,ASUS,Standard Notebook,59990,7.71,64999,4.4,9,AMD Ryzen 3 Quad Core,8,512,SSD,Integrated,14,Not Specified,In Stock,No,Windows 11,Student / Everyday
HP 14s Intel Core i3 11th Gen - (8 GB/512 GB SSD/Windows 11 Home) 14s- DR2015TU Thin and Light Laptop,HP,Thin & Light,57790,2.86,59490,4.3,52,Intel Core i3 Processor (11th Gen),8,512,SSD,Integrated,14,Not Specified,In Stock,No,Windows 11 Home,Student / Everyday
HP 15s Intel Core i3 11th Gen 1115G4 - (8 GB/512 GB SSD/Windows 11 Home) 15s-FR2006TU Thin and Light L...,HP,Thin & Light,57990,3.35,59999,4.3,148,Intel Core i3 Processor (11th Gen),8,512,SSD,Integrated,15.6,Not Specified,In Stock,No,Windows 11 Home,Student / Everyday
Lenovo V15 Octa Core (2026) Intel Core i5 13th Gen - (8 GB/512 GB SSD/Windows 11 Pro) V15 Thin and Lig...,Lenovo,Thin & Light,71900,8.87,78900,,,Intel Core i5 Processor (13th Gen),8,512,SSD,Integrated,15.6,Not Specified,In Stock,No,Windows 11,Student / Everyday
HP Intel Core i3 11th Gen 1115G4 - (8 GB/512 GB SSD/Windows 10 Home) 15s-FR2006TU Thin and Light Lapto...,HP,Thin & Light,55690,6.09,59299,4.3,211,Intel Core i3 Processor (11th Gen),8,512,SSD,Integrated,15.6,Not Specified,In Stock,No,Windows 10,Student / Everyday
Lenovo V 14 (2025) Intel Core i5 12th Gen 1235U - (8 GB/512 GB SSD/Windows 11 Home) V 14 Thin and Ligh...,Lenovo,Thin & Light,69990,0,69990,3.9,1,Intel Core i5 Processor (12th Gen),8,512,SSD,Integrated,14,Not Specified,In Stock,No,Windows 11 Home,Student / Everyday
Lenovo IdeaPad 3 Intel Intel Core i5 12th Gen 1235U - (8 GB/512 GB SSD/Windows 11 Home) 15IAU7 Thin an...,Lenovo,Thin & Light,65990,17.5,79990,3.7,0,Intel Core i5 Processor (12th Gen),8,512,SSD,Integrated,15.6,Not Specified,In Stock,No,Windows 11,Student / Everyday
Lenovo AMD Ryzen 5 Quad Core - (8 GB/512 GB SSD/Windows 11 Home) 15AMN7 Thin and Light Laptop,Lenovo,Thin & Light,61900,11.57,69999,,,AMD Ryzen 5 Quad Core,8,512,SSD,Integrated,15.6,Not Specified,In Stock,No,Windows 11,Student / Everyday
ASUS Vivobook 15 Intel Core i3 13th Gen 1315U - (8 GB/512 GB SSD/Windows 11 Home) X1504VA-NJ3320WS Thi...,ASUS,Standard Notebook,59990,7.52,64870,4,1,Intel Core i3 Processor (13th Gen),8,512,SSD,Integrated,15.6,Not Specified,In Stock,No,Windows 11 Home,Student / Everyday
DELL Intel Core i5 13th Gen 1334U - (16 GB/512 GB SSD/Windows 11 Home) Vostro 3530 Thin and Light Lapt...,Dell,Thin & Light,75990,15.57,90000,3.9,1,Intel Core i5 Processor (13th Gen),16,512,SSD,Integrated,15.6,Not Specified,In Stock,No,Windows 11,Student / Everyday
Lenovo V 14 (2025) Intel Core i3 12th Gen 1215U - (16 GB/512 GB SSD/Windows 11 Pro) V 14 Thin and Ligh...,Lenovo,Thin & Light,65990,5.72,69990,3.7,1,Intel Core i3 Processor (12th Gen),16,512,SSD,Integrated,14,Not Specified,In Stock,No,Windows 11,Student / Everyday
HP 14 G9 (2025) AMD Ryzen 3 Dual Core 3250U - (8 GB/512 GB SSD/Windows 11 Pro) 14 G9 Thin and Light La...,HP,Thin & Light,51990,10.35,57990,3.9,1,AMD Ryzen 3 Dual Core,8,512,SSD,Integrated,14,Not Specified,In Stock,No,Windows 11,Student / Everyday
HP 15s Intel Core i3 11th Gen 1115G4 - (8 GB/512 GB SSD/Windows 11 Home) 15s-fq2717TU Thin and Light L...,HP,Thin & Light,57890,2.05,59100,4.2,100,Intel Core i3 Processor (11th Gen),8,512,SSD,Integrated,15.6,Not Specified,In Stock,No,Windows 11,Student / Everyday
Lenovo V15 Intel Core i3 10th Gen 1035G1 - (4 GB/1 TB HDD/Windows 11 Home) V15-IIL Thin and Light Lapt...,Lenovo,Thin & Light,38900,10.24,43336,3.8,15,Intel Core i3 Processor (10th Gen),4,1024,HDD,Integrated,15.6,Not Specified,Out of Stock,No,Windows 11,Student / Everyday
Lenovo IdeaPad Slim 5 WUXGA OLED Intel Core i5 13th Gen 13420H - (16 GB/1 TB SSD/Windows 11 Home) 14IR...,Lenovo,Thin & Light,108990,12.81,125000,4.1,21,Intel Core i5 Processor (13th Gen),16,1024,SSD,Integrated,14,Not Specified,In Stock,No,Windows 11,Content Creation
HP AMD Ryzen 5 Quad Core - (8 GB/512 GB SSD/DOS) 247 G8 Thin and Light Laptop,HP,Thin & Light,58990,1.68,59999,3.9,0,AMD Ryzen 5 Quad Core,8,512,SSD,Integrated,14,Not Specified,In Stock,No,DOS,Student / Everyday
HP 14R (2025) Intel Core i3 13th Gen 1315U - (8 GB/512 GB SSD/Windows 11 Pro) 14R G9 Thin and Light La...,HP,Thin & Light,57990,3.35,59999,4.1,0,Intel Core i3 Processor (13th Gen),8,512,SSD,Integrated,14,Not Specified,In Stock,No,Windows 11,Student / Everyday
HP 15 Intel Core i5 13th Gen 1335U - (16 GB/512 GB SSD/Windows 11 Home) 15s-fq5327TU / FD0083TU Thin a...,HP,Thin & Light,79890,0.01,79900,,,Intel Core i5 Processor (13th Gen),16,512,SSD,Integrated,15.6,Not Specified,In Stock,No,Windows 11 Home,Student / Everyday
HP Intel Core i5 12th Gen 1235U - (8 GB/512 GB SSD/Windows 11 Home) 15s-fq5202TU Thin and Light Laptop,HP,Thin & Light,72990,7.61,78999,4.3,9,Intel Core i5 Processor (12th Gen),8,512,SSD,Integrated,15.6,Not Specified,In Stock,No,Windows 11,Student / Everyday
ASUS Vivobook Go 15 (2026) with Office 2024 + M365 Basic* AMD Ryzen 3 Quad Core 30 - (8 GB/256 GB SSD/...,ASUS,Standard Notebook,65991,19.51,81990,,,AMD Ryzen 3 Quad Core,8,256,SSD,Integrated,15.6,Not Specified,In Stock,No,Windows 11 Home,Student / Everyday
ASUS VIvobook 15 Intel Core i5 12th Gen 1235U - (16 GB/512 GB SSD/Windows 11 Home) X1504ZA-NJ549WS Thi...,ASUS,Standard Notebook,67818,2.36,69455,,,Intel Core i5 Processor (12th Gen),16,512,SSD,Integrated,15.6,Not Specified,In Stock,No,Windows 11 Home,Student / Everyday
Lenovo Intel Core i3 11th Gen - (8 GB/256 GB SSD/DOS) 15ITL6 Thin and Light Laptop,Lenovo,Thin & Light,57790,3.68,59999,,,Intel Core i3 Processor (11th Gen),8,256,SSD,Integrated,15.6,Not Specified,In Stock,No,DOS,Student / Everyday
HP 14 G9 (2025) Intel Core i3 12th Gen 1215U - (16 GB/512 GB SSD/Windows 11 Home) 14 G9 Thin and Light...,HP,Thin & Light,59999,22.08,76999,,,Intel Core i3 Processor (12th Gen),16,512,SSD,Integrated,14,Not Specified,In Stock,No,Windows 11 Home,Student / Everyday
Lenovo V 14 (2025) Intel Core i5 12th Gen 1235U - (16 GB/512 GB SSD/Windows 11 Home) V 14 Thin and Lig...,Lenovo,Thin & Light,74899,16.43,89626,4.1,18,Intel Core i5 Processor (12th Gen),16,512,SSD,Integrated,14,Not Specified,In Stock,No,Windows 11 Home,Student / Everyday
HP 15s AMD Ryzen 5 Hexa Core 4500U - (8 GB/256 GB SSD/Windows 10 Home) 15s-ey1004AU Thin and Light Lap...,HP,Thin & Light,58790,1.85,59900,4.4,58,AMD Ryzen 5 Hexa Core,8,256,SSD,Integrated,15.6,Not Specified,In Stock,No,Windows 10,Student / Everyday
DELL Inspiron Intel Core i5 11th Gen 1135G7 - (16 GB/512 GB SSD/Windows 11 Home) INSPIRON 3511 Thin an...,Dell,Thin & Light,68999,18.82,84998,4.2,51,Intel Core i5 Processor (11th Gen),16,512,SSD,Integrated,15.6,Not Specified,In Stock,No,Windows 11,Student / Everyday
ASUS Expertbook P1 High-performance processor Intel Core i7 13th Gen 13620H - (32 GB/512 GB SSD/Window...,ASUS,Standard Notebook,130990,3.68,135999,,,Intel Core i7 Processor (13th Gen),32,512,SSD,Integrated,15.6,Not Specified,In Stock,No,Windows 11 Home,Business
HP 15 (2025) AMD Ryzen 3 Quad Core 7320U - (16 GB/512 GB SSD/Windows 11 Home) 15 Thin and Light Laptop,HP,Thin & Light,62291,5.62,65999,3.9,9,AMD Ryzen 3 Quad Core,16,512,SSD,Integrated,15.6,Not Specified,In Stock,No,Windows 11 Home,Student / Everyday
Lenovo V 14 (2025) Intel Core i3 12th Gen 1215U - (8 GB/512 GB SSD/Windows 11 Pro) V 14 Thin and Light...,Lenovo,Thin & Light,57591,21.1,72990,4.6,0,Intel Core i3 Processor (12th Gen),8,512,SSD,Integrated,14,Not Specified,In Stock,No,Windows 11,Student / Everyday
ASUS Vivobook 15 (2026) Intel Core 3 304 - (8 GB/512 GB SSD/Windows 11 Home) X1504MA-BQ424WS Thin and ...,ASUS,Thin & Light,79990,33.34,119990,,,Intel Core 3,8,512,SSD,Integrated,15.6,Not Specified,In Stock,No,Windows 11 Home,Student / Everyday
HP 15 G10 (2025) AMD Ryzen 3 Quad Core 7320U - (8 GB/512 GB SSD/Windows 11 Home) 15HP T Thin and Light...,HP,Thin & Light,51999,25.29,69600,,,AMD Ryzen 3 Quad Core,8,512,SSD,Integrated,15.6,Not Specified,In Stock,No,Windows 11 Home,Student / Everyday
Lenovo IdeaPad Slim 3 Backlit Keyboard with MSO'2024 Intel Core i5 13th Gen 13420H - (16 GB/512 GB SSD...,Lenovo,Thin & Light,79990,5.89,85000,4.4,9,Intel Core i5 Processor (13th Gen),16,512,SSD,Integrated,14,Not Specified,In Stock,No,Windows 11 Home,Student / Everyday
HP 15s Intel Core i5 13th Gen 1334U - (16 GB/512 GB SSD/Windows 11 Home) 15-fd0013TU Thin and Light La...,HP,Thin & Light,79990,7.1,86100,,,Intel Core i5 Processor (13th Gen),16,512,SSD,Integrated,15.6,Not Specified,In Stock,No,Windows 11,Student / Everyday
HP 15s Intel Core i5 12th Gen 1240P - (8 GB/512 GB SSD/Windows 11 Home) 15s- fq5010TU Thin and Light L...,HP,Thin & Light,72990,3.95,75990,,,Intel Core i5 Processor (12th Gen),8,512,SSD,Integrated,15.6,Not Specified,In Stock,No,Windows 11,Student / Everyday
Lenovo V SERIES Intel Core i5 12th Gen 1235U - (8 GB/512 GB SSD/Windows 11 Home) V14 Thin and Light La...,Lenovo,Thin & Light,64595,16.1,76990,3.4,1,Intel Core i5 Processor (12th Gen),8,512,SSD,Integrated,14,Not Specified,In Stock,No,Windows 11,Student / Everyday
DELL Inspiron AMD Ryzen 3 Dual Core 3250U - (8 GB/512 GB SSD/Windows 11 Home) Inspiron 3515 Thin and L...,Dell,Thin & Light,59990,9.09,65990,4,3,AMD Ryzen 3 Dual Core,8,512,SSD,Integrated,14.9,Not Specified,In Stock,No,Windows 11,Student / Everyday
HP 14s Intel Core i3 11th Gen - (8 GB/512 GB SSD/Windows 11 Home) 14s-dq2606tu Thin and Light Laptop,HP,Thin & Light,57990,3.35,59999,4.2,68,Intel Core i3 Processor (11th Gen),8,512,SSD,Integrated,14,Not Specified,In Stock,No,Windows 11,Student / Everyday
"ASUS Vivobook S 15 OLED Intel EVO H-Series, with Backlit Keyboard, Intel Core i9 13th Gen 13900H - (16...",ASUS,Thin & Light,130999,9.66,144999,3.8,9,Intel Core i9 Processor (13th Gen),16,1024,SSD,Integrated,15.6,Not Specified,In Stock,No,Windows 11,Content Creation
DELL Inspiron AMD Ryzen 5 Quad Core 3450U - (8 GB/256 GB SSD/Windows 11 Home) Inspiron 3515 Thin and L...,Dell,Thin & Light,59990,9.09,65990,4.4,5,AMD Ryzen 5 Quad Core,8,256,SSD,Integrated,15.6,Not Specified,In Stock,No,Windows 11,Student / Everyday
Lenovo V 14 (2025) Intel Core i3 12th Gen 1215U - (16 GB/512 GB SSD/Windows 11 Home) V 14 Thin and Lig...,Lenovo,Thin & Light,68990,8.01,75000,4,0,Intel Core i3 Processor (12th Gen),16,512,SSD,Integrated,14,Not Specified,In Stock,No,Windows 11 Home,Student / Everyday
HP Laptop Intel Core i3 13th Gen 1315U - (8 GB/512 GB SSD/Windows 11 Home) 15-fd0129TU / 15-fd0568TU T...,HP,Standard Notebook,58091,10.62,64990,,,Intel Core i3 Processor (13th Gen),8,512,SSD,Integrated,15.6,Not Specified,In Stock,No,Windows 11 Home,Student / Everyday
Lenovo Intel Core i3 12th Gen - (8 GB/512 GB SSD/Windows 11 Home) V15 G3 IAP Thin and Light Laptop,Lenovo,Thin & Light,58990,1.68,59999,,,Intel Core i3 Processor (12th Gen),8,512,SSD,Integrated,15.6,Not Specified,In Stock,No,Windows 11,Student / Everyday
Acer Aspire 3 AMD Ryzen 3 Quad Core - (8 GB/512 GB SSD/Windows 11 Home) AS15 42 / A325 42 Thin and Lig...,Acer,Thin & Light,46990,14.56,54999,,,AMD Ryzen 3 Quad Core,8,512,SSD,Integrated,15.6,Not Specified,In Stock,No,Windows 11,Student / Everyday
HP Intel Core i5 12th Gen 1235U - (16 GB/512 GB SSD/Windows 11 Home) 15s- fr5011TU Thin and Light Lapt...,HP,Thin & Light,72990,3.58,75699,,,Intel Core i5 Processor (12th Gen),16,512,SSD,Integrated,15.6,Not Specified,In Stock,No,Windows 11,Student / Everyday
HP 240R G9 (2025) Intel Core i5 13th Gen 1334U - (32 GB/512 GB SSD/Windows 11 Home) 240R G9 Thin and L...,HP,Thin & Light,95990,3.03,98990,,,Intel Core i5 Processor (13th Gen),32,512,SSD,Integrated,14,Not Specified,In Stock,No,Windows 11 Home,Student / Everyday
Lenovo Intel Core i3 11th Gen - (8 GB/512 GB SSD/Windows 11 Home) 14ITL6 Thin and Light Laptop,Lenovo,Thin & Light,57990,12.14,65999,,,Intel Core i3 Processor (11th Gen),8,512,SSD,Integrated,14,Not Specified,In Stock,No,Windows 11,Student / Everyday
Lenovo Intel Core i3 12th Gen - (8 GB/512 GB SSD/Windows 11 Home) 15IAU7 Thin and Light Laptop,Lenovo,Thin & Light,57977,3.36,59990,,,Intel Core i3 Processor (12th Gen),8,512,SSD,Integrated,15.6,Not Specified,In Stock,No,Windows 11,Student / Everyday
HP 15s AMD Ryzen 3 Dual Core 3250U - (8 GB/256 GB SSD/Windows 11 Home) 15s-GY0501AU Thin and Light Lap...,HP,Thin & Light,52790,2.24,53999,,,AMD Ryzen 3 Dual Core,8,256,SSD,Integrated,15.6,Not Specified,In Stock,No,Windows 11,Student / Everyday
HP AMD Ryzen 3 Dual Core 3250U - (8 GB/512 GB SSD/Windows 11 Home) 15s- eq1560AU Thin and Light Laptop,HP,Thin & Light,52890,2.15,54052,,,AMD Ryzen 3 Dual Core,8,512,SSD,Integrated,15.6,Not Specified,In Stock,No,Windows 11,Student / Everyday
Lenovo Intel Core i3 11th Gen - (4 GB/256 GB SSD/Windows 10 Home) V15 ITL G2 Thin and Light Laptop,Lenovo,Thin & Light,58990,15.73,69999,,,Intel Core i3 Processor (11th Gen),4,256,SSD,Integrated,15,Not Specified,In Stock,No,Windows 10,Student / Everyday
HP 15R (2025) Intel Core i3 13th Gen 1315U - (8 GB/512 GB SSD/Windows 11 Home) 15R G9 Thin and Light L...,HP,Thin & Light,57990,22.67,74990,,,Intel Core i3 Processor (13th Gen),8,512,SSD,Integrated,15.6,Not Specified,In Stock,No,Windows 11 Home,Student / Everyday
Apple 2020 Macbook Air M1 - (8 GB/256 GB SSD/Mac OS Big Sur) MGN63HN/A,Apple,Thin & Light,89900,0,89900,4.7,471,Apple M1,8,256,SSD,Integrated,13.3,Not Specified,In Stock,No,macOS,Student / Everyday
Apple MacBook Air M1 - (8 GB/512 GB SSD/Mac OS Big Sur) Z12400092,Apple,Thin & Light,110900,0,110900,4.7,471,Apple M1,8,512,SSD,Integrated,13.3,Not Specified,In Stock,No,macOS,Student / Everyday
Apple 2020 Macbook Air M1 - (16 GB/256 GB SSD/Mac OS Big Sur) MGN63HN/A,Apple,Thin & Light,109900,0,109900,4.7,92,Apple M1,16,256,SSD,Integrated,13.3,Not Specified,In Stock,No,macOS,Student / Everyday
"Apple MacBook Pro (M5 Pro, 2026) M5 Pro - (24 GB/2 TB SSD/Tahoe) MGDT4HN/A",Apple,Standard Notebook,399900,0,399900,,,Apple M5 Pro,24,2048,SSD,Integrated,14,Not Specified,In Stock,No,macOS,Student / Everyday
Apple MacBook AIR M2 - (8 GB/256 GB SSD/Mac OS Monterey) MLXW3HN/A,Apple,Thin & Light,99900,0,99900,4.7,861,Apple M2,8,256,SSD,Integrated,13.6,Not Specified,In Stock,No,macOS,Student / Everyday
Acer One 14 AMD Ryzen 3 Dual Core - (8 GB/256 GB SSD/Windows 11 Home) Z2-493 Thin and Light Laptop,Acer,Thin & Light,41000,31.66,59990,,,AMD Ryzen 3 Dual Core,8,256,SSD,Integrated,14,Not Specified,In Stock,No,Windows 11,Student / Everyday
Lenovo Yoga Slim Series Intel Core Ultra 5 125H - (16 GB/1 TB SSD/Windows 11 Home) 83CV008LIN Thin and...,Lenovo,2-in-1,119890,11.13,134900,,,Intel Core Ultra 5,16,1024,SSD,Integrated,14,Not Specified,In Stock,Yes,Windows 11 Home,Student / Everyday
HP Laptop Intel Core i3 13th Gen 1315U - (8 GB/512 GB SSD/Windows 11 Home) 14-gr0000TU Thin and Light ...,HP,Thin & Light,58947,1.74,59990,4.4,3,Intel Core i3 Processor (13th Gen),8,512,SSD,Integrated,14,Not Specified,In Stock,No,Windows 11,Student / Everyday
Infinix ZEROBOOK 13 Intel Intel Core i7 13th Gen 13700H - (16 GB/512 GB SSD/Windows 11 Home) ZL513 Thi...,Infinix,Standard Notebook,99990,0,99990,4.2,61,Intel Core i7 Processor (13th Gen),16,512,SSD,Integrated,15.3,Not Specified,In Stock,No,Windows 11,Student / Everyday
MSI Prestige 14 Intel EVO Intel Core i5 11th Gen 1135G7 - (16 GB/512 GB SSD/Windows 10 Home) Prestige ...,MSI,Standard Notebook,95990,0,95990,4.6,0,Intel Core i5 Processor (11th Gen),16,512,SSD,Integrated,14,Not Specified,In Stock,No,Windows 10,Student / Everyday
Acer Swift 5 Intel Core i5 8th Gen 8250U - (8 GB/256 GB SSD/Windows 10 Home) SF514-52T Thin and Light ...,Acer,Thin & Light,82799,0,82799,3.9,3,Intel Core i5 Processor (8th Gen),8,256,SSD,Integrated,14,Not Specified,In Stock,Yes,Windows 10,Student / Everyday
HP 15s AMD Ryzen 3 Quad Core 5300U - (8 GB/512 GB SSD/Windows 10 Home) 15s- EQ2042AU Thin and Light La...,HP,Thin & Light,52890,3.82,54990,4.2,42,AMD Ryzen 3 Quad Core,8,512,SSD,Integrated,15.6,Not Specified,In Stock,No,Windows 10,Student / Everyday
ASUS ExpertBook B9 Intel Core i7 10th Gen 10510U - (16 GB/2 TB SSD/Windows 10 Pro) ExpertBook B9 B9450...,ASUS,Standard Notebook,233990,0,233990,5,1,Intel Core i7 Processor (10th Gen),16,2048,SSD,Integrated,14,Not Specified,In Stock,No,Windows 10,Business
Lenovo Ideapad 720S Intel Core i5 8th Gen 8250U - (8 GB/512 GB SSD/Windows 10 Home) 720S-13IKB Thin an...,Lenovo,Thin & Light,83458,0,83458,3.3,1,Intel Core i5 Processor (8th Gen),8,512,SSD,Integrated,13.3,Not Specified,In Stock,No,Windows 10,Student / Everyday
DELL 14 Snapdragon X Plus - (16 GB/512 GB SSD/Windows 11 Home) OINS441100101RING10 Thin and Light Lapt...,Dell,Thin & Light,106536,0,106536,,,Snapdragon X Plus,16,512,SSD,Integrated,14,Not Specified,In Stock,No,Windows 11,Student / Everyday
Samsung Galaxy Book4 Pro Evo AI PC Intel Core Ultra 7 155H - (16 GB/512 GB SSD/Windows 11 Home) NP940X...,Samsung,Standard Notebook,160989,0,160989,4.5,7,Intel Core Ultra 7,16,512,SSD,Integrated,14,Not Specified,In Stock,Yes,Windows 11,Student / Everyday
HP Intel Core 3 14th Gen Intel® Core™ 3 100U processor - (8 GB/512 GB SSD/Windows 11 Home) FD0883TU Th...,HP,Standard Notebook,58799,27.41,80999,,,Intel Core 3 Processor (14th Gen),8,512,SSD,Integrated,15.6,Not Specified,In Stock,No,Windows 11 Home,Student / Everyday
"ASUS Vivobook 15 (2026), AI PC with NPU up to 16TOPS, Intel Core 5 320 - (16 GB/512 GB SSD/Windows 11 ...",ASUS,Standard Notebook,112990,29.38,159990,,,Intel Core 5,16,512,SSD,Integrated,15.6,Not Specified,In Stock,No,Windows 11 Home,Student / Everyday
Samsung Galaxy Book4 (i5 14th Gen) Intel Core 5 120U - (8 GB/512 GB SSD/Windows 11 Home) NP750XGK-KG1I...,Samsung,Standard Notebook,86239,0,86239,4.4,51,Intel Core 5,8,512,SSD,Integrated,15.6,Not Specified,In Stock,No,Windows 11,Student / Everyday
DELL 14 Plus Next Gen AI PC Microsoft Office Home 2024 Intel Core Ultra 5 226V - (16 GB/512 GB SSD/Win...,Dell,Standard Notebook,97990,0.01,98000,4.3,59,Intel Core Ultra 5,16,512,SSD,Integrated,14,Not Specified,In Stock,No,Windows 11 Home,Student / Everyday
"HP OmniBook 5 Flip with Touchscreen, Backlit Keyboard & MSO'2024, Intel Core i5 13th Gen 1334U - (16 G...",HP,2-in-1,87888,1.64,89355,4.7,4,Intel Core i5 Processor (13th Gen),16,512,SSD,Integrated,14,Not Specified,In Stock,Yes,Windows 11 Home,Student / Everyday
DELL Dell Inspiron 3525 AMD Ryzen 5 5500U - (8 GB/512 GB SSD/Windows 11 Home) D560838WIN9B Thin and Li...,Dell,Thin & Light,55939,5.17,58990,3,2,AMD Ryzen 5,8,512,SSD,Integrated,15.6,Not Specified,In Stock,No,Windows 11,Student / Everyday
Lenovo Yoga Slim 7 with 1Yr ADP Intel Core i7 13th Gen 1360P - (16 GB/1 TB SSD/Windows 11 Home) 13IRP8...,Lenovo,2-in-1,174890,0,174890,,,Intel Core i7 Processor (13th Gen),16,1024,SSD,Integrated,13.3,Not Specified,In Stock,Yes,Windows 11,Student / Everyday
HP Pavilion Intel Core i5 12th Gen 1235U - (16 GB/1 TB SSD/Windows 11 Home) 14-dv2153TU Thin and Light...,HP,Thin & Light,98990,1,99990,,,Intel Core i5 Processor (12th Gen),16,1024,SSD,Integrated,14,Not Specified,In Stock,No,Windows 11,Student / Everyday
ASUS Vivobook Go 15 AMD Ryzen 5 Quad Core 7520U - (8 GB/512 GB SSD/Windows 11 Home) E1504FA-NJ133WS | ...,ASUS,Standard Notebook,46990,29.86,66990,4.2,176,AMD Ryzen 5 Quad Core,8,512,SSD,Integrated,15.6,Not Specified,In Stock,No,Windows 11,Student / Everyday
"ASUS Vivobook Go 15 OLED, with Backlit Keyboard, AMD Ryzen 3 Quad Core 7320U - (8 GB/512 GB SSD/Window...",ASUS,Standard Notebook,58556,11.28,65999,4.4,501,AMD Ryzen 3 Quad Core,8,512,SSD,Integrated,15.6,Not Specified,In Stock,No,Windows 11,Content Creation
ASUS Vivobook Go 15 (2026) with Office 2024 + M365 Basic* AMD Ryzen 5 4th Gen 40 - (8 GB/512 GB SSD/Wi...,ASUS,Standard Notebook,63456,27.48,87500,4.4,2,AMD Ryzen 5 Processor (4th Gen),8,512,SSD,Integrated,15.6,Not Specified,In Stock,No,Windows 11 Home,Student / Everyday
HP 250R G10 (2025) (i3 14th Gen) Intel Core 3 14th Gen 100U - (24 GB/512 GB SSD/Windows 11 Pro) 250R G...,HP,Standard Notebook,62548,13.13,71998,2.8,1,Intel Core 3 Processor (14th Gen),24,512,SSD,Integrated,15.6,Not Specified,In Stock,No,Windows 11,Student / Everyday
HP 14 Intel Core Ultra 5 226V - (16 GB/1 TB SSD/Windows 11 Home) 14-fm0099TU Thin and Light Laptop,HP,Thin & Light,125790,0.04,125842,,,Intel Core Ultra 5,16,1024,SSD,Integrated,14,Not Specified,In Stock,No,Windows 11 Home,Student / Everyday
HP Pavilion Intel Core i7 13th Gen 1360P - (16 GB/1 TB SSD/Windows 11 Home) 15-eg3036TU Thin and Light...,HP,Thin & Light,110990,7.51,120008,4.3,26,Intel Core i7 Processor (13th Gen),16,1024,SSD,Integrated,15.6,Not Specified,In Stock,No,Windows 11,Student / Everyday
ASUS ExpertBook B9 Intel Core i7 10th Gen 10510U - (16 GB/1 TB SSD/Windows 10 Home) ExpertBook B9 B945...,ASUS,Standard Notebook,172990,0,172990,5,0,Intel Core i7 Processor (10th Gen),16,1024,SSD,Integrated,14,Not Specified,In Stock,No,Windows 10,Business
ASUS Expertbook P3 Metal High-performance processor Intel Core i7 13th Gen 13620H - (32 GB/1 TB SSD/Wi...,ASUS,Standard Notebook,104990,18.61,128990,,,Intel Core i7 Processor (13th Gen),32,1024,SSD,Integrated,14,Not Specified,In Stock,No,Windows 11 Home,Business
Acer Swift Go 14 Office 2024 + M365 Basic AMD Ryzen 5 Hexa Core 7430U - (16 GB/512 GB SSD/Windows 11 H...,Acer,Thin & Light,69999,0,69999,4.4,112,AMD Ryzen 5 Hexa Core,16,512,SSD,Integrated,14,Not Specified,In Stock,No,Windows 11,Student / Everyday
Lenovo Intel Core i5 13th Gen 1335U - (16 GB/512 GB SSD/Windows 11 Home) ThinkBook 16 G6 Thin and Ligh...,Lenovo,Thin & Light,99630,0,99630,4.9,1,Intel Core i5 Processor (13th Gen),16,512,SSD,Integrated,16,Not Specified,In Stock,No,Windows 11 Home,Student / Everyday
HP Intel Core i5 12th Gen 1235U - (8 GB/1 TB SSD/Windows 11 Home) 15s-fq5331TU Thin and Light Laptop,HP,Thin & Light,78985,3.94,82223,4.1,2,Intel Core i5 Processor (12th Gen),8,1024,SSD,Integrated,15.6,Not Specified,In Stock,No,Windows 11,Student / Everyday
HP 15s Intel Core i5 11th Gen - (8 GB + 32 GB Optane/512 GB SSD/Windows 10 Home) 15s-FQ2071TU Thin and...,HP,Thin & Light,72990,3.32,75499,4.3,106,Intel Core i5 Processor (11th Gen),8,512,SSD,Integrated,15.6,Not Specified,In Stock,No,Windows 10,Student / Everyday
Lenovo Intel Core i3 11th Gen - (8 GB/512 GB SSD/Windows 11 Home) 15ITL05 Thin and Light Laptop,Lenovo,Thin & Light,37890,43.52,67090,,,Intel Core i3 Processor (11th Gen),8,512,SSD,Integrated,15.6,Not Specified,In Stock,No,Windows 11,Student / Everyday
ASUS Vivobook Go 15 AMD Ryzen 3 Quad Core 7320U - (8 GB/512 GB SSD/Windows 11 Home) E1504FA-NJ323WS Th...,ASUS,Standard Notebook,54991,12.55,62880,4.3,153,AMD Ryzen 3 Quad Core,8,512,SSD,Integrated,15.6,Not Specified,In Stock,No,Windows 11,Student / Everyday
Samsung Galaxy Book2 Intel Core i5 12th Gen 1235U - (8 GB/256 GB SSD/Windows 11 Home) NP750XED-KB1IN T...,Samsung,Standard Notebook,79990,0,79990,4.4,37,Intel Core i5 Processor (12th Gen),8,256,SSD,Integrated,15.6,Not Specified,In Stock,No,Windows 11,Student / Everyday
ASUS ExpertBook B9 Intel Core i5 10th Gen 10210U - (8 GB/512 GB SSD/Windows 10 Pro) ExpertBook B9 B945...,ASUS,Standard Notebook,172990,0,172990,,,Intel Core i5 Processor (10th Gen),8,512,SSD,Integrated,14,Not Specified,In Stock,No,Windows 10,Business
Acer Swift Go 14 TouchScreen AI PC Intel Core Ultra 5 125H - (16 GB/512 GB SSD/Windows 11 Home) SFG14-...,Acer,Thin & Light,88990,4.3,92990,4.4,94,Intel Core Ultra 5,16,512,SSD,Integrated,14,Not Specified,In Stock,Yes,Windows 11,Student / Everyday
DELL Intel Core i5 12th Gen 1235U - (8 GB/1 TB HDD/256 GB SSD/Windows 11 Home) New Inspiron 15 Laptop ...,Dell,Standard Notebook,68990,18.84,85000,4,5,Intel Core i5 Processor (12th Gen),8,1280,SSD + HDD,Integrated,15.6,Not Specified,In Stock,No,Windows 11,Student / Everyday
HP 15s Intel Core i5 12th Gen 1235U - (16 GB/512 GB SSD/Windows 11 Home) 15s-fq5112TU Thin and Light L...,HP,Thin & Light,79991,0.01,79999,,,Intel Core i5 Processor (12th Gen),16,512,SSD,Integrated,15.6,Not Specified,In Stock,No,Windows 11,Student / Everyday
Lenovo V 15 (2025) Intel Core i3 12th Gen 1215U - (8 GB/512 GB SSD/Windows 11 Pro) V 15 Thin and Light...,Lenovo,Thin & Light,54999,23.19,71600,4.2,0,Intel Core i3 Processor (12th Gen),8,512,SSD,Integrated,15.6,Not Specified,In Stock,No,Windows 11,Student / Everyday
ASUS Vivobook Go 15 (2025) with Office 2024 + M365 Basic* Intel Core i3 N305 - (8 GB/512 GB SSD/Window...,ASUS,Standard Notebook,55400,13.42,63990,4.3,36,Intel Core i3,8,512,SSD,Integrated,15.6,Not Specified,In Stock,No,Windows 11 Home,Student / Everyday
ASUS Vivobook Go 15 AMD Ryzen 3 Quad Core 7320U - (8 GB/512 GB SSD/Windows 11 Home) E1504FA-NJ131WS | ...,ASUS,Standard Notebook,56294,14.7,65999,4.3,186,AMD Ryzen 3 Quad Core,8,512,SSD,Integrated,15.6,Not Specified,In Stock,No,Windows 11 Home,Student / Everyday
MSI Prestige 16Studio Intel Core i7 13th Gen 13700H - (16 GB/1 TB SSD/Windows 11 Home) Prestige 16Stud...,MSI,Standard Notebook,201990,0,201990,,,Intel Core i7 Processor (13th Gen),16,1024,SSD,Integrated,16,Not Specified,In Stock,No,Windows 11,Content Creation
Lenovo IdeaPad 3 Intel Celeron Dual Core N4020 - (4 GB/256 GB SSD/Windows 10 Home) 15IGL05 Thin and Li...,Lenovo,Thin & Light,27990,30.87,40490,4.4,28,Intel Celeron Dual Core,4,256,SSD,Integrated,15.6,Not Specified,In Stock,No,Windows 10,Student / Everyday
DELL Inspiron 14 Intel Core i5 13th Gen 1334U - (16 GB/512 GB SSD/Windows 11 Home) 5440 Thin and Light...,Dell,Thin & Light,92990,5.98,98900,4.4,0,Intel Core i5 Processor (13th Gen),16,512,SSD,Integrated,14,Not Specified,In Stock,No,Windows 11,Student / Everyday
HP AMD Ryzen 5 Quad Core 7520U - (8 GB/512 GB SSD/Windows 11 Home) 15-fc0155AU Thin and Light Laptop,HP,Thin & Light,59890,9.24,65990,4.1,60,AMD Ryzen 5 Quad Core,8,512,SSD,Integrated,15.6,Not Specified,In Stock,No,Windows 11,Student / Everyday
"ASUS Vivobook Go 14, Equivalent to Intel 12th Gen, Intel Core i3 N305 - (8 GB/512 GB SSD/Windows 11 Ho...",ASUS,Standard Notebook,58458,10.06,64999,4.2,41,Intel Core i3,8,512,SSD,Integrated,14,Not Specified,In Stock,No,Windows 11,Student / Everyday
MSI Prestige 13 Evo AI PC Intel Core Ultra 5 125H - (16 GB/1 TB SSD/Windows 11 Home) Prestige 13 AI Ev...,MSI,Standard Notebook,99990,10.72,111990,4.2,0,Intel Core Ultra 5,16,1024,SSD,Integrated,13.3,Not Specified,In Stock,No,Windows 11,Student / Everyday
MICROSOFT Surface Laptop 5 Intel Core i7 12th Gen 1255U - (8 GB/256 GB SSD/Windows 11 Home) RBY-00023 ...,Microsoft,Standard Notebook,139999,0,139999,,,Intel Core i7 Processor (12th Gen),8,256,SSD,Integrated,15,Not Specified,In Stock,Yes,Windows 11,Student / Everyday
ASUS ExpertBook B9 Intel Core i7 10th Gen 10510U - (16 GB/1 TB SSD/Windows 10 Pro) ExpertBook B9 B9450...,ASUS,Standard Notebook,202990,0,202990,3,1,Intel Core i7 Processor (10th Gen),16,1024,SSD,Integrated,14,Not Specified,In Stock,No,Windows 10,Business
ASUS ExpertBook B9 Intel EVO Intel Core i7 10th Gen 10510U - (16 GB/1 TB SSD/Windows 10 Pro) ExpertBoo...,ASUS,Standard Notebook,202990,0,202990,,,Intel Core i7 Processor (10th Gen),16,1024,SSD,Integrated,14,Not Specified,In Stock,No,Windows 10,Business
ASUS Vivobook 15 Intel Core i5 13th Gen - (16 GB/512 GB SSD/Windows 11 Home) X1502VA-BQ836WS Thin and ...,ASUS,Thin & Light,75464,12.24,85990,3.7,0,Intel Core i5 Processor (13th Gen),16,512,SSD,Integrated,15.6,Not Specified,In Stock,No,Windows 11 Home,Student / Everyday
DELL Inspiron 5440 (2025) Intel Core i3 13th Gen 1305U - (8 GB/512 GB SSD/Windows 11 Home) Inspiron 54...,Dell,Standard Notebook,54990,13.43,63518,4,13,Intel Core i3 Processor (13th Gen),8,512,SSD,Integrated,14,Not Specified,In Stock,No,Windows 11 Home,Student / Everyday
HP OmniBook Snapdragon X Plus - (16 GB/512 GB SSD/Windows 11 Home) 14-fe1011QU Thin and Light Laptop,HP,Thin & Light,131463,0,131463,,,Snapdragon X Plus,16,512,SSD,Integrated,14,Not Specified,In Stock,Yes,Windows 11 Home,Student / Everyday
Lenovo IdeaPad 3 Intel Core i3 12th Gen 1215U - (8 GB/512 GB SSD/Windows 11 Home) IdeaPad 3 15IAU7 Thi...,Lenovo,Standard Notebook,35099,49.85,69990,4.2,94,Intel Core i3 Processor (12th Gen),8,512,SSD,Integrated,15.6,Not Specified,In Stock,No,Windows 11,Student / Everyday
ASUS Intel Core i3 10th Gen 10110U - (4 GB/1 TB HDD/Windows 10 Home) X409FA-BV301T Thin and Light Lapt...,ASUS,Thin & Light,47990,2.06,48999,3.5,6,Intel Core i3 Processor (10th Gen),4,1024,HDD,Integrated,14,Not Specified,In Stock,No,Windows 10,Student / Everyday
ASUS ExpertBook B9 Intel Core i5 10th Gen 10210U - (8 GB/512 GB SSD/Windows 10 Home) ExpertBook B9 B94...,ASUS,Standard Notebook,141990,0,141990,,,Intel Core i5 Processor (10th Gen),8,512,SSD,Integrated,14,Not Specified,In Stock,No,Windows 10,Business
Lenovo Ideapad 720S Intel Core i7 8th Gen 8550U - (8 GB/512 GB SSD/Windows 10 Home) 720S-13IKB Thin an...,Lenovo,Thin & Light,86000,0,86000,2.3,0,Intel Core i7 Processor (8th Gen),8,512,SSD,Integrated,13.3,Not Specified,In Stock,No,Windows 10,Student / Everyday
HP 250 G9 Intel Core i3 12th Gen 1215U - (8 GB/512 GB SSD/Windows 11 Home) 7M657PA Thin and Light Lapt...,HP,Thin & Light,57990,1.7,58990,4.1,4,Intel Core i3 Processor (12th Gen),8,512,SSD,Integrated,15.6,Not Specified,In Stock,No,Windows 11,Student / Everyday
Samsung Galaxy Book3 Intel Core i7 13th Gen 1355U - (16 GB/512 GB SSD/Windows 11 Home) NP750XFG-KA3IN ...,Samsung,Standard Notebook,79990,33.89,120990,4.4,88,Intel Core i7 Processor (13th Gen),16,512,SSD,Integrated,15.6,Not Specified,In Stock,No,Windows 11,Student / Everyday
Lenovo V14 Intel Core i5 12th Gen 1235U - (8 GB/512 GB SSD/Windows 11 Home) V14 ITL G2 Thin and Light ...,Lenovo,Thin & Light,63955,4.53,66990,4.1,85,Intel Core i5 Processor (12th Gen),8,512,SSD,Integrated,14,Not Specified,In Stock,No,Windows 11,Student / Everyday
Lenovo IdeaPad AMD Ryzen 5 Hexa Core 5500U - (8 GB/512 GB SSD/Windows 10 Home) IdeaPad 5 15ALC05 Thin ...,Lenovo,Thin & Light,61939,20.89,78290,4,18,AMD Ryzen 5 Hexa Core,8,512,SSD,Integrated,15.6,Not Specified,In Stock,No,Windows 10,Student / Everyday
"Apple MacBook Pro (M5 Max, 2026) M5 Max - (36 GB/2 TB SSD/Tahoe) MGED4HN/A",Apple,Standard Notebook,539900,0,539900,,,Apple M5 Max,36,2048,SSD,Integrated,16,Not Specified,In Stock,No,macOS,Student / Everyday
HP Essentials Intel Core i3 13th Gen 1315U - (8 GB/512 GB SSD/Windows 11 Home) fd0572TU Thin and Light...,HP,Thin & Light,58890,14.64,68990,,,Intel Core i3 Processor (13th Gen),8,512,SSD,Integrated,15,Not Specified,In Stock,No,Windows 11 Home,Student / Everyday
HP 15 (2025) AMD Ryzen 5 Quad Core 7520U - (8 GB/512 GB SSD/Windows 11 Pro) 15 Thin and Light Laptop,HP,Thin & Light,55476,7.92,60250,3.8,2,AMD Ryzen 5 Quad Core,8,512,SSD,Integrated,15.6,Not Specified,In Stock,No,Windows 11,Student / Everyday
DELL 14 Snapdragon X Plus - (16 GB/512 GB SSD/Windows 11 Home) 5441 Thin and Light Laptop,Dell,Thin & Light,106536,0,106536,,,Snapdragon X Plus,16,512,SSD,Integrated,14,Not Specified,In Stock,No,Windows 11,Student / Everyday
DELL Intel Core i3 12th Gen 1215U - (8 GB/512 GB SSD/Windows 11 Home) Inspiron 3520 Thin and Light Lap...,Dell,Thin & Light,56990,5,59990,4.4,1,Intel Core i3 Processor (12th Gen),8,512,SSD,Integrated,15.6,Not Specified,In Stock,No,Windows 11,Student / Everyday
Infinix ZEROBOOK 13 Intel Intel Core i9 13th Gen 13900H - (32 GB/1 TB SSD/Windows 11 Home) ZL513 Thin ...,Infinix,Thin & Light,149900,0,149900,4.1,193,Intel Core i9 Processor (13th Gen),32,1024,SSD,Integrated,15.6,Not Specified,In Stock,No,Windows 11,Student / Everyday
HP 15s Intel Core i3 11th Gen 1125G4 - (8 GB/512 GB SSD/Windows 11 Home) 15s-dy3501TU Thin and Light L...,HP,Thin & Light,55890,5.27,58999,4.3,62,Intel Core i3 Processor (11th Gen),8,512,SSD,Integrated,15.6,Not Specified,In Stock,No,Windows 11,Student / Everyday
Acer Aspire 3 AMD Ryzen 3 5400U - (8 GB/256 GB SSD/Windows 11 Home) A325-42 Thin and Light Laptop,Acer,Thin & Light,40990,31.67,59990,,,AMD Ryzen 3,8,256,SSD,Integrated,15.6,Not Specified,In Stock,No,Windows 11 Home,Student / Everyday
MICROSOFT Surface Laptop 5 Intel Core i7 12th Gen 1255U - (16 GB/512 GB SSD/Windows 11 Home) RBG-00048...,Microsoft,Standard Notebook,178999,0,178999,,,Intel Core i7 Processor (12th Gen),16,512,SSD,Integrated,13.5,Not Specified,In Stock,Yes,Windows 11,Student / Everyday
DELL Inspiron 5430 Intel Core i5 13th Gen - (16 GB/1 TB SSD/Windows 11 Home) IN5430JNH1P001ORS1 Thin a...,Dell,Thin & Light,94999,4.04,99000,4,24,Intel Core i5 Processor (13th Gen),16,1024,SSD,Integrated,14,Not Specified,In Stock,No,Windows 11,Student / Everyday
MSI Prestige 16 Intel Core i7 13th Gen 13700H - (16 GB/1 TB SSD/Windows 11 Home/4 GB Graphics) Prestig...,MSI,Standard Notebook,169990,0,169990,,,Intel Core i7 Processor (13th Gen),16,1024,SSD,Integrated,16,Not Specified,In Stock,No,Windows 11,Student / Everyday
MSI Prestige 13 Evo Intel Core i7 13th Gen 1360P - (16 GB/1 TB SSD/Windows 11 Home) Prestige 13Evo A13...,MSI,Standard Notebook,139990,0,139990,3.9,3,Intel Core i7 Processor (13th Gen),16,1024,SSD,Integrated,13.3,Not Specified,In Stock,No,Windows 11,Student / Everyday
ASUS VivoBook Ultra AMD Ryzen 7 Octa Core 5700U - (8 GB/512 GB SSD/Windows 10 Home) KM413UA-EB703TS Th...,ASUS,Standard Notebook,60991,28.24,84990,4.3,7,AMD Ryzen 7 Octa Core,8,512,SSD,Integrated,14,Not Specified,In Stock,No,Windows 10,Student / Everyday
HP 255 G9 AMD Ryzen 3 Dual Core R3 3250 - (8 GB/512 GB SSD/Windows 11 Home) 255 G8 Thin and Light Lapt...,HP,Thin & Light,51990,1.9,52999,,,AMD Ryzen 3 Dual Core,8,512,SSD,Integrated,15.6,Not Specified,In Stock,No,Windows 11,Student / Everyday
DELL PRO 15 (2026) DDR5 5600Mhz (i3 14th Gen) Intel Core 3 14th Gen 100U - (16 GB/512 GB SSD/Windows 1...,Dell,Standard Notebook,66990,21.19,85000,3.9,1,Intel Core 3 Processor (14th Gen),16,512,SSD,Integrated,15.6,Not Specified,In Stock,No,Windows 11,Student / Everyday
HP Professional Intel Core i5 13th Gen 1334U - (16 GB/512 GB SSD/Windows 11 Pro) 250 G10 Thin and Ligh...,HP,Thin & Light,75000,21.51,95555,3.9,2,Intel Core i5 Processor (13th Gen),16,512,SSD,Integrated,15.6,Not Specified,In Stock,No,Windows 11,Student / Everyday
Acer Swift Go 14Office 2024 + M365 Basic AMD Ryzen 7 Octa Core 7730U - (16 GB/512 GB SSD/Windows 11 Ho...,Acer,Thin & Light,79999,0,79999,4.4,77,AMD Ryzen 7 Octa Core,16,512,SSD,Integrated,14,Not Specified,In Stock,No,Windows 11,Student / Everyday
DELL Inspiron 5430 Intel Core i5 13th Gen - (16 GB/512 GB SSD/Windows 11 Home) IN54308TR2G001ORS1 Thin...,Dell,Thin & Light,76990,18.1,94000,4,24,Intel Core i5 Processor (13th Gen),16,512,SSD,Integrated,14,Not Specified,In Stock,No,Windows 11,Student / Everyday
Lenovo IdeaPad Flex 5 Intel Intel Core i3 12th Gen 1215U - (8 GB/512 GB SSD/Windows 11 Home) 14IAU7 Th...,Lenovo,Standard Notebook,57990,31.77,84990,4,2,Intel Core i3 Processor (12th Gen),8,512,SSD,Integrated,14,Not Specified,In Stock,Yes,Windows 11,Student / Everyday
ASUS Vivobook 15 Intel Core i5 11th Gen 1135G7 - (8 GB/512 GB SSD/Windows 11 Home) X515EA-EJ522WS Thin...,ASUS,Thin & Light,59990,5.53,63499,4.3,636,Intel Core i5 Processor (11th Gen),8,512,SSD,Integrated,15.6,Not Specified,In Stock,No,Windows 11,Student / Everyday
HP Pavilion Intel Core i3 11th Gen 1125G4 - (8 GB/512 GB SSD/Windows 11 Home) 14-dy0207TU Thin and Lig...,HP,Thin & Light,76990,3.15,79490,4.4,16,Intel Core i3 Processor (11th Gen),8,512,SSD,Integrated,14,Not Specified,In Stock,Yes,Windows 11,Student / Everyday
ASUS Pro P5 Intel Core i7 8th Gen 8565U - (8 GB/1 TB HDD/256 GB SSD/Windows 10 Pro) Pro P5 P5440FA Thi...,ASUS,Standard Notebook,98912,0,98912,,,Intel Core i7 Processor (8th Gen),8,1280,SSD + HDD,Integrated,14,Not Specified,In Stock,No,Windows 10,Student / Everyday
ASUS Intel Core i5 5th Gen - (16 GB/512 GB SSD/Windows 11 Home) X1502VA-BQ836WS Thin and Light Laptop,ASUS,Thin & Light,75377,12.34,85990,,,Intel Core i5 Processor (5th Gen),16,512,SSD,Integrated,15.6,Not Specified,In Stock,No,Windows 11 Home,Student / Everyday
MSI Modern 14 Intel Core i3 13th Gen 1315U - (16 GB/512 GB SSD/Windows 11 Home) Modern 14 C13M-1424IN ...,MSI,Standard Notebook,65990,13.16,75990,4.4,34,Intel Core i3 Processor (13th Gen),16,512,SSD,Integrated,14,Not Specified,In Stock,No,Windows 11,Student / Everyday
Lenovo V 14 (2025) Intel Core i7 12th Gen 1255U - (16 GB/512 GB SSD/Windows 11 Pro) V 14 Thin and Ligh...,Lenovo,Thin & Light,84999,0,85000,4,1,Intel Core i7 Processor (12th Gen),16,512,SSD,Integrated,14,Not Specified,In Stock,No,Windows 11,Student / Everyday
HP 14R (2025) Intel Core i3 13th Gen 1315U - (16 GB/512 GB SSD/Windows 11 Pro) 14R G9 Thin and Light L...,HP,Thin & Light,69990,2.78,71992,3.8,7,Intel Core i3 Processor (13th Gen),16,512,SSD,Integrated,14,Not Specified,In Stock,No,Windows 11,Student / Everyday
HP 15s Intel Core i3 11th Gen 1115G4 - (8 GB/512 GB SSD/Windows 11 Home) 15s-fr2511TU Thin and Light L...,HP,Thin & Light,57990,3.35,59999,4.3,467,Intel Core i3 Processor (11th Gen),8,512,SSD,Integrated,15.6,Not Specified,In Stock,No,Windows 11,Student / Everyday
HP AMD Ryzen 7 Octa Core 5700U - (16 GB/512 GB SSD/Windows 11 Home) 14s-fy1005AU Thin and Light Laptop,HP,Thin & Light,83990,1.41,85191,4.2,26,AMD Ryzen 7 Octa Core,16,512,SSD,Integrated,14,Not Specified,In Stock,No,Windows 11,Student / Everyday
Apple MacBook AIR M2 - (8 GB/256 GB SSD/Mac OS Monterey) MLXY3HN/A,Apple,Thin & Light,99900,0,99900,4.7,861,Apple M2,8,256,SSD,Integrated,13.6,Not Specified,In Stock,No,macOS,Student / Everyday
HP 15s Intel Core i3 11th Gen 1125G4 - (8 GB/256 GB SSD/Windows 11 Home) 15s-fq2626TU Thin and Light L...,HP,Thin & Light,52001,13.33,59999,4.4,10,Intel Core i3 Processor (11th Gen),8,256,SSD,Integrated,15.6,Not Specified,In Stock,No,Windows 11,Student / Everyday
Lenovo IdeaPad 1 AMD Ryzen 5 Hexa Core 5500U - (8 GB/512 GB SSD/Windows 11 Home) IdeaPad 1 15ALC7 Thin...,Lenovo,Thin & Light,57990,12.14,65999,3.6,0,AMD Ryzen 5 Hexa Core,8,512,SSD,Integrated,15.6,Not Specified,In Stock,No,Windows 11 Home,Student / Everyday
Acer Aspire 3 (2025) Intel Core i3 13th Gen 1305U - (8 GB/512 GB SSD/Windows 11 Home) A325-53 Thin and...,Acer,Thin & Light,47990,15.79,56990,3.9,0,Intel Core i3 Processor (13th Gen),8,512,SSD,Integrated,15.6,Not Specified,In Stock,No,Windows 11,Student / Everyday
Lenovo IdeaPad Slim 3 Intel Core i5 13th Gen 13420H - (16 GB/512 GB SSD/Windows 11 Home) 15IRH8 Thin a...,Lenovo,Thin & Light,73853,14.71,86590,4.3,53,Intel Core i5 Processor (13th Gen),16,512,SSD,Integrated,15.6,Not Specified,In Stock,No,Windows 11,Student / Everyday
ASUS Vivobook S 15 OLED Intel Core i9 13th Gen 13900H - (16 GB/1 TB SSD/Windows 11 Home) S5504VA-MA951...,ASUS,Thin & Light,135900,6.27,144990,4.4,4,Intel Core i9 Processor (13th Gen),16,1024,SSD,Integrated,15.6,Not Specified,In Stock,No,Windows 11,Content Creation
Lenovo V15 AMD Ryzen 5 Hexa Core 5500U - (8 GB/512 GB SSD/DOS) V15 G2 ALC Thin and Light Laptop,Lenovo,Thin & Light,56000,19.42,69500,4.1,10,AMD Ryzen 5 Hexa Core,8,512,SSD,Integrated,15.6,Not Specified,In Stock,No,DOS,Student / Everyday
HP 15s AMD Ryzen 3 Dual Core 3250U - (8 GB/256 GB SSD/Windows 11 Home) 15s-ey1508AU Thin and Light Lap...,HP,Thin & Light,34790,10.79,39000,4.2,378,AMD Ryzen 3 Dual Core,8,256,SSD,Integrated,15.6,Not Specified,Out of Stock,No,Windows 11,Student / Everyday
ASUS ExpertBook P2 Intel Core i5 10th Gen 10210U - (8 GB/1 TB HDD/DOS/2 GB Graphics) ExpertBook P2 P24...,ASUS,Standard Notebook,75999,1.3,77000,4.3,0,Intel Core i5 Processor (10th Gen),8,1024,HDD,Integrated,14,Not Specified,In Stock,No,DOS,Business
MICROSOFT Surface Laptop 5 Intel Core i5 12th Gen 1235U - (8 GB/256 GB SSD/Windows 11 Home) QZI-00023 ...,Microsoft,Standard Notebook,107999,0,107999,,,Intel Core i5 Processor (12th Gen),8,256,SSD,Integrated,13.5,Not Specified,In Stock,Yes,Windows 11,Student / Everyday
Lenovo IdeaPad Slim 3 Intel Core i5 11th Gen 1135G7 - (16 GB/512 GB SSD/Windows 11 Home) 15ITL6 Thin a...,Lenovo,Thin & Light,52999,22.28,68190,4.2,429,Intel Core i5 Processor (11th Gen),16,512,SSD,Integrated,15.6,Not Specified,In Stock,No,Windows 11,Student / Everyday
Acer Aspire 3 Intel Core i5 11th Gen 1135G7 - (8 GB/512 GB SSD/Windows 11 Home) A315-58 Thin and Light...,Acer,Thin & Light,62991,16,74990,4.1,27,Intel Core i5 Processor (11th Gen),8,512,SSD,Integrated,15.6,Not Specified,Out of Stock,No,Windows 11,Student / Everyday
HP Intel Intel Core i3 10th Gen 10110U - (8 GB/512 GB SSD/Windows 10 Home) 15s-DU1516TU Thin and Light...,HP,Thin & Light,57990,1.7,58990,4.3,136,Intel Core i3 Processor (10th Gen),8,512,SSD,Integrated,15.6,Not Specified,In Stock,No,Windows 10,Student / Everyday
ASUS Pro P5 Intel Core i5 8th Gen 8265U - (8 GB/512 GB SSD/Windows 10 Pro) Pro P5 P5440FA Thin and Lig...,ASUS,Thin & Light,88990,0,88990,,,Intel Core i5 Processor (8th Gen),8,512,SSD,Integrated,14,Not Specified,In Stock,No,Windows 10,Student / Everyday
HP HP 255R G10 (2025) Professional AMD Ryzen 3 Quad Core 7335U - (8 GB/512 GB SSD/Windows 11 Home/8 GB...,HP,Standard Notebook,53090,11.52,59999,,,AMD Ryzen 3 Quad Core,8,512,SSD,Integrated,15.6,Not Specified,In Stock,No,Windows 11,Student / Everyday
"ASUS Vivobook S14 OLED (2026) AI PC with Office 2024 + M365 Basic*, Copilot+ PC Intel Core Ultra 7 Ser...",ASUS,Thin & Light,155990,11.36,175990,,,Intel Core Ultra 7 Processor (Series 3),16,1024,SSD,Integrated,14,Not Specified,In Stock,No,Windows 11 Home,Content Creation
HP G10 AMD Ryzen 5 Quad Core 7520U - (8 GB/512 GB SSD/Windows 11 Home) 245 G10 Thin and Light Laptop,HP,Thin & Light,57990,3.32,59980,4.1,20,AMD Ryzen 5 Quad Core,8,512,SSD,Integrated,14,Not Specified,In Stock,No,Windows 11 Home,Student / Everyday
HP 15 with Backlit Keyboard & Office 2024 AMD Ryzen 7 Octa Core 5825U - (16 GB/512 GB SSD/Windows 11 H...,HP,Standard Notebook,77071,10.38,85999,4.2,26,AMD Ryzen 7 Octa Core,16,512,SSD,Integrated,15.6,Not Specified,In Stock,No,Windows 11 Home,Student / Everyday
ASUS Vivobook Go 15 AMD Ryzen 5 Quad Core 7520U - (16 GB/512 GB SSD/Windows 11 Home) E1504FA-NJ541WS T...,ASUS,Standard Notebook,69990,1.41,70990,4.2,5,AMD Ryzen 5 Quad Core,16,512,SSD,Integrated,15.6,Not Specified,In Stock,No,Windows 11 Home,Student / Everyday
Acer Aspire 5 Intel Core i5 11th Gen 1135G7 - (8 GB/512 GB SSD/Windows 11 Home) A515-56-51EV Thin and ...,Acer,Thin & Light,70490,6,74990,4.2,38,Intel Core i5 Processor (11th Gen),8,512,SSD,Integrated,15.6,Not Specified,In Stock,No,Windows 11,Student / Everyday
Lenovo IdeaPad Slim 5i Intel Core i5 11th Gen 1135G7 - (16 GB/512 GB SSD/Windows 11 Home/2 GB Graphics...,Lenovo,Thin & Light,62999,38.97,103233,4.2,8,Intel Core i5 Processor (11th Gen),16,512,SSD,Integrated,15.6,Not Specified,In Stock,No,Windows 11,Student / Everyday
ASUS Pro P5 Intel Core i5 8th Gen 8265U - (8 GB/1 TB HDD/Windows 10 Pro) Pro P5 P5440FA Thin and Light...,ASUS,Thin & Light,81990,0,81990,,,Intel Core i5 Processor (8th Gen),8,1024,HDD,Integrated,14,Not Specified,In Stock,No,Windows 10,Student / Everyday
ASUS Vivobook Go 14 (2025) with Office 2024 + M365 Basic* AMD Ryzen 3 Quad Core 7320U - (8 GB/512 GB S...,ASUS,Standard Notebook,55991,6.67,59990,4.2,306,AMD Ryzen 3 Quad Core,8,512,SSD,Integrated,14,Not Specified,In Stock,No,Windows 11 Home,Student / Everyday
Lenovo IdeaPad Slim 5 Co-Pilot Next Gen AI PC Full Metal with 1Yr ADP Snapdragon X Plus - (16 GB/1 TB ...,Lenovo,Thin & Light,88850,29.42,125890,4.1,98,Snapdragon X Plus,16,1024,SSD,Integrated,14,Not Specified,In Stock,No,Windows 11,Student / Everyday
ASUS Vivobook 14 Intel Core i3 13th Gen 1315U - (8 GB/512 GB SSD/Windows 11 Home) X1404VA-NK321WS Thin...,ASUS,Thin & Light,58999,10.59,65990,4,44,Intel Core i3 Processor (13th Gen),8,512,SSD,Integrated,14,Not Specified,In Stock,No,Windows 11,Student / Everyday
HP 15s Intel Core i3 11th Gen 1115G4 - (8 GB/256 GB SSD/Windows 11 Home) 15s-FQ2075TU Thin and Light L...,HP,Thin & Light,57990,1.71,59000,4.3,111,Intel Core i3 Processor (11th Gen),8,256,SSD,Integrated,15.6,Not Specified,In Stock,No,Windows 11 Home,Student / Everyday
HP Intel Core Ultra 7 155H - (16 GB/512 GB SSD/Windows 11 Home) 14-ep1151TU Thin and Light Laptop,HP,Thin & Light,93042,6.95,99990,,,Intel Core Ultra 7,16,512,SSD,Integrated,14,Not Specified,In Stock,No,Windows 11 Home,Student / Everyday
DELL Inspiron Intel Core Ultra 5 125H - (16 GB/512 GB SSD/Windows 11 Home) 5330 Thin and Light Laptop,Dell,Thin & Light,98990,13.92,115000,5,1,Intel Core Ultra 5,16,512,SSD,Integrated,13.3,Not Specified,In Stock,No,Windows 11,Student / Everyday
DELL 14 Snapdragon X Plus - (16 GB/512 GB SSD/Windows 11 Home) 7441 Thin and Light Laptop,Dell,Thin & Light,89990,35.68,139900,,,Snapdragon X Plus,16,512,SSD,Integrated,14,Not Specified,In Stock,Yes,Windows 11,Student / Everyday
HP HP Laptop Intel Core i3 13th Gen 1315U - (8 GB/512 GB SSD/Windows 11 Home) 15-fd0186TU Thin and Lig...,HP,Thin & Light,54990,14.06,63990,4.2,40,Intel Core i3 Processor (13th Gen),8,512,SSD,Integrated,15.6,Not Specified,In Stock,No,Windows 11,Student / Everyday
HP 250R G10 (2025) (i3 14th Gen) Intel Core 3 14th Gen 100U - (16 GB/512 GB SSD/Windows 11 Pro) 250R G...,HP,Standard Notebook,64990,1.52,65990,4.2,5,Intel Core 3 Processor (14th Gen),16,512,SSD,Integrated,15.6,Not Specified,In Stock,No,Windows 11,Student / Everyday
HP Intel Core i5 13th Gen 1334U - (16 GB/512 GB SSD/Windows 11 Home) 15-fd0315TU Thin and Light Laptop,HP,Thin & Light,87999,6.38,93999,4.1,15,Intel Core i5 Processor (13th Gen),16,512,SSD,Integrated,15.5,Not Specified,In Stock,No,Windows 11,Student / Everyday
Lenovo ThinkBook 15 G3 AMD Ryzen 5 Hexa Core 5500U - (8 GB/512 GB SSD/Windows 11 Home) Thinkbook 15 G3...,Lenovo,Thin & Light,58499,36.89,92700,3.8,10,AMD Ryzen 5 Hexa Core,8,512,SSD,Integrated,15.6,Not Specified,In Stock,No,Windows 11,Student / Everyday
Lenovo IdeaPad Slim 3 Intel Core i3 11th Gen 1115G4 - (8 GB/512 GB SSD/Windows 11 Home) 81X800J3IN|81X...,Lenovo,Thin & Light,35950,37.9,57890,4.2,251,Intel Core i3 Processor (11th Gen),8,512,SSD,Integrated,15.6,Not Specified,In Stock,No,Windows 11,Student / Everyday
Lenovo V14 Intel Core i5 11th Gen 1135G7 - (8 GB/256 GB SSD/Windows 10) V14 Thin and Light Laptop,Lenovo,Thin & Light,64991,1.53,66000,4.2,1,Intel Core i5 Processor (11th Gen),8,256,SSD,Integrated,14,Not Specified,In Stock,No,Windows 10,Student / Everyday
HP 15 {2026} Intel Core i5 14th Gen 120U - (8 GB/512 GB SSD/Windows 11 Home) FD0651TU Thin and Light L...,HP,Thin & Light,75499,4.42,78990,,,Intel Core i5 Processor (14th Gen),8,512,SSD,Integrated,15.6,Not Specified,In Stock,No,Windows 11 Home,Student / Everyday
HP 15 (i5 14th Gen) Intel Core 5 120U - (8 GB/512 GB SSD/Windows 11 Home) FD0651TU Thin and Light Lapt...,HP,Thin & Light,76368,7.99,82999,4.2,28,Intel Core 5,8,512,SSD,Integrated,15.6,Not Specified,In Stock,No,Windows 11 Home,Student / Everyday
HP 255 G10 Backlit Keyboard (2025) AMD Ryzen 3 Quad Core 7330U - (8 GB/512 GB SSD/Windows 11 Pro) 255 ...,HP,Standard Notebook,53111,6.81,56990,4,1,AMD Ryzen 3 Quad Core,8,512,SSD,Integrated,15.6,Not Specified,In Stock,No,Windows 11,Student / Everyday
Samsung Galaxy Book4 (i5 14th Gen) Intel Core 5 120U - (16 GB/512 GB SSD/Linux) NP754XGQ-LS1IN Thin an...,Samsung,Thin & Light,65237,21.2,82789,3.3,5,Intel Core 5,16,512,SSD,Integrated,15.6,Not Specified,In Stock,No,Linux,Student / Everyday
"ASUS Vivobook 14 (2025) with Office 2024 + M365 Basic*, Intel Core i5 13th Gen 1335U - (8 GB/512 GB SS...",ASUS,Standard Notebook,68998,9.2,75990,3.6,2,Intel Core i5 Processor (13th Gen),8,512,SSD,Integrated,14,Not Specified,In Stock,No,Windows 11 Home,Student / Everyday
HP MS Office 2024 Intel Core i3 13th Gen 1315U - (8 GB/512 GB SSD/Windows 11 Home) fd0465TU Thin and L...,HP,Thin & Light,54990,14.06,63990,4.1,4,Intel Core i3 Processor (13th Gen),8,512,SSD,Integrated,15.6,Not Specified,In Stock,No,Windows 11 Home,Student / Everyday
Lenovo Lenovo V15 G3 IAP Intel Core i5 12th Gen 1235U - (16 GB/512 GB SSD/Windows 11 Home) 82TTA07RIH ...,Lenovo,Standard Notebook,78999,7.06,85000,4.1,27,Intel Core i5 Processor (12th Gen),16,512,SSD,Integrated,15.6,Not Specified,Out of Stock,No,Windows 11,Student / Everyday
HP Intel Core i5 13th Gen 1340P - (16 GB/512 GB SSD/Windows 11 Home) 15-eg3027TU Thin and Light Laptop,HP,Thin & Light,76800,10.49,85800,3.7,4,Intel Core i5 Processor (13th Gen),16,512,SSD,Integrated,15.6,Not Specified,In Stock,No,Windows 11,Student / Everyday
DELL Vostro 15 Intel Core i3 13th Gen 1305U - (16 GB/512 GB SSD/Windows 11 Home) 3530 Thin and Light L...,Dell,Thin & Light,63500,13,72990,4.2,71,Intel Core i3 Processor (13th Gen),16,512,SSD,Integrated,15.6,Not Specified,In Stock,No,Windows 11 Home,Student / Everyday
"ASUS Vivobook 15, with Backlit Keyboard, Intel Core i3 12th Gen 1215U - (16 GB/512 GB SSD/Windows 11 H...",ASUS,Standard Notebook,66990,2.9,68990,4.3,524,Intel Core i3 Processor (12th Gen),16,512,SSD,Integrated,15.6,Not Specified,In Stock,No,Windows 11 Home,Student / Everyday
Samsung Galaxy Book2 Pro EVO AMOLED Intel Core i7 12th Gen 1260P - (16 GB/512 GB SSD/Windows 11 Home) ...,Samsung,Standard Notebook,121899,18.73,149990,4.7,0,Intel Core i7 Processor (12th Gen),16,512,SSD,Integrated,15.6,Not Specified,In Stock,No,Windows 11 Home,Content Creation
Samsung Galaxy Book6 Pro Intel Core Ultra 5 Series 3 325 - (16 GB/512 GB SSD/Windows 11 Home) NP960XJG...,Samsung,Standard Notebook,226790,0,226790,,,Intel Core Ultra 5 Processor (Series 3),16,512,SSD,Integrated,16,Not Specified,In Stock,Yes,Windows 11 Home,Student / Everyday
HP 250R G10 (2025) (i3 14th Gen) Intel Core 3 14th Gen 100U - (16 GB/512 GB SSD/Windows 11 Home) 250R ...,HP,Standard Notebook,62990,17.11,75990,4.3,1,Intel Core 3 Processor (14th Gen),16,512,SSD,Integrated,15.6,Not Specified,In Stock,No,Windows 11 Home,Student / Everyday
DELL Vostro Intel Core i5 12th Gen 1235U - (16 GB/512 GB SSD/Windows 11 Home) 3520 Thin and Light Lapt...,Dell,Thin & Light,69990,12.51,79999,4.2,40,Intel Core i5 Processor (12th Gen),16,512,SSD,Integrated,15.6,Not Specified,In Stock,No,Windows 11 Home,Student / Everyday
Lenovo Lenovo V15 G3 IAP Intel Core i7 12th Gen 1255U - (16 GB/512 GB SSD/Windows 11 Home) 82TTA073IN ...,Lenovo,Standard Notebook,79900,6,85000,4.2,11,Intel Core i7 Processor (12th Gen),16,512,SSD,Integrated,15.6,Not Specified,In Stock,No,Windows 11,Student / Everyday
HP Intel Pentium Quad Core N6000 - (8 GB/512 GB SSD/Windows 11 Home) 15s-fq3073TU Thin and Light Lapto...,HP,Thin & Light,50990,0.78,51390,3.4,5,Intel Pentium Quad Core,8,512,SSD,Integrated,15.6,Not Specified,In Stock,No,Windows 11,Student / Everyday
ASUS Intel Core i5 12th Gen 12500H - (16 GB/512 GB SSD/Windows 11 Home) X1605ZAC-MB540WS Thin and Ligh...,ASUS,Thin & Light,71000,11.25,79999,3.8,1,Intel Core i5 Processor (12th Gen),16,512,SSD,Integrated,16,Not Specified,In Stock,No,Windows 11,Student / Everyday
"ASUS Vivobook 15, with Backlit Keyboard, Intel Core i7 13th Gen 13620H - (16 GB/512 GB SSD/Windows 11 ...",ASUS,Standard Notebook,111999,0,111999,4.3,48,Intel Core i7 Processor (13th Gen),16,512,SSD,Integrated,15.6,Not Specified,In Stock,No,Windows 11 Home,Student / Everyday
HP Intel Core i5 12th Gen 1235U - (8 GB/512 GB SSD/Windows 11 Home) 15s-fr5010TU Thin and Light Laptop,HP,Thin & Light,63000,7.67,68233,,,Intel Core i5 Processor (12th Gen),8,512,SSD,Integrated,15.6,Not Specified,In Stock,No,Windows 11,Student / Everyday
Lenovo V 14 (2025) Intel Core i5 12th Gen 1235U - (8 GB/512 GB SSD/Windows 11 Pro) V 14 Thin and Light...,Lenovo,Thin & Light,63999,19.9,79900,4.5,0,Intel Core i5 Processor (12th Gen),8,512,SSD,Integrated,14,Not Specified,In Stock,No,Windows 11,Student / Everyday
HP Pavilion Eyesafe Intel Core i5 12th Gen 1240P - (16 GB/512 GB SSD/Windows 11 Home) EG2036TU Thin an...,HP,Thin & Light,80260,9.81,88990,4,19,Intel Core i5 Processor (12th Gen),16,512,SSD,Integrated,15.6,Not Specified,In Stock,No,Windows 11,Student / Everyday
ASUS 1315U Intel Core i3 13th Gen 1315U - (16 GB/512 GB SSD/Windows 11 Home) X1504VA-NJ2325WS Thin and...,ASUS,Thin & Light,61690,11.86,69990,,,Intel Core i3 Processor (13th Gen),16,512,SSD,Integrated,15.6,Not Specified,In Stock,No,Windows 11 Home,Student / Everyday
DELL Inspiron 14 Intel Core i5 13th Gen 1334U - (16 GB/512 GB SSD/Windows 11 Home) Inspiron 5440 Thin ...,Dell,Thin & Light,90623,8.37,98900,4.8,2,Intel Core i5 Processor (13th Gen),16,512,SSD,Integrated,14,Not Specified,In Stock,No,Windows 11 Home,Student / Everyday
ASUS Vivobook 15 Intel Core i3 11th Gen 1115G4 - (8 GB/256 GB SSD/Windows 11 Home) X515EA-EJ312W Thin ...,ASUS,Thin & Light,28990,35.56,44990,4.3,334,Intel Core i3 Processor (11th Gen),8,256,SSD,Integrated,15.6,Not Specified,In Stock,No,Windows 11,Student / Everyday
Lenovo IdeaPad Slim 3 AMD Ryzen 7 Octa Core 5825U - (16 GB/512 GB SSD/Windows 11 Home) IdeaPad Slim 3 ...,Lenovo,Thin & Light,94990,40.14,158690,,,AMD Ryzen 7 Octa Core,16,512,SSD,Integrated,15.6,Not Specified,In Stock,No,Windows 11 Home,Student / Everyday
Prittec MAXBOOK Intel Celeron Quad Core N4200 - (8 GB + 16 GB Optane/256 GB/256 GB HDD/256 GB SSD/Wind...,Prittec,Standard Notebook,26842,16.09,31990,,,Intel Celeron Quad Core,8,512,SSD + HDD,Integrated,14,Not Specified,In Stock,No,Windows 11,Student / Everyday
HP 255 G10 Backlit + FingerPrint (2025) AMD Ryzen 5 Quad Core 7520U - (16 GB/512 GB SSD/Windows 11 Hom...,HP,Standard Notebook,68806,1.7,69999,4.6,0,AMD Ryzen 5 Quad Core,16,512,SSD,Integrated,15.6,Not Specified,In Stock,No,Windows 11 Home,Student / Everyday
HP Laptop Intel Core i3 12th Gen 1215U - (8 GB/256 GB SSD/Windows 11 Home) 15s-fy5010TU Thin and Light...,HP,Thin & Light,57990,3.33,59990,4.3,388,Intel Core i3 Processor (12th Gen),8,256,SSD,Integrated,15.6,Not Specified,In Stock,No,Windows 11 Home,Student / Everyday
HP 15s Intel Core i5 13th Gen 1335U - (8 GB/1 TB SSD/Windows 11 Home) 15-fd0012TU Thin and Light Lapto...,HP,Thin & Light,72990,15.12,85990,4.2,35,Intel Core i5 Processor (13th Gen),8,1024,SSD,Integrated,15.6,Not Specified,In Stock,No,Windows 11,Student / Everyday
HP 14s Intel Core i3 11th Gen 1125G4 - (8 GB/256 GB SSD/Windows 11 Home) 14s- dy2506TU Thin and Light ...,HP,Thin & Light,57790,3.68,59999,4.3,320,Intel Core i3 Processor (11th Gen),8,256,SSD,Integrated,14,Not Specified,In Stock,No,Windows 11,Student / Everyday
Lenovo IdeaPad Slim 5 Intel Core i5 12th Gen 1235U - (16 GB/512 GB SSD/Windows 11 Home) 15IAL7 Thin an...,Lenovo,Thin & Light,58491,40.25,97890,3.8,6,Intel Core i5 Processor (12th Gen),16,512,SSD,Integrated,15.6,Not Specified,In Stock,No,Windows 11,Student / Everyday
HP 15 G9 (2025) AMD Ryzen 3 Dual Core 3250U - (8 GB/512 GB SSD/Windows 11 Home) 15 G9 Thin and Light L...,HP,Thin & Light,51990,3.7,53990,,,AMD Ryzen 3 Dual Core,8,512,SSD,Integrated,15.6,Not Specified,In Stock,No,Windows 11 Home,Student / Everyday
ASUS Expertbook > Intel Core i3 13th Gen 1315U - (8 GB/512 GB SSD/DOS) B1403CVA-S60002 Thin and Light ...,ASUS,Thin & Light,59990,7.69,64990,,,Intel Core i3 Processor (13th Gen),8,512,SSD,Integrated,14,Not Specified,In Stock,No,DOS,Business
Lenovo V14 Octa Core (2025) Intel Core i5 13th Gen 13420H - (16 GB/512 GB SSD/Windows 11 Home) V14 Thi...,Lenovo,Standard Notebook,75000,0,75000,4,0,Intel Core i5 Processor (13th Gen),16,512,SSD,Integrated,14,Not Specified,In Stock,No,Windows 11 Home,Student / Everyday
Lenovo V 14 (2025) Intel Core i5 12th Gen 1235U - (16 GB/512 GB SSD/Windows 11 Pro) V 14 Thin and Ligh...,Lenovo,Thin & Light,69900,8.01,75990,4.2,0,Intel Core i5 Processor (12th Gen),16,512,SSD,Integrated,14,Not Specified,In Stock,No,Windows 11,Student / Everyday
ASUS VivoBook 14 Intel Core i5 13th Gen 1335U - (8 GB/512 GB SSD/Windows 11 Home) X1404VA-NK521WS Thin...,ASUS,Thin & Light,69999,21.35,88999,3.6,5,Intel Core i5 Processor (13th Gen),8,512,SSD,Integrated,14,Not Specified,In Stock,No,Windows 11,Student / Everyday
MSI Summit E13FlipEvo Intel Core i7 13th Gen 1360P - (16 GB/1 TB SSD/Windows 11 Home) Summit E13FlipEv...,MSI,2-in-1,165990,0,165990,3.9,3,Intel Core i7 Processor (13th Gen),16,1024,SSD,Integrated,13.4,Not Specified,In Stock,Yes,Windows 11,Student / Everyday
HP 15 (i3 14th Gen) Intel Core 3 13th Gen 1315U - (8 GB/512 GB SSD/Windows 11 Home) 15-fd0186TU Thin a...,HP,Thin & Light,54980,19.14,67990,4,0,Intel Core 3 Processor (13th Gen),8,512,SSD,Integrated,15.6,Not Specified,In Stock,No,Windows 11 Home,Student / Everyday
Lenovo Intel Core i5 12th Gen 1235U - (8 GB/512 GB SSD/Windows 11 Home) G3 IAP Thin and Light Laptop,Lenovo,Thin & Light,64999,23.53,85000,4.3,9,Intel Core i5 Processor (12th Gen),8,512,SSD,Integrated,15.6,Not Specified,In Stock,No,Windows 11 Home,Student / Everyday
HP Intel Core i5 13th Gen 1334U - (16 GB/512 GB SSD/Windows 11 Home) 15-fd0316TU Thin and Light Laptop,HP,Thin & Light,69999,2.78,71999,2.3,0,Intel Core i5 Processor (13th Gen),16,512,SSD,Integrated,15.6,Not Specified,In Stock,No,Windows 11,Student / Everyday
Acer Aspire Intel Core i5 12th Gen - (12 GB/512 GB SSD/Windows 11 Home) AL15-52H Thin and Light Laptop,Acer,Thin & Light,66949,8.28,72990,,,Intel Core i5 Processor (12th Gen),12,512,SSD,Integrated,15.6,Not Specified,In Stock,No,Windows 11 Home,Student / Everyday
HP 240R G10 (2026) Professional (i3 14th Gen) Intel Core 3 14th Gen 100U - (16 GB/512 GB SSD/Windows 1...,HP,Standard Notebook,69491,0.71,69990,3.2,1,Intel Core 3 Processor (14th Gen),16,512,SSD,Integrated,14,Not Specified,In Stock,No,Windows 11 Home,Student / Everyday
HP Pavilion Intel Core i5 13th Gen 1340P - (16 GB/512 GB SSD/Windows 11 Home) 15-eg3026TU Thin and Lig...,HP,Thin & Light,71990,17.34,87095,3.8,6,Intel Core i5 Processor (13th Gen),16,512,SSD,Integrated,15.6,Not Specified,In Stock,No,Windows 11,Student / Everyday
HP 255 G9 AMD Ryzen 3 Dual Core 3250 - (8 GB/512 GB SSD/Windows 11 Home) 255 G8 Thin and Light Laptop,HP,Thin & Light,52890,13.28,60990,4.1,114,AMD Ryzen 3 Dual Core,8,512,SSD,Integrated,15.6,Not Specified,In Stock,No,Windows 11,Student / Everyday
"ASUS Vivobook S14 OLED (2025), Copilot + PC, AI PC, Metal Body, Backlit Keyboard, Intel Core Ultra 5 2...",ASUS,Thin & Light,108999,10.66,121999,4.4,4,Intel Core Ultra 5,16,512,SSD,Integrated,14,Not Specified,In Stock,No,Windows 11 Home,Content Creation
HP 15s Intel Core i3 11th Gen 1115G4 - (8 GB/512 GB SSD/Windows 10 Home) 15s-FQ2072TU Thin and Light L...,HP,Thin & Light,55890,0.19,55999,4.3,69,Intel Core i3 Processor (11th Gen),8,512,SSD,Integrated,15.6,Not Specified,In Stock,No,Windows 10,Student / Everyday
Lenovo AMD Ryzen 3 Dual Core - (8 GB/512 GB SSD/Windows 11 Home) 15ADA7 Thin and Light Laptop,Lenovo,Thin & Light,59990,0.02,59999,,,AMD Ryzen 3 Dual Core,8,512,SSD,Integrated,15.6,Not Specified,In Stock,No,Windows 11,Student / Everyday
DELL Intel Core i5 13th Gen 1335U - (8 GB/512 GB SSD/Windows 11 Home) Vostro 3530 Thin and Light Lapto...,Dell,Thin & Light,65500,12.23,74625,3.3,0,Intel Core i5 Processor (13th Gen),8,512,SSD,Integrated,15.6,Not Specified,In Stock,No,Windows 11,Student / Everyday
Lenovo IdeaPad Slim 3 Intel Core i3 11th Gen - (8 GB/256 GB SSD/Windows 11 Home) 15ITL6 Thin and Light...,Lenovo,Thin & Light,34960,28.93,49190,4.2,37,Intel Core i3 Processor (11th Gen),8,256,SSD,Integrated,15.6,Not Specified,In Stock,No,Windows 11,Student / Everyday
DELL Inspiron Intel Core i5 11th Gen 11320H - (16 GB/512 GB SSD/Windows 11 Home) Inspiron 5518 Thin an...,Dell,Thin & Light,90783,0,90783,3.9,5,Intel Core i5 Processor (11th Gen),16,512,SSD,Integrated,15.6,Not Specified,In Stock,No,Windows 11,Student / Everyday
HP 14s AMD Ryzen 3 Quad Core 4300U - (8 GB/512 GB SSD/Windows 10 Home) 14s-fr0016AU Thin and Light Lap...,HP,Thin & Light,52990,14.53,61999,4.4,184,AMD Ryzen 3 Quad Core,8,512,SSD,Integrated,14,Not Specified,In Stock,No,Windows 10,Student / Everyday
ASUS ExpertBook P2 Intel Core i7 10th Gen 10510U - (8 GB/1 TB HDD/Windows 10 Pro/2 GB Graphics) Expert...,ASUS,Standard Notebook,93990,0,93990,,,Intel Core i7 Processor (10th Gen),8,1024,HDD,Integrated,14,Not Specified,In Stock,No,Windows 10,Business
DELL 22X09D4(i3 14th Gen) Intel Core 3 3rd Gen - (8 GB/512 GB SSD/8 GB EMMC Storage/Windows 11 Home/8 ...,Dell,Standard Notebook,58607,2.32,60000,,,Intel Core 3 Processor (3rd Gen),8,512,SSD,Integrated,15.6,Not Specified,In Stock,No,Windows 11,Student / Everyday
"ASUS Vivobook S15 OLED, A-Part Metal Body, Backlit Keyboard, Intel Core i9 13th Gen 13900H - (16 GB/51...",ASUS,Thin & Light,84226,28.01,116990,4.2,21,Intel Core i9 Processor (13th Gen),16,512,SSD,Integrated,15.6,Not Specified,Out of Stock,No,Windows 11,Content Creation
HP Intel Core i5 12th Gen 1235U - (8 GB/512 GB SSD/Windows 11 Home) 15s-fy5007TU Thin and Light Laptop,HP,Thin & Light,72990,3.96,75999,,,Intel Core i5 Processor (12th Gen),8,512,SSD,Integrated,15.6,Not Specified,In Stock,No,Windows 11,Student / Everyday
Lenovo Intel Core i5 12th Gen 12450H - (16 GB/1 TB SSD/Windows 11 Home) 83BF0043IN Thin and Light Lapt...,Lenovo,Thin & Light,81994,18.01,99999,3,0,Intel Core i5 Processor (12th Gen),16,1024,SSD,Integrated,14,Not Specified,In Stock,No,Windows 11,Student / Everyday
Lenovo IdeaPad Slim 3 Intel Core i3 12th Gen 1215U - (8 GB/512 GB SSD/Windows 11 Home) 15IAU7 Thin and...,Lenovo,Thin & Light,55000,12.7,63000,4.2,108,Intel Core i3 Processor (12th Gen),8,512,SSD,Integrated,15.6,Not Specified,In Stock,No,Windows 11,Student / Everyday
HP 250R G9 Intel Core i3 13th Gen 1315U - (8 GB/512 GB SSD/Windows 11 Home) 42V68PA Thin and Light Lap...,HP,Thin & Light,56971,18.61,69999,4.2,17,Intel Core i3 Processor (13th Gen),8,512,SSD,Integrated,15.6,Not Specified,In Stock,No,Windows 11 Home,Student / Everyday
HP 15s Intel Core i3 11th Gen 1115G4 - (8 GB/512 GB SSD/Windows 11 Home) 15s-fq2674TU Thin and Light L...,HP,Thin & Light,55990,6.68,59999,,,Intel Core i3 Processor (11th Gen),8,512,SSD,Integrated,15.6,Not Specified,In Stock,No,Windows 11 Home,Student / Everyday
HP Intel Core i3 13th Gen - (8 GB/512 GB SSD/Windows 11 Home) 15s-fd0568TU Thin and Light Laptop,HP,Thin & Light,54990,15.37,64980,,,Intel Core i3 Processor (13th Gen),8,512,SSD,Integrated,15.6,Not Specified,In Stock,No,Windows 11 Home,Student / Everyday
HP Professional Intel Core i5 13th Gen 1334U - (32 GB/512 GB SSD/Windows 11 Pro) 250 G10 Thin and Ligh...,HP,Thin & Light,95990,4.01,99999,3.9,8,Intel Core i5 Processor (13th Gen),32,512,SSD,Integrated,15.6,Not Specified,In Stock,No,Windows 11,Student / Everyday
HP AMD Ryzen 5 Quad Core - (8 GB/512 GB SSD/Windows 11 Home) 14-em0026AU Thin and Light Laptop,HP,Thin & Light,58000,3.33,59999,2.6,0,AMD Ryzen 5 Quad Core,8,512,SSD,Integrated,14,Not Specified,In Stock,No,Windows 11 Home,Student / Everyday
"ASUS Zenbook 14 OLED (2025) with Touch Screen, Backlit Keyboard, Full Metal Body, Intel Core Ultra 7 2...",ASUS,Thin & Light,158989,0,158990,4.3,6,Intel Core Ultra 7,32,1024,SSD,Integrated,14,Not Specified,In Stock,Yes,Windows 11 Home,Content Creation
ASUS ExpertBook B15 Intel Core i3 12th Gen 1215U - (8 GB/512 GB SSD/Windows 11 Home) B1502CBA-NJ1090WS...,ASUS,Standard Notebook,62899,3.22,64990,4.3,49,Intel Core i3 Processor (12th Gen),8,512,SSD,Integrated,15.6,Not Specified,In Stock,No,Windows 11,Business
ASUS ZenBook 13 (2021) OLED Intel EVO Intel Core i5 11th Gen 1135G7 - (16 GB/512 GB SSD/Windows 10 Hom...,ASUS,Thin & Light,97989,2,99990,4.6,6,Intel Core i5 Processor (11th Gen),16,512,SSD,Integrated,13.3,Not Specified,In Stock,No,Windows 10,Content Creation
HP 240 G10 Backlit + FingerPrint (2025) Professional Intel Core i5 13th Gen 1334U - (8 GB/512 GB SSD/W...,HP,Standard Notebook,86950,9.32,95890,4,1,Intel Core i5 Processor (13th Gen),8,512,SSD,Integrated,14,Not Specified,In Stock,No,Windows 11,Student / Everyday
Lenovo IdeaPad Slim 3 Intel Core i5 11th Gen 1155G7 - (8 GB/512 GB SSD/Windows 11 Home) 15ITL6 Thin an...,Lenovo,Thin & Light,50134,28.27,69890,4.2,429,Intel Core i5 Processor (11th Gen),8,512,SSD,Integrated,15.6,Not Specified,In Stock,No,Windows 11,Student / Everyday
HP 15s Intel Core i5 12th Gen - (8 GB/512 GB SSD/Windows 11 Home) 15S-FQ5202TU Thin and Light Laptop,HP,Thin & Light,69299,7.6,75000,4.1,8,Intel Core i5 Processor (12th Gen),8,512,SSD,Integrated,15.6,Not Specified,In Stock,No,Windows 11,Student / Everyday
HP Pavilion AMD Ryzen 5 Hexa Core 5625U - (8 GB/512 GB SSD/Windows 11 Home) 15-eh2018AU Thin and Light...,HP,Thin & Light,82426,1.87,83999,4.2,50,AMD Ryzen 5 Hexa Core,8,512,SSD,Integrated,15.6,Not Specified,In Stock,No,Windows 11,Student / Everyday
HP AMD Ryzen 7 Octa Core 8745HX - (16 GB/1 TB SSD/Windows 11 Home/8 GB Graphics/NVIDIA GeForce RTX 506...,HP,Standard Notebook,227990,36.18,357244,,,AMD Ryzen 7 Octa Core,16,1024,SSD,Integrated,16,Not Specified,In Stock,No,Windows 11 Home,Student / Everyday
HP AMD Athlon Dual Core - (8 GB/256 GB SSD/Windows 11 Home) 255 Laptop,HP,Standard Notebook,48682,8.58,53250,4.1,73,AMD Athlon Dual Core,8,256,SSD,Integrated,15.6,Not Specified,In Stock,No,Windows 11,Student / Everyday
HP OmniBook 5(Previously Pavilion) Intel Core i5 13th Gen 1334U - (16 GB/512 GB SSD/Windows 11 Home) 1...,HP,Standard Notebook,78778,0,78778,4.5,32,Intel Core i5 Processor (13th Gen),16,512,SSD,Integrated,16,Not Specified,In Stock,No,Windows 11,Student / Everyday
HP Touch Chromebook MediaTek MT8183 - (4 GB/32 GB EMMC Storage/Chrome OS) 11MK G9 Chromebook,HP,Standard Notebook,34090,20.72,42999,3.8,408,MediaTek MT8183,4,32,eMMC,Integrated,11.6,Not Specified,In Stock,Yes,Chrome OS,Student / Everyday
HP G8 Intel Core i3 12th Gen - (16 GB/512 GB SSD/Windows 11 Pro) 250G8 Business Laptop,HP,Standard Notebook,58890,20.42,73999,4,12,Intel Core i3 Processor (12th Gen),16,512,SSD,Integrated,15.6,Not Specified,In Stock,No,Windows 11,Business
HP 15s AMD Ryzen 5 Hexa Core 5500U - (8 GB/512 GB SSD/Windows 11 Home) 15s- eq2144au Thin and Light La...,HP,Thin & Light,54552,0,54552,4.2,351,AMD Ryzen 5 Hexa Core,8,512,SSD,Integrated,15.6,Not Specified,In Stock,No,Windows 11,Student / Everyday
HP AMD Ryzen 5 Quad Core 7th Gen - (8 GB/512 GB SSD/Windows 11 Home) 245 G10 Laptop,HP,Standard Notebook,56500,13.08,65000,4.3,1,AMD Ryzen 5 Quad Core Processor (7th Gen),8,512,SSD,Integrated,14,Not Specified,In Stock,No,Windows 11 Home,Student / Everyday
HP AMD Ryzen 5 Quad Core 7520U - (16 GB/512 GB SSD/Windows 11 Home) 15-fc0156AU / 15-fc0690AU Thin and...,HP,Thin & Light,56831,0,56831,4.2,48,AMD Ryzen 5 Quad Core,16,512,SSD,Integrated,15.6,Not Specified,In Stock,No,Windows 11,Student / Everyday
HP G9 SERIES AMD Athlon Dual Core 3050U - (4 GB/256 GB SSD/Windows 11 Home) 255 Thin and Light Laptop,HP,Thin & Light,49099,0.81,49500,4.1,7,AMD Athlon Dual Core,4,256,SSD,Integrated,15.6,Not Specified,In Stock,No,Windows 11,Student / Everyday
HP 255 G10 (2025) AMD Athlon Dual Core 7120U - (8 GB/256 GB SSD/Windows 11 Home) 255 G10 Thin and Ligh...,HP,Thin & Light,48699,2.6,50000,3.2,4,AMD Athlon Dual Core,8,256,SSD,Integrated,15.6,Not Specified,In Stock,No,Windows 11 Home,Student / Everyday
HP 250 G9 Intel Core i3 12th Gen 1215U - (8 GB/512 GB SSD/Windows 11 Home) 250 G9 Business Laptop,HP,Standard Notebook,57990,0.96,58553,4.2,39,Intel Core i3 Processor (12th Gen),8,512,SSD,Integrated,15.6,Not Specified,In Stock,No,Windows 11,Business
HP 255R G10 (2026) Professional DDR5 5600Mhz AMD Ryzen 5 Hexa Core - (8 GB/512 GB SSD/Windows 11 Home)...,HP,Standard Notebook,58990,15.72,69990,4.3,2,AMD Ryzen 5 Hexa Core,8,512,SSD,Integrated,15.6,Not Specified,In Stock,No,Windows 11 Home,Student / Everyday
HP 247 G8 AMD Ryzen 3 Dual Core - (8 GB/512 GB SSD/DOS) 6B5R3PA#ACJ Notebook,HP,Standard Notebook,52890,2.05,53999,3.9,62,AMD Ryzen 3 Dual Core,8,512,SSD,Integrated,14,Not Specified,In Stock,No,DOS,Student / Everyday
HP 15s Intel Core i3 12th Gen 1215U - (8 GB/512 GB SSD/Windows 11 Home) 15s-fq5007TU Thin and Light La...,HP,Thin & Light,57490,4.17,59990,4.2,599,Intel Core i3 Processor (12th Gen),8,512,SSD,Integrated,15.6,Not Specified,In Stock,No,Windows 11,Student / Everyday
"HP 15 Laptop with Backlit Keyboard & MSO'2024, AMD Ryzen 7 Octa Core 7730U - (16 GB/512 GB SSD/Windows...",HP,Standard Notebook,79990,11.12,89999,4.1,9,AMD Ryzen 7 Octa Core,16,512,SSD,Integrated,15.6,Not Specified,In Stock,No,Windows 11 Home,Student / Everyday
HP AMD Ryzen 3 Dual Core - (8 GB/256 GB SSD/Windows 11 Home) 15S-ER1501AU Laptop,HP,Standard Notebook,52990,4.74,55628,4,23,AMD Ryzen 3 Dual Core,8,256,SSD,Integrated,15.6,Not Specified,In Stock,No,Windows 11,Student / Everyday
HP 14s Intel Celeron Dual Core N4500 - (8 GB/256 GB SSD/Windows 11 Home) 14s- dq3032tu Thin and Light ...,HP,Thin & Light,52990,1.87,53999,3.8,51,Intel Celeron Dual Core,8,256,SSD,Integrated,14,Not Specified,In Stock,No,Windows 11,Student / Everyday
HP Pavilion 15 (2024) AMD Ryzen 5 Hexa Core 7530U - (8 GB/512 GB SSD/Windows 11 Home) 15-eh3036AU Thin...,HP,Thin & Light,57990,6.45,61990,4,7,AMD Ryzen 5 Hexa Core,8,512,SSD,Integrated,15.6,Not Specified,In Stock,No,Windows 11,Student / Everyday
HP Pavilion AI PC Intel Core Ultra 5 125U - (16 GB/512 GB SSD/Windows 11 Home) 16-af0015TU Thin and Li...,HP,Thin & Light,89990,9.1,99000,4.3,26,Intel Core Ultra 5,16,512,SSD,Integrated,16,Not Specified,In Stock,No,Windows 11,Student / Everyday
HP 15 with Office 2024 Intel Core 3 14th Gen 100U - (8 GB/512 GB SSD/Windows 11 Home) 15-FD0883TU Lapt...,HP,Standard Notebook,56990,30.21,81662,4.7,1,Intel Core 3 Processor (14th Gen),8,512,SSD,Integrated,15.6,Not Specified,In Stock,No,Windows 11 Home,Student / Everyday
HP (Core i3 14th Gen) Intel Core 3 100U - (8 GB/512 GB SSD/Windows 11 Home) 15-fd1095TU Thin and Light...,HP,Thin & Light,56990,13.64,65990,,,Intel Core 3,8,512,SSD,Integrated,15.6,Not Specified,In Stock,No,Windows 11,Student / Everyday
HP Pavilion Plus MSO 2024 Intel Core i5 13th Gen 1335U - (16 GB/512 GB SSD/Windows 11 Home) 14-ew0107T...,HP,Standard Notebook,86990,9.38,95990,4.2,12,Intel Core i5 Processor (13th Gen),16,512,SSD,Integrated,14,Not Specified,In Stock,No,Windows 11 Home,Student / Everyday
HP Pavilion Aero AMD Ryzen 7 Octa Core 7735U - (16 GB/1 TB SSD/Windows 11 Home) 13-BE2048AU Thin and L...,HP,Thin & Light,93899,11.41,105990,,,AMD Ryzen 7 Octa Core,16,1024,SSD,Integrated,13.3,Not Specified,In Stock,No,Windows 11,Student / Everyday
HP 15s Intel Core i5 11th Gen 1135G7 - (8 GB/512 GB SSD/Windows 11 Home) 15s-du3517TU Thin and Light L...,HP,Thin & Light,65999,9.59,72999,4.3,86,Intel Core i5 Processor (11th Gen),8,512,SSD,Integrated,15.6,Not Specified,In Stock,No,Windows 11,Student / Everyday
HP Pavilion AMD Ryzen 5 Hexa Core 5500U - (16 GB/1 TB SSD/Windows 11 Home) 15-eh1047AU Thin and Light ...,HP,Thin & Light,77908,4.98,81990,4.3,22,AMD Ryzen 5 Hexa Core,16,1024,SSD,Integrated,15.6,Not Specified,In Stock,No,Windows 11,Student / Everyday
HP Laptop AMD Ryzen 3 Quad Core 5300U - (8 GB/512 GB SSD/Windows 11 Home) 15s- eq2212AU Thin and Light...,HP,Thin & Light,52990,11.67,59990,4.2,261,AMD Ryzen 3 Quad Core,8,512,SSD,Integrated,15.5,Not Specified,In Stock,No,Windows 11,Student / Everyday
HP Pavilion Intel Core i5 12th Gen 1240P - (16 GB/512 GB SSD/Windows 11 Home) 15-eg2091TU Thin and Lig...,HP,Thin & Light,70509,8.43,76999,,,Intel Core i5 Processor (12th Gen),16,512,SSD,Integrated,15.6,Not Specified,In Stock,No,Windows 11,Student / Everyday
HP AMD Ryzen 7 Octa Core 5700U - (16 GB/512 GB SSD/Windows 11 Home) 15s-EQ2084AU Laptop,HP,Standard Notebook,78948,1.3,79989,3.8,3,AMD Ryzen 7 Octa Core,16,512,SSD,Integrated,15.6,Not Specified,In Stock,No,Windows 11,Student / Everyday
HP Intel Intel Core i5 10th Gen 1035G4 - (8 GB/512 GB SSD/Windows 10 Pro) 13-aw0211TU 2 in 1 Laptop,HP,2-in-1,152042,0,152042,5,1,Intel Core i5 Processor (10th Gen),8,512,SSD,Integrated,13.3,Not Specified,In Stock,Yes,Windows 10,Student / Everyday
HP Elitebook Intel Core i5 8th Gen - (8 GB + 32 GB Optane/256 GB SSD/Windows 10 Pro/8 GB Graphics) HSN...,HP,Standard Notebook,65990,47.2,124990,,,Intel Core i5 Processor (8th Gen),8,256,SSD,Integrated,14,Not Specified,In Stock,No,Windows 10,Student / Everyday
HP HP Smartchoice OmniBook 5 AMD Ryzen 7 Ryzen™ AI 7 350 - (16 GB/512 GB SSD/Windows 11 Home) ag1048au...,HP,Standard Notebook,120990,8.33,131990,,,AMD Ryzen 7,16,512,SSD,Integrated,16,Not Specified,In Stock,No,Windows 11 Home,Student / Everyday
HP Intel Core i7 12th Gen 1255U - (16 GB/512 GB SSD/Windows 11 Home) 15-ew0047TU Thin and Light Laptop,HP,Thin & Light,119238,0,119238,,,Intel Core i7 Processor (12th Gen),16,512,SSD,Integrated,15.6,Not Specified,In Stock,Yes,Windows 11,Student / Everyday
HP 14s Intel Core i3 12th Gen 1215U - (8 GB/512 GB SSD/Windows 11 Home) 14s - dy5008TU Thin and Light ...,HP,Thin & Light,57890,2.72,59509,3.6,5,Intel Core i3 Processor (12th Gen),8,512,SSD,Integrated,14,Not Specified,In Stock,No,Windows 11,Student / Everyday
HP Laptop with Backlit Keyboard Intel Core i5 11th Gen - (16 GB/512 GB SSD/Windows 11 Home) 15s-fq2510...,HP,Standard Notebook,78990,1.2,79948,4.3,5,Intel Core i5 Processor (11th Gen),16,512,SSD,Integrated,15.6,Not Specified,In Stock,No,Windows 11,Student / Everyday
HP Pavilion Plus Creator OLED Eyesafe H-Series Intel Core i7 12th Gen 12700H - (16 GB/1 TB SSD/Windows...,HP,Standard Notebook,95412,8.31,104054,3.9,20,Intel Core i7 Processor (12th Gen),16,1024,SSD,Integrated,14,Not Specified,In Stock,No,Windows 11,Content Creation
HP Pavilion Intel Core i5 12th Gen 1235U - (8 GB/512 GB SSD/Windows 11 Home) 14-dv2053TU Thin and Ligh...,HP,Thin & Light,78288,12.53,89500,4.2,66,Intel Core i5 Processor (12th Gen),8,512,SSD,Integrated,14,Not Specified,In Stock,No,Windows 11,Student / Everyday
HP 15s Intel Core i5 12th Gen 1235U - (16 GB/512 GB SSD/Windows 11 Home) 15s-fq5330TU|15-fd0111TU Thin...,HP,Thin & Light,62526,0,62526,4.3,388,Intel Core i5 Processor (12th Gen),16,512,SSD,Integrated,15.6,Not Specified,In Stock,No,Windows 11,Student / Everyday
HP 247 G8 AMD Ryzen 5 Dual Core 3500U - (8 GB/512 GB SSD/Windows 11 Home) 247 G8 Notebook,HP,Standard Notebook,57990,8.57,63426,4.2,2,AMD Ryzen 5 Dual Core,8,512,SSD,Integrated,14,Not Specified,In Stock,No,DOS,Student / Everyday
HP 240 Intel Core i7 13th Gen 1335U - (8 GB/512 GB HDD/512 GB SSD/Windows 11 Home) 240 G10 Laptop,HP,Standard Notebook,97991,18.27,119900,,,Intel Core i7 Processor (13th Gen),8,1024,SSD + HDD,Integrated,14,Not Specified,In Stock,No,Windows 11 Home,Student / Everyday
HP 240 G9 Intel Core i3 12th Gen 1215 - (8 GB/512 GB SSD/Windows 11 Home) 240 G9 Laptop,HP,Standard Notebook,64999,7.14,69999,4,10,Intel Core i3 Processor (12th Gen),8,512,SSD,Integrated,14,Not Specified,In Stock,No,Windows 11,Student / Everyday
HP Intel Core N 12th Gen - (8 GB/512 GB SSD/Windows 11 Home) 14-ep0068TU Laptop,HP,Standard Notebook,54990,8.33,59990,,,Intel Core N Processor (12th Gen),8,512,SSD,Integrated,14,Not Specified,In Stock,No,Windows 11 Home,Student / Everyday
HP Pavilion MSO 2021 AMD Ryzen 5 Hexa Core 8540U - (16 GB/512 GB SSD/Windows 11 Home) 16-ag0019AU Thin...,HP,Thin & Light,83064,7.63,89924,4.1,18,AMD Ryzen 5 Hexa Core,16,512,SSD,Integrated,16,Not Specified,In Stock,No,Windows 11 Home,Student / Everyday
HP 255 G8 Silver AMD Ryzen 5 Hexa Core 5500U - (8 GB/256 GB SSD/Windows 11 Home) 255 Business Laptop,HP,Standard Notebook,52971,24.32,69990,4.2,10,AMD Ryzen 5 Hexa Core,8,256,SSD,Integrated,15.6,Not Specified,In Stock,No,Windows 11,Business
HP AMD Ryzen 9 Octa Core 7940HS - (16 GB/1 TB SSD/Windows 11 Home/8 GB Graphics/NVIDIA GeForce RTX 407...,HP,Standard Notebook,186047,0,186047,2.9,1,AMD Ryzen 9 Octa Core,16,1024,SSD,Integrated,16.1,Not Specified,In Stock,No,Windows 11,Student / Everyday
HP Victus Intel Core i5 12th Gen 12450H - (16 GB/512 GB SSD/Windows 11 Home/4 GB Graphics/NVIDIA GeFor...,HP,Gaming,89890,9.2,99000,4.3,54,Intel Core i5 Processor (12th Gen),16,512,SSD,Integrated,15.6,Not Specified,In Stock,No,Windows 11,Gaming
HP Victus Intel Core i5 13th Gen 13420H - (16 GB/1 TB SSD/Windows 11 Home/4 GB Graphics/NVIDIA GeForce...,HP,Gaming,96500,12.19,109900,4.3,2,Intel Core i5 Processor (13th Gen),16,1024,SSD,Integrated,15.6,Not Specified,In Stock,No,Windows 11,Gaming
HP 15s Intel Core i7 13th Gen 1360P - (16 GB/512 GB SSD/Windows 11 Home) 15-fd0024TU Thin and Light La...,HP,Thin & Light,91908,7.15,98990,4.3,26,Intel Core i7 Processor (13th Gen),16,512,SSD,Integrated,15.6,Not Specified,In Stock,No,Windows 11,Student / Everyday
HP Victus AMD Ryzen 7 Octa Core 5800H - (16 GB/512 GB SSD/Windows 11 Home/4 GB Graphics/NVIDIA GeForce...,HP,Gaming,110990,7.51,120000,4.1,2,AMD Ryzen 7 Octa Core,16,512,SSD,Integrated,15.6,Not Specified,In Stock,No,Windows 11,Gaming
HP 8540u AMD Ryzen 5 - (16 GB/512 GB SSD/Windows 11 Pro) ELITEBOOK 845 G11 Laptop,HP,Standard Notebook,88499,19.25,109599,,,AMD Ryzen 5,16,512,SSD,Integrated,14,Not Specified,In Stock,No,Windows 11,Student / Everyday
HP Pavilion x360 Intel Core i5 12th Gen 1235U - (16 GB/512 GB SSD/Windows 11 Home) 14-ek0074TU 2 in 1 ...,HP,2-in-1,82800,16.36,98999,4.2,17,Intel Core i5 Processor (12th Gen),16,512,SSD,Integrated,14,Not Specified,In Stock,Yes,Windows 11,Student / Everyday
HP Intel Core i3 11th Gen - (8 GB/512 GB SSD/Windows 11 Home) 15S-FR2515TU Laptop,HP,Standard Notebook,57990,3.35,59999,,,Intel Core i3 Processor (11th Gen),8,512,SSD,Integrated,15.6,Not Specified,In Stock,No,Windows 11,Student / Everyday
HP 14 with Backlit Keyboard & MSO'2024 Intel Core i7 13th Gen 1355U - (16 GB/512 GB SSD/Windows 11 Hom...,HP,Standard Notebook,82990,22.34,106863,,,Intel Core i7 Processor (13th Gen),16,512,SSD,Integrated,14,Not Specified,In Stock,No,Windows 11 Home,Student / Everyday
HP 245G9 Silver AMD Ryzen 3 Dual Core 3rd Gen 3250U - (8 GB/512 GB SSD/Windows 11 Home) 245 G8 Busines...,HP,Standard Notebook,51990,6.38,55532,4.1,11,AMD Ryzen 3 Dual Core Processor (3rd Gen),8,512,SSD,Integrated,14,Not Specified,In Stock,No,Windows 11,Student / Everyday
HP Pavilion x360 Intel Core i5 13th Gen 1335U - (16 GB/1 TB SSD/Windows 11 Home) 14-ek1010TU 2 in 1 La...,HP,2-in-1,97574,0.43,98000,4.3,29,Intel Core i5 Processor (13th Gen),16,1024,SSD,Integrated,14,Not Specified,In Stock,Yes,Windows 11,Student / Everyday
HP 250 G8 Intel Core i3 11th Gen - (8 GB/512 GB SSD/Windows 11 Home) 250 G8 Business Laptop,HP,Standard Notebook,57990,1.7,58990,4.1,73,Intel Core i3 Processor (11th Gen),8,512,SSD,Integrated,15.6,Not Specified,In Stock,No,Windows 11,Business
HP Spectre Folio Intel Core i7 10th Gen 10510Y - (16 GB/512 GB SSD/Windows 10 Home) 13-ak1004TU 2 in 1...,HP,2-in-1,163521,31.87,239999,,,Intel Core i7 Processor (10th Gen),16,512,SSD,Integrated,13.3,Not Specified,In Stock,Yes,Windows 10,Student / Everyday
HP OMEN Intel Core i7 13th Gen 13700HX - (16 GB/512 GB SSD/Windows 11 Home/8 GB Graphics/NVIDIA GeForc...,HP,Gaming,176108,0,176108,3.1,0,Intel Core i7 Processor (13th Gen),16,512,SSD,Integrated,16.1,Not Specified,In Stock,No,Windows 11,Gaming
HP Omnibook 3 2K WUXGA Snapdragon X - (16 GB/512 GB SSD/Windows 11 Home) Omnibook 3 14-hz0026QU Laptop,HP,Standard Notebook,94990,24.62,126011,,,Snapdragon X,16,512,SSD,Integrated,14,Not Specified,In Stock,No,Windows 11 Home,Student / Everyday
HP G9 AMD Ryzen 5 Hexa Core 5th Gen 5625U - (16 GB/512 GB SSD/Windows 11 Home) 7B1L8PA Notebook,HP,Standard Notebook,65999,2.94,67999,4.2,3,AMD Ryzen 5 Hexa Core Processor (5th Gen),16,512,SSD,Integrated,15.6,Not Specified,In Stock,No,Windows 11,Student / Everyday
HP Intel Core i3 12th Gen - (8 GB/512 GB SSD/DOS) 769M4PA Laptop,HP,Standard Notebook,53049,17.1,63990,,,Intel Core i3 Processor (12th Gen),8,512,SSD,Integrated,14,Not Specified,In Stock,No,DOS,Student / Everyday
HP 15s AMD Ryzen 3 Dual Core 3250U - (8 GB/1 TB HDD/256 GB SSD/Windows 10 Home) 15s-GR0012AU Laptop,HP,Standard Notebook,57474,7.3,61999,4.3,511,AMD Ryzen 3 Dual Core,8,1280,SSD + HDD,Integrated,15.6,Not Specified,In Stock,No,Windows 10,Student / Everyday
HP Victus Intel Core i5 12th Gen 12450H - (16 GB/512 GB SSD/Windows 11 Pro/4 GB Graphics/NVIDIA GeForc...,HP,Gaming,89990,10,99990,4.3,31,Intel Core i5 Processor (12th Gen),16,512,SSD,Integrated,15.6,Not Specified,In Stock,No,Windows 11,Gaming
HP Professional 240 G10 (2025) Intel Core i5 13th Gen 1334U - (8 GB/512 GB SSD/Windows 11 Pro) 240 G10...,HP,Standard Notebook,75099,17.46,90990,4.9,0,Intel Core i5 Processor (13th Gen),8,512,SSD,Integrated,14,Not Specified,In Stock,No,Windows 11,Student / Everyday
HP Intel Core i5 12th Gen 1240P - (8 GB/512 GB SSD/Windows 11 Home) 14s-dq5007tu Thin and Light Laptop,HP,Thin & Light,72990,3.95,75990,,,Intel Core i5 Processor (12th Gen),8,512,SSD,Integrated,14,Not Specified,In Stock,No,Windows 11,Student / Everyday
HP AMD Ryzen 3 Dual Core - (8 GB/512 GB SSD/Windows 11 Pro) 255 g9 Laptop,HP,Standard Notebook,52980,5.38,55990,,,AMD Ryzen 3 Dual Core,8,512,SSD,Integrated,15.6,Not Specified,In Stock,No,Windows 11,Student / Everyday
HP 240 G8 Intel Core i3 11th Gen - (8 GB/512 GB SSD/DOS) 4K5D5PA Laptop,HP,Standard Notebook,58999,1.67,59999,3.1,2,Intel Core i3 Processor (11th Gen),8,512,SSD,Integrated,14,Not Specified,In Stock,No,DOS,Student / Everyday
HP Pavilion Plus Creator OLED Eyesafe H-Series Intel Core i5 12th Gen 12500H - (16 GB/512 GB SSD/Windo...,HP,Standard Notebook,88999,11,99999,3.8,8,Intel Core i5 Processor (12th Gen),16,512,SSD,Integrated,14,Not Specified,In Stock,No,Windows 11,Content Creation
HP AMD Ryzen 5 Quad Core 7520U - (16 GB/512 GB SSD/Windows 11 Home) 15-fc0690AU Thin and Light Laptop,HP,Thin & Light,69790,8.16,75990,,,AMD Ryzen 5 Quad Core,16,512,SSD,Integrated,15.6,Not Specified,In Stock,No,Windows 11,Student / Everyday
HP AMD Ryzen 3 Dual Core - (8 GB/256 GB SSD/Windows 11 Home) 15s-ey1508AU Thin and Light Laptop,HP,Thin & Light,52990,5.37,55999,,,AMD Ryzen 3 Dual Core,8,256,SSD,Integrated,15.6,Not Specified,In Stock,No,Windows 11 Home,Student / Everyday
HP EliteBook 840 G11 Intel Core Ultra 7 - (16 GB/1 TB SSD/Windows 11 Home) EliteBook 840 G11 Business ...,HP,Standard Notebook,150499,8.78,164990,,,Intel Core Ultra 7,16,1024,SSD,Integrated,14,Not Specified,In Stock,No,Windows 11 Home,Business
HP 255R G10 (2026) Professional DDR5 5600Mhz AMD Ryzen 5 Hexa Core - (16 GB/512 GB SSD/Windows 11 Home...,HP,Standard Notebook,69174,14.48,80890,4,0,AMD Ryzen 5 Hexa Core,16,512,SSD,Integrated,15.6,Not Specified,In Stock,No,Windows 11 Home,Student / Everyday
HP 240R G9 (2025) Intel Core i3 13th Gen 1315U - (16 GB/512 GB SSD/Windows 11 Pro) 240R G9 Thin and Li...,HP,Thin & Light,59392,1,59990,3.6,1,Intel Core i3 Processor (13th Gen),16,512,SSD,Integrated,14,Not Specified,In Stock,No,Windows 11,Student / Everyday
HP Professional 15 (2025) Intel Core i5 13th Gen 1334U - (16 GB/512 GB SSD/Windows 11 Home) 15 G10 Thi...,HP,Standard Notebook,78990,1.25,79990,4.1,3,Intel Core i5 Processor (13th Gen),16,512,SSD,Integrated,15.6,Not Specified,In Stock,No,Windows 11 Home,Student / Everyday
HP 250 G9 Intel Celeron Dual Core 12th Gen 4500u - (8 GB/256 GB SSD/DOS) 8Y2Y9PA Laptop,HP,Standard Notebook,52991,5.37,55999,,,Intel Celeron Dual Core Processor (12th Gen),8,256,SSD,Integrated,15.6,Not Specified,In Stock,No,DOS,Student / Everyday
HP Laptop 15s Intel Celeron Dual Core N4500 - (8 GB/512 GB SSD/Windows 11 Home) fq3071TU Thin and Ligh...,HP,Thin & Light,52990,5.36,55990,3.7,16,Intel Celeron Dual Core,8,512,SSD,Integrated,15.6,Not Specified,In Stock,No,Windows 11 Home,Student / Everyday
HP Professional Intel Core i5 13th Gen 1334U - (8 GB/512 GB SSD/Windows 11 Pro) 250 G10 Thin and Light...,HP,Thin & Light,72990,15.12,85990,3.4,1,Intel Core i5 Processor (13th Gen),8,512,SSD,Integrated,15.6,Not Specified,In Stock,No,Windows 11,Student / Everyday
HP 15s AMD Athlon Dual Core 3050U - (8 GB/512 GB SSD/Windows 11 Home) 15s-ey1509AU Thin and Light Lapt...,HP,Thin & Light,52900,3.82,55000,4.1,297,AMD Athlon Dual Core,8,512,SSD,Integrated,15.6,Not Specified,In Stock,No,Windows 11,Student / Everyday
HP AMD Ryzen 7 Octa Core 5700U - (8 GB/512 GB SSD/Windows 10 Home) 14s-fq1083AU Thin and Light Laptop,HP,Thin & Light,70901,11.36,79990,4.1,16,AMD Ryzen 7 Octa Core,8,512,SSD,Integrated,14,Not Specified,In Stock,No,Windows 10,Student / Everyday
HP AMD Ryzen 3 Quad Core - (8 GB/512 GB SSD/Windows 11 Pro) 255 G10 Business Laptop,HP,Standard Notebook,51989,13.34,59990,,,AMD Ryzen 3 Quad Core,8,512,SSD,Integrated,15.6,Not Specified,In Stock,No,Windows 11,Business
HP Pavilion 15 FHD Display AMD Ryzen 5 Hexa Core 7530U - (8 GB/512 GB SSD/Windows 11 Home) 15-EH3036AU...,HP,Standard Notebook,65870,15.44,77900,4,7,AMD Ryzen 5 Hexa Core,8,512,SSD,Integrated,15.6,Not Specified,In Stock,No,Windows 11,Student / Everyday
HP Essentials Intel Core i5 13th Gen 1334U - (8 GB/1 TB SSD/Windows 11 Home) 15-FD0549TU Thin and Ligh...,HP,Thin & Light,75107,6.1,79990,,,Intel Core i5 Processor (13th Gen),8,1024,SSD,Integrated,15.6,Not Specified,In Stock,No,Windows 11 Home,Student / Everyday
HP 14 Intel Core i5 10th Gen 10210U - (8 GB/512 GB SSD/Windows 10 Home) 14-ck2018TU Thin and Light Lap...,HP,Thin & Light,72890,2.94,75098,,,Intel Core i5 Processor (10th Gen),8,512,SSD,Integrated,14,Not Specified,In Stock,No,Windows 10,Student / Everyday
HP Victus AI 31 TOPS AMD Ryzen 5 Hexa Core 8645HS - (16 GB/512 GB SSD/Windows 11 Home/4 GB Graphics/NV...,HP,Gaming,79993,11.11,89990,4.4,52,AMD Ryzen 5 Hexa Core,16,512,SSD,Integrated,15.6,Not Specified,In Stock,No,Windows 11 Home,Gaming
HP Intel Core i5 12th Gen - (16 GB/512 GB SSD/Windows 11 Home) 15S-FY5009TU Thin and Light Laptop,HP,Thin & Light,67263,3.63,69800,3.5,1,Intel Core i5 Processor (12th Gen),16,512,SSD,Integrated,15.6,Not Specified,In Stock,No,Windows 11 Home,Student / Everyday
HP FQ Series Intel Core i3 12th Gen 1215U - (8 GB/1 TB SSD/Windows 11 Home) 15s-FQ5328TU Thin and Ligh...,HP,Thin & Light,70225,0,70225,4,15,Intel Core i3 Processor (12th Gen),8,1024,SSD,Integrated,15.6,Not Specified,Out of Stock,No,Windows 11,Student / Everyday
HP Spectre x360 OLED Eyesafe Evo Intel Core i7 13th Gen 1360P - (32 GB/1 TB SSD/Windows 11 Home/4 GB G...,HP,2-in-1,189990,11.05,213582,4.3,0,Intel Core i7 Processor (13th Gen),32,1024,SSD,Integrated,16,Not Specified,In Stock,Yes,Windows 11,Content Creation
HP Victus AMD Ryzen 5 Hexa Core 5600H - (8 GB/512 GB SSD/Windows 11 Home/4 GB Graphics/AMD Radeon RX 6...,HP,Gaming,76690,4.14,79999,4.2,145,AMD Ryzen 5 Hexa Core,8,512,SSD,Integrated,15.6,Not Specified,In Stock,No,Windows 11,Gaming
HP MS Office 2024 Intel Core i5 13th Gen 1334U - (8 GB/512 GB SSD/Windows 11 Home) fd0466TU Thin and L...,HP,Thin & Light,79890,3.75,82999,4.4,23,Intel Core i5 Processor (13th Gen),8,512,SSD,Integrated,15.6,Not Specified,In Stock,No,Windows 11 Home,Student / Everyday
HP AMD Ryzen 5 Hexa Core 5th Gen - (8 GB/512 GB SSD/Windows 11 Home/4 GB Graphics/AMD Radeon AMD Radeo...,HP,Standard Notebook,56990,26.33,77354,,,AMD Ryzen 5 Hexa Core Processor (5th Gen),8,512,SSD,Integrated,15.6,Not Specified,Out of Stock,No,Windows 11,Student / Everyday
HP Intel Core i3 12th Gen - (8 GB/512 GB SSD/Windows 11 Home) 15s-fq5186TU Thin and Light Laptop,HP,Thin & Light,58605,2.16,59900,,,Intel Core i3 Processor (12th Gen),8,512,SSD,Integrated,15.6,Not Specified,In Stock,No,Windows 11 Home,Student / Everyday
HP 15s Intel Core i3 11th Gen 1125G4 - (8 GB/512 GB SSD/Windows 11 Home) 15s-fq2629TU Thin and Light L...,HP,Thin & Light,57999,12.12,65999,4.3,144,Intel Core i3 Processor (11th Gen),8,512,SSD,Integrated,15.6,Not Specified,In Stock,No,Windows 11,Student / Everyday
HP Victus Intel Core i5 13th Gen 13420 H - (16 GB/512 GB SSD/Windows 11 Home/6 GB Graphics/NVIDIA GeFo...,HP,Gaming,100858,8.3,109990,4.3,85,Intel Core i5 Processor (13th Gen),16,512,SSD,Integrated,15.6,Not Specified,In Stock,No,Windows 11 Home,Gaming
HP Pavilion AMD Ryzen 5 Dual Core 5500U - (8 GB/512 GB SSD/Windows 11 Home) 15-eh1137AU Thin and Light...,HP,Thin & Light,65990,5.58,69889,,,AMD Ryzen 5 Dual Core,8,512,SSD,Integrated,15.6,Not Specified,In Stock,No,Windows 11,Student / Everyday
HP 14s Intel Core i3 11th Gen - (8 GB/256 GB SSD/Windows 11 Home) 14s-dy2500TU Thin and Light Laptop,HP,Thin & Light,56996,3.29,58933,4.3,196,Intel Core i3 Processor (11th Gen),8,256,SSD,Integrated,14,Not Specified,In Stock,No,Windows 11,Student / Everyday
HP Pavilion 14 Touchscreen Intel Core i5 12th Gen 1235U - (16 GB/512 GB SSD/Windows 11 Home) Pavilion ...,HP,Standard Notebook,85990,3.92,89499,3.9,13,Intel Core i5 Processor (12th Gen),16,512,SSD,Integrated,14,Not Specified,In Stock,Yes,Windows 11,Student / Everyday
HP Intel Core i5 13th Gen - (16 GB/512 GB SSD/Windows 11 Home/Intel Integrated intel hd) 14-ek1074TU 2...,HP,Standard Notebook,90963,11.69,103000,4.3,7,Intel Core i5 Processor (13th Gen),16,512,SSD,Integrated,14,Not Specified,In Stock,Yes,Windows 11 Home,Student / Everyday
HP Intel Intel Core i5 12th Gen - (8 GB/512 GB SSD/Windows 11 Home) 15s-FQ5009TU Notebook,HP,Standard Notebook,72990,7.6,78990,4.2,21,Intel Core i5 Processor (12th Gen),8,512,SSD,Integrated,15.6,Not Specified,In Stock,No,Windows 11,Student / Everyday
HP 240R G9 (2025) Intel Core i5 13th Gen 1334U - (16 GB/512 GB SSD/Windows 11 Pro) 240R G9 Thin and Li...,HP,Thin & Light,75870,8.58,82990,4,0,Intel Core i5 Processor (13th Gen),16,512,SSD,Integrated,14,Not Specified,In Stock,No,Windows 11,Student / Everyday
HP Pavilion Plus AI PC Intel Core Ultra 5 125H - (16 GB/512 GB SSD/Windows 11 Home) 14-ew1082TU Thin a...,HP,Thin & Light,99000,18.85,121999,3.7,2,Intel Core Ultra 5,16,512,SSD,Integrated,14,Not Specified,In Stock,No,Windows 11,Student / Everyday
HP 255 G9 841W6pa AMD Ryzen 3 Dual Core - (8 GB/512 GB SSD/DOS) 6E3Z0PA Laptop,HP,Standard Notebook,52990,5.37,55999,3.9,23,AMD Ryzen 3 Dual Core,8,512,SSD,Integrated,15.6,Not Specified,In Stock,No,DOS,Student / Everyday
HP 14s Intel Core i5 11th Gen 1135G7 - (8 GB/512 GB SSD/Windows 10 Home) 14s- DR2016TU Thin and Light ...,HP,Thin & Light,72990,5.2,76990,,,Intel Core i5 Processor (11th Gen),8,512,SSD,Integrated,14,Not Specified,In Stock,No,Windows 10,Student / Everyday
HP Intel Core i3 13th Gen - (8 GB/8 GB SSD/8 GB EMMC Storage/Windows 11 Home/8 GB Graphics) 250R G9 La...,HP,Standard Notebook,59790,21.32,75990,,,Intel Core i3 Processor (13th Gen),8,8,SSD,Integrated,15.6,Not Specified,In Stock,No,Windows 11 Home,Student / Everyday
HP 14R (2025) Intel Core i3 13th Gen 1315U - (16 GB/512 GB SSD/Windows 11 Home) 14R G9 Thin and Light ...,HP,Thin & Light,79990,3.61,82990,4.2,10,Intel Core i3 Processor (13th Gen),16,512,SSD,Integrated,14,Not Specified,In Stock,No,Windows 11 Home,Student / Everyday
HP 15 G9 (2025) AMD Ryzen 5 Hexa Core 5625U - (16 GB/512 GB SSD/Windows 11 Home) 15 G9 Thin and Light ...,HP,Thin & Light,68990,8,74990,4,11,AMD Ryzen 5 Hexa Core,16,512,SSD,Integrated,15.6,Not Specified,In Stock,No,Windows 11 Home,Student / Everyday
HP OMEN Intel Core i5 13th Gen 13500HX - (16 GB/512 GB SSD/Windows 11 Home/6 GB Graphics/NVIDIA GeForc...,HP,Gaming,153625,0,153625,,,Intel Core i5 Processor (13th Gen),16,512,SSD,Integrated,16.1,Not Specified,In Stock,No,Windows 11,Gaming
HP 15s Intel Core i5 12th Gen 1235U - (8 GB/512 GB SSD/Windows 11 Home) 15s-fq5111TU Thin and Light La...,HP,Thin & Light,72990,3.83,75899,4.2,155,Intel Core i5 Processor (12th Gen),8,512,SSD,Integrated,15.6,Not Specified,In Stock,No,Windows 11,Student / Everyday
HP Pavilion AMD Ryzen 5 Hexa Core 5500U - (8 GB/512 GB SSD/Windows 11 Home) 15-eh1101AU Thin and Light...,HP,Thin & Light,85990,4.9,90419,4.3,34,AMD Ryzen 5 Hexa Core,8,512,SSD,Integrated,15.6,Not Specified,In Stock,No,Windows 11,Student / Everyday
HP Laptop AMD Ryzen 3 Quad Core 5300U - (8 GB/512 GB SSD/Windows 11 Home) 15s- eq2213AU Thin and Light...,HP,Thin & Light,50990,1.92,51990,4,55,AMD Ryzen 3 Quad Core,8,512,SSD,Integrated,15.6,Not Specified,In Stock,No,Windows 11,Student / Everyday
HP Pavilion Intel Core i5 12th Gen 1240P - (8 GB/512 GB SSD/Windows 11 Home) 15-EG2009TU Thin and Ligh...,HP,Thin & Light,79900,6,85000,4.2,66,Intel Core i5 Processor (12th Gen),8,512,SSD,Integrated,15.6,Not Specified,In Stock,No,Windows 11,Student / Everyday
HP G Series Intel Core i3 10th Gen 1005G1 - (4 GB/512 GB SSD/Windows 10 Home) 250 G8 Thin and Light La...,HP,Thin & Light,57990,3.19,59900,,,Intel Core i3 Processor (10th Gen),4,512,SSD,Integrated,15.6,Not Specified,In Stock,No,Windows 10,Student / Everyday
HP Backlit Intel Core i5 12th Gen 1235U - (8 GB/512 GB SSD/Windows 11 Home) 15s-fy5002TU Thin and Ligh...,HP,Thin & Light,79990,0,79990,,,Intel Core i5 Processor (12th Gen),8,512,SSD,Integrated,15.6,Not Specified,In Stock,No,Windows 11,Student / Everyday
HP Intel Core i5 11th Gen 1155G7 - (8 GB/512 GB SSD/Windows 11 Home) 15s-fq4022TU Thin and Light Lapto...,HP,Thin & Light,72990,3.96,75999,4.2,18,Intel Core i5 Processor (11th Gen),8,512,SSD,Integrated,15.6,Not Specified,In Stock,No,Windows 11,Student / Everyday
HP Pavilion Intel Core i5 12th Gen 1240P - (16 GB/512 GB SSD/Windows 11 Home) EG2002TU Thin and Light ...,HP,Thin & Light,72990,10.98,81990,2.6,0,Intel Core i5 Processor (12th Gen),16,512,SSD,Integrated,15.6,Not Specified,In Stock,No,Windows 11,Student / Everyday
HP OmniBook 7(i5 14th Gen) Intel Core 5 210H - (16 GB/512 GB SSD/Windows 11 Home) FS0789TU Laptop,HP,Standard Notebook,87598,0.01,87609,,,Intel Core 5,16,512,SSD,Integrated,14,Not Specified,In Stock,No,Windows 11,Student / Everyday
HP 14s Intel Pentium Quad Core N6000 - (8 GB/256 GB SSD/Windows 11 Home) 14s-dq3033tu Thin and Light L...,HP,Thin & Light,51990,1.9,52999,,,Intel Pentium Quad Core,8,256,SSD,Integrated,14,Not Specified,In Stock,No,Windows 11,Student / Everyday
HP 240R G9 (2025) Intel Core i5 13th Gen 1334U - (32 GB/512 GB SSD/Windows 11 Pro) 240R G9 Thin and Li...,HP,Thin & Light,85999,5.49,90990,,,Intel Core i5 Processor (13th Gen),32,512,SSD,Integrated,14,Not Specified,In Stock,No,Windows 11,Student / Everyday
HP 15s AMD Ryzen 5 Quad Core 3500U - (8 GB/512 GB SSD/Windows 10 Home) 15s-eq0500AU Thin and Light Lap...,HP,Thin & Light,58790,5.16,61990,,,AMD Ryzen 5 Quad Core,8,512,SSD,Integrated,15.6,Not Specified,In Stock,No,Windows 10,Student / Everyday
HP (2024) Intel Core i3 12th Gen 1215U - (8 GB/512 GB SSD/Windows 11 Home) 15-fd0061TU Thin and Light ...,HP,Thin & Light,56390,5.82,59876,4,15,Intel Core i3 Processor (12th Gen),8,512,SSD,Integrated,15.6,Not Specified,Out of Stock,No,Windows 11,Student / Everyday
HP 14s Backlit Intel Core i3 11th Gen 1115G4 - (8 GB/512 GB SSD/Windows 11 Home) 14s-dq2649tu Thin and...,HP,Thin & Light,58990,1.67,59990,4.2,20,Intel Core i3 Processor (11th Gen),8,512,SSD,Integrated,14,Not Specified,In Stock,No,Windows 11,Student / Everyday
HP (2024) Laptop with Backlit Keyboard Intel Core i5 12th Gen 1235U - (8 GB/512 GB SSD/Windows 11 Home...,HP,Standard Notebook,69200,6.49,74000,3.9,2,Intel Core i5 Processor (12th Gen),8,512,SSD,Integrated,15.6,Not Specified,In Stock,No,Windows 11,Student / Everyday
HP 240 G9 Intel Core i3 12th Gen 1215 - (8 GB/512 GB SSD/Windows 11 Home) B10MRATU Laptop,HP,Standard Notebook,57938,1.8,58999,,,Intel Core i3 Processor (12th Gen),8,512,SSD,Integrated,14,Not Specified,In Stock,No,Windows 11,Student / Everyday
HP 240 G10 (2025) Professional Intel Core i3 13th Gen 1315U - (16 GB/512 GB SSD/Windows 11 Home) 240 G...,HP,Standard Notebook,62990,12.5,71990,3.3,0,Intel Core i3 Processor (13th Gen),16,512,SSD,Integrated,14,Not Specified,In Stock,No,Windows 11 Home,Student / Everyday
HP Intel Core i3 11th Gen - (8 GB/512 GB SSD/Windows 11 Home) 15s-fq2627TU Thin and Light Laptop,HP,Thin & Light,55990,0.02,55999,,,Intel Core i3 Processor (11th Gen),8,512,SSD,Integrated,15.6,Not Specified,In Stock,No,Windows 11,Student / Everyday
HP 250 G10 Backlit (2025) Professional Intel Core i5 13th Gen 1334U - (16 GB/512 GB SSD/Windows 11 Hom...,HP,Standard Notebook,80999,9.9,89900,,,Intel Core i5 Processor (13th Gen),16,512,SSD,Integrated,15.6,Not Specified,In Stock,No,Windows 11 Home,Student / Everyday
HP HP Laptop 15 Intel Core i3 13th Gen - (8 GB/512 GB SSD/Windows 11 Home) 15-fd0533TU Laptop,HP,Standard Notebook,58990,1.67,59990,,,Intel Core i3 Processor (13th Gen),8,512,SSD,Integrated,15.6,Not Specified,In Stock,No,Windows 11 Home,Student / Everyday
HP Victus Intel Core i5 12th Gen 12450H - (8 GB/512 GB SSD/Windows 11 Home/Intel Integrated NVIDIA® Ge...,HP,Gaming,89990,14.3,105000,3.6,1,Intel Core i5 Processor (12th Gen),8,512,SSD,Integrated,15.6,Not Specified,In Stock,No,Windows 11 Home,Gaming
HP MSO 2024 AMD Ryzen 5 Hexa Core 7430U - (16 GB/512 GB SSD/Windows 11 Home) 15-fc0389AU Thin and Ligh...,HP,Thin & Light,69490,8.55,75990,,,AMD Ryzen 5 Hexa Core,16,512,SSD,Integrated,15.6,Not Specified,In Stock,No,Windows 11 Home,Student / Everyday
HP 15S Intel Core i3 13th Gen 1355U - (16 GB/512 GB SSD/Windows 11 Home) 15-fd0574TU Thin and Light La...,HP,Thin & Light,62999,9.99,69990,2.6,1,Intel Core i3 Processor (13th Gen),16,512,SSD,Integrated,15.6,Not Specified,In Stock,No,Windows 11 Home,Student / Everyday
HP 255R G10 (2025) Professional AMD Ryzen 3 Quad Core 7335U - (16 GB/512 GB SSD/Windows 11 Home) 255R ...,HP,Standard Notebook,66899,5.76,70990,2.3,0,AMD Ryzen 3 Quad Core,16,512,SSD,Integrated,15.6,Not Specified,In Stock,No,Windows 11 Home,Student / Everyday
HP (Laptop with free bag) Intel Core i3 13th Gen 1315U - (8 GB/512 GB SSD/Windows 11 Home) 15-fd0465TU...,HP,Standard Notebook,56890,17.54,68990,2.8,0,Intel Core i3 Processor (13th Gen),8,512,SSD,Integrated,15.6,Not Specified,In Stock,No,Windows 11,Student / Everyday
HP 15s Intel Core i5 12th Gen 1240P - (8 GB/512 GB SSD/Windows 11 Home) 15s-fy5001TU Thin and Light La...,HP,Thin & Light,69985,0.02,69999,3.9,6,Intel Core i5 Processor (12th Gen),8,512,SSD,Integrated,15.6,Not Specified,In Stock,No,Windows 11,Student / Everyday
HP Intel Core i3 12th Gen 1215U - (8 GB/512 GB SSD/Windows 11 Home) 15-fd0063TU Thin and Light Laptop,HP,Thin & Light,57990,3.19,59900,4,2,Intel Core i3 Processor (12th Gen),8,512,SSD,Integrated,15.6,Not Specified,In Stock,No,Windows 11,Student / Everyday
HP 245 G8 AMD Ryzen 5 Quad Core 3500u - (8 GB/512 GB SSD/Windows 11 Home) 245 G8 Business Laptop,HP,Standard Notebook,58990,0.26,59146,,,AMD Ryzen 5 Quad Core,8,512,SSD,Integrated,14,Not Specified,In Stock,No,Windows 11,Business
HP 240R G9 (2025) Intel Core i5 13th Gen 1334U - (8 GB/512 GB SSD/Windows 11 Home) 240R G9 Thin and Li...,HP,Thin & Light,78900,4.93,82990,,,Intel Core i5 Processor (13th Gen),8,512,SSD,Integrated,14,Not Specified,In Stock,No,Windows 11 Home,Student / Everyday
HP 15 (2025) Intel Core i3 12th Gen 1215U - (16 GB/512 GB SSD/Windows 11 Home) 15 Thin and Light Lapto...,HP,Thin & Light,69990,0,69990,,,Intel Core i3 Processor (12th Gen),16,512,SSD,Integrated,15.6,Not Specified,In Stock,No,Windows 11 Home,Student / Everyday
HP Intel Celeron Dual Core N4500 - (8 GB/512 GB SSD/Windows 11 Home) 14s-dq3149TU / 14s-dq3141TU Thin ...,HP,Thin & Light,52990,1.85,53990,1,1,Intel Celeron Dual Core,8,512,SSD,Integrated,14,Not Specified,In Stock,No,Windows 11 Home,Student / Everyday
HP 250R G9 (2025) Intel Core i3 13th Gen 1315U - (16 GB/512 GB SSD/Windows 11 Pro) 250R G9 Thin and Li...,HP,Thin & Light,59900,6.03,63742,4,0,Intel Core i3 Processor (13th Gen),16,512,SSD,Integrated,15.6,Not Specified,In Stock,No,Windows 11,Student / Everyday
HP 15s AMD Ryzen 3 Dual Core 3250U - (8 GB/512 GB SSD/Windows 11 Home) 15s- eq1580AU Thin and Light La...,HP,Thin & Light,52990,5.37,55995,4.2,378,AMD Ryzen 3 Dual Core,8,512,SSD,Integrated,15.6,Not Specified,In Stock,No,Windows 11,Student / Everyday
HP AMD Ryzen 5 Hexa Core 5500U - (8 GB/512 GB SSD/Windows 11 Home) 15s- eq2223AU Thin and Light Laptop,HP,Thin & Light,56990,6.07,60671,,,AMD Ryzen 5 Hexa Core,8,512,SSD,Integrated,15.6,Not Specified,In Stock,No,Windows 11,Student / Everyday
HP Professional 240 G10 (2025) Intel Core i5 13th Gen 1334U - (16 GB/512 GB SSD/Windows 11 Pro) 240 G1...,HP,Standard Notebook,79550,6.41,85000,2.7,0,Intel Core i5 Processor (13th Gen),16,512,SSD,Integrated,14,Not Specified,In Stock,No,Windows 11,Student / Everyday
HP 15s AMD Ryzen 7 Quad Core 3700U - (8 GB/512 GB SSD/Windows 10 Home) 15s-eq0132AU Thin and Light Lap...,HP,Thin & Light,85890,4.56,89990,,,AMD Ryzen 7 Quad Core,8,512,SSD,Integrated,15.6,Not Specified,In Stock,No,Windows 10,Student / Everyday
HP 250 G9 Intel Core i3 12th Gen 1215U - (8 GB/512 GB SSD/DOS) 7M659PA Laptop,HP,Standard Notebook,56900,0.16,56990,,,Intel Core i3 Processor (12th Gen),8,512,SSD,Integrated,15.6,Not Specified,In Stock,No,DOS,Student / Everyday
HP Intel Core i5 13th Gen 1334U - (16 GB/512 GB SSD/Windows 11 Home) 15-fd0221TU Thin and Light Laptop,HP,Thin & Light,79990,5.89,85000,4.1,16,Intel Core i5 Processor (13th Gen),16,512,SSD,Integrated,15.6,Not Specified,In Stock,No,Windows 11,Student / Everyday
HP 255 G9 Silver AMD Ryzen 5 Hexa Core - (8 GB/512 GB SSD/Windows 11 Home) 255 G9 Business Laptop,HP,Standard Notebook,58990,0.02,59000,,,AMD Ryzen 5 Hexa Core,8,512,SSD,Integrated,15.6,Not Specified,In Stock,No,Windows 11,Business
HP AMD Ryzen 3 Dual Core 3250U - (8 GB/256 GB SSD/Windows 11 Home) 15s- eq1561AU Thin and Light Laptop,HP,Thin & Light,52990,1.87,53999,,,AMD Ryzen 3 Dual Core,8,256,SSD,Integrated,15.6,Not Specified,In Stock,No,Windows 11,Student / Everyday
HP Pavilion AI PC Intel Core Ultra 7 155U - (16 GB/512 GB SSD/Windows 11 Home) 16-af0028TU Thin and Li...,HP,Thin & Light,92152,11.43,104048,4.2,3,Intel Core Ultra 7,16,512,SSD,Integrated,16,Not Specified,In Stock,No,Windows 11,Student / Everyday
HP 15s Intel Core i5 13th Gen 1335U - (8 GB/512 GB SSD/Windows 11 Home) 15-fd0022TU Thin and Light Lap...,HP,Thin & Light,72990,11.84,82790,,,Intel Core i5 Processor (13th Gen),8,512,SSD,Integrated,15.6,Not Specified,In Stock,No,Windows 11,Student / Everyday
HP 250 G9 Intel Celeron Dual Core 4500u - (8 GB/256 GB SSD/Windows 11 Home) 250G9 Laptop,HP,Standard Notebook,52990,1.85,53990,4.2,1,Intel Celeron Dual Core,8,256,SSD,Integrated,15.6,Not Specified,In Stock,No,Windows 11,Student / Everyday
HP Laptop with Backlit Keyboard Intel Core i3 11th Gen - (8 GB/512 GB SSD/Windows 11 Home) 15s-fr2512t...,HP,Standard Notebook,57990,12.14,65999,4.3,30,Intel Core i3 Processor (11th Gen),8,512,SSD,Integrated,15.6,Not Specified,In Stock,No,Windows 11,Student / Everyday
HP 15 with MSO'2024 AMD Ryzen 3 Quad Core 7320U - (8 GB/512 GB SSD/Windows 11 Home) 15-fc0025AU | 15-f...,HP,Standard Notebook,51499,31.79,75499,,,AMD Ryzen 3 Quad Core,8,512,SSD,Integrated,15.6,Not Specified,In Stock,No,Windows 11,Student / Everyday
HP Victus Intel Core i7 12th Gen 12650H - (8 GB/512 GB SSD/Windows 11 Home/4 GB Graphics/NVIDIA GeForc...,HP,Gaming,109478,8.77,119999,4.2,19,Intel Core i7 Processor (12th Gen),8,512,SSD,Integrated,15.6,Not Specified,In Stock,No,Windows 11,Gaming
HP ENVY AMD Ryzen 5 Hexa Core 8640HS - (16 GB/512 GB SSD/Windows 11 Home) 14-fa0038AU Thin and Light L...,HP,Thin & Light,84347,33.05,125990,3.5,1,AMD Ryzen 5 Hexa Core,16,512,SSD,Integrated,14,Not Specified,In Stock,Yes,Windows 11,Student / Everyday
HP ENVY AI PC Intel Core Ultra 5 125U - (16 GB/512 GB SSD/Windows 11 Home) 14-fc0078TU Thin and Light ...,HP,Thin & Light,109900,8.42,120000,4.7,3,Intel Core Ultra 5,16,512,SSD,Integrated,14,Not Specified,In Stock,Yes,Windows 11,Student / Everyday
HP Intel Core i5 13th Gen 1334U - (8 GB/512 GB SSD/Windows 11 Home) 15-fd0220TU Thin and Light Laptop,HP,Thin & Light,72990,8.75,79990,,,Intel Core i5 Processor (13th Gen),8,512,SSD,Integrated,15.6,Not Specified,In Stock,No,Windows 11,Student / Everyday
HP OMEN Intel Core i7 12th Gen 12700H - (16 GB/1 TB SSD/Windows 11 Home/8 GB Graphics/NVIDIA GeForce R...,HP,Gaming,181599,4.37,189900,,,Intel Core i7 Processor (12th Gen),16,1024,SSD,Integrated,16.1,Not Specified,In Stock,No,Windows 11,Gaming
HP 15 (2024) AMD Ryzen 3 Quad Core 7320U - (8 GB/512 GB SSD/Windows 11 Home) ?15-fc0026AU Thin and Lig...,HP,Thin & Light,52890,5.54,55990,4,0,AMD Ryzen 3 Quad Core,8,512,SSD,Integrated,15.6,Not Specified,In Stock,No,Windows 11,Student / Everyday
HP 250 G9 Intel Celeron Dual Core N4500 - (8 GB/256 GB SSD/Windows 11 Home) 250 G9 Thin and Light Lapt...,HP,Thin & Light,50990,3.77,52990,,,Intel Celeron Dual Core,8,256,SSD,Integrated,15.6,Not Specified,In Stock,No,Windows 11 Home,Student / Everyday
HP 14s Intel Core i3 11th Gen 1115G4 - (8 GB/512 GB SSD/Windows 11 Home) 14s-ef1002tu Thin and Light L...,HP,Thin & Light,57990,3.35,59999,,,Intel Core i3 Processor (11th Gen),8,512,SSD,Integrated,14,Not Specified,In Stock,No,Windows 11,Student / Everyday
HP Pavilion Gaming AMD Ryzen 5 Hexa Core 5600H - (8 GB/512 GB SSD/Windows 11 Home/4 GB Graphics/NVIDIA...,HP,Gaming,69790,5.51,73856,3.9,8,AMD Ryzen 5 Hexa Core,8,512,SSD,Integrated,15.6,Not Specified,In Stock,No,Windows 11,Gaming
HP Intel Core i3 11th Gen 1115G4 - (8 GB/256 GB SSD/Windows 11 Home) 15s-fq2670TU Thin and Light Lapto...,HP,Thin & Light,57990,1.7,58990,,,Intel Core i3 Processor (11th Gen),8,256,SSD,Integrated,15.6,Not Specified,In Stock,No,Windows 11,Student / Everyday
DELL 14 Plus Microsoft Office Home 2024 Intel Core Ultra 7 256V - (16 GB/512 GB SSD/Windows 11 Home) D...,Dell,Standard Notebook,102990,11.87,116859,4.2,12,Intel Core Ultra 7,16,512,SSD,Integrated,14,Not Specified,In Stock,No,Windows 11,Student / Everyday
DELL PRO 15 Backlit (2025) AMD Ryzen 5 Quad Core 7520U - (8 GB/512 GB SSD/Windows 11 Home) PRO 15 Thin...,Dell,Thin & Light,54999,0,55000,4.2,5,AMD Ryzen 5 Quad Core,8,512,SSD,Integrated,15.6,Not Specified,In Stock,No,Windows 11 Home,Student / Everyday
DELL 14 Microsoft Office Home 2024 AMD Ryzen 5 Hexa Core AI 5 340 - (16 GB/512 GB SSD/Windows 11 Home)...,Dell,Standard Notebook,73490,20.84,92833,4.1,1,AMD Ryzen 5 Hexa Core,16,512,SSD,Integrated,14,Not Specified,In Stock,No,Windows 11,Student / Everyday
DELL INSPIRON (i3 14th Gen) Intel Core 3 14th Gen 100U - (8 GB/512 GB HDD/512 GB SSD/Windows 11 Home) ...,Dell,Standard Notebook,58000,25.63,77990,3.2,3,Intel Core 3 Processor (14th Gen),8,1024,SSD + HDD,Integrated,15.6,Not Specified,In Stock,No,Windows 11,Student / Everyday
DELL 15 Intel Core i5 12th Gen 1235U - (16 GB/512 GB SSD/Windows 11 Home) 3520 Thin and Light Laptop,Dell,Thin & Light,69990,0,69990,4.2,40,Intel Core i5 Processor (12th Gen),16,512,SSD,Integrated,15.6,Not Specified,In Stock,No,Windows 11,Student / Everyday
DELL Inspiron 14 Microsoft Office Home 2024 Intel Core i5 13th Gen 1334U - (16 GB/512 GB SSD/Windows 1...,Dell,Standard Notebook,85574,0,85574,4.1,4,Intel Core i5 Processor (13th Gen),16,512,SSD,Integrated,14,Not Specified,In Stock,Yes,Windows 11,Student / Everyday
DELL 14 (2025) Intel Core i3 13th Gen 1305U - (16 GB/512 GB SSD/Windows 11 Pro) 14 Thin and Light Lapt...,Dell,Thin & Light,68899,1.57,70000,4.3,19,Intel Core i3 Processor (13th Gen),16,512,SSD,Integrated,14,Not Specified,In Stock,No,Windows 11,Student / Everyday
DELL Inspiron Intel Core i5 13th Gen 1335U - (8 GB/512 GB SSD/Windows 11 Home) Inspiron 5430 Thin and ...,Dell,Thin & Light,65990,21.83,84422,4,24,Intel Core i5 Processor (13th Gen),8,512,SSD,Integrated,14,Not Specified,In Stock,No,Windows 11,Student / Everyday
DELL Inspiron 15 Intel Core i3 12th Gen 1215U - (8 GB/512 GB SSD/Windows 11 Home) Inspiron 3520 Thin a...,Dell,Thin & Light,53973,17.37,65318,4.3,356,Intel Core i3 Processor (12th Gen),8,512,SSD,Integrated,15.6,Not Specified,In Stock,No,Windows 11,Student / Everyday
DELL Inspiron 5440 (2026) (i3 14th Gen) Intel Core 3 14th Gen 100U - (16 GB/512 GB SSD/Windows 11 Pro)...,Dell,Standard Notebook,65980,5.73,69990,4.4,0,Intel Core 3 Processor (14th Gen),16,512,SSD,Integrated,14,Not Specified,In Stock,No,Windows 11,Student / Everyday
DELL Inspiron 15 3530 Intel Core i5 13th Gen - (8 GB/1 TB SSD/Windows 11 Home) IN3530RW8JY001ORS1 Thin...,Dell,Thin & Light,74990,16.68,90000,4.2,60,Intel Core i5 Processor (13th Gen),8,1024,SSD,Integrated,15.6,Not Specified,In Stock,No,Windows 11,Student / Everyday
DELL Intel Core i5 12th Gen 1235U - (8 GB/512 GB SSD/Windows 11 Home) New Inspiron 15 Laptop Thin and ...,Dell,Thin & Light,62626,0,62626,4.1,47,Processor: Intel i5-1235U (Base- 3.30 GHz & Turbo up to 4.40 GHz) 10 Cores,8,512,SSD,Integrated,15.6,Graphics & Keyboard: Integrated & Standard Keyboard,In Stock,No,Windows 11,Student / Everyday
DELL Inspiron 5440 Intel Core i5 13th Gen 1334U - (16 GB/1 TB SSD/Windows 11 Home) Inspiron 5440 Thin ...,Dell,Thin & Light,99900,9.18,110000,4.2,2,Intel Core i5 Processor (13th Gen),16,1024,SSD,Integrated,14,Not Specified,In Stock,No,Windows 11,Student / Everyday
DELL AMD Ryzen 5 Dual Core 7520U - (8 GB/512 GB SSD/Windows 11 Home) Inspiron 3535 Thin and Light Lapt...,Dell,Thin & Light,53990,10,59990,4.5,6,AMD Ryzen 5 Dual Core,8,512,SSD,Integrated,15.6,Not Specified,In Stock,No,Windows 11,Student / Everyday
DELL Vostro Intel Core i3 11th Gen 1115G4 - (8 GB/512 GB SSD/Windows 11 Home) Vostro 3420 Thin and Lig...,Dell,Thin & Light,52000,14.33,60700,3.9,9,Intel Core i3 Processor (11th Gen),8,512,SSD,Integrated,14,Not Specified,In Stock,No,Windows 11,Student / Everyday
DELL Intel Core i3 13th Gen - (8 GB/512 GB SSD/Windows 11 Home) INSPIRON 5440 Laptop,Dell,Standard Notebook,59649,18.28,72990,,,Intel Core i3 Processor (13th Gen),8,512,SSD,Integrated,14,Not Specified,In Stock,No,Windows 11 Home,Student / Everyday
DELL Inspiron Intel Core i5 11th Gen 11300H - (16 GB/512 GB SSD/Windows 10/2 GB Graphics) Inspiron 551...,Dell,Standard Notebook,81499,0.46,81872,3.6,1,Intel Core i5 Processor (11th Gen),16,512,SSD,Integrated,15.6,Not Specified,In Stock,No,Windows 10,Student / Everyday
DELL Inspiron 5370 Intel Core i7 8th Gen 8550U - (8 GB/256 GB SSD/Windows 11 Home/4 GB Graphics/AMD Ra...,Dell,Standard Notebook,93451,0,93451,4.1,20,Intel Core i7 Processor (8th Gen),8,256,SSD,Integrated,13.3,Not Specified,In Stock,No,Windows 11 Home,Student / Everyday
DELL Vostro Intel Core i5 12th Gen 1240P - (16 GB/512 GB SSD/Windows 11 Home) Vostro 5620 Thin and Lig...,Dell,Thin & Light,78990,18.57,96999,3.7,5,Intel Core i5 Processor (12th Gen),16,512,SSD,Integrated,16,Not Specified,In Stock,No,Windows 11,Student / Everyday
DELL 15 (Previously Inspiron) AI Powered Intel Core Ultra 7 225H - (16 GB/512 GB SSD/Windows 11 Home) ...,Dell,Standard Notebook,106990,5.5,113216,2.7,0,Intel Core Ultra 7,16,512,SSD,Integrated,15.6,Not Specified,In Stock,No,Windows 11 Home,Student / Everyday
DELL Intel Core i3 13th Gen 1305U - (8 GB/512 GB SSD/Windows 11 Home) OIN353010051RINB1MO Laptop,Dell,Standard Notebook,59801,9.38,65990,,,Intel Core i3 Processor (13th Gen),8,512,SSD,Integrated,15.6,Not Specified,In Stock,No,Windows 11,Student / Everyday
DELL Vostro Intel Core i5 12th Gen 1240P - (8 GB/512 GB SSD/Windows 11 Home) Vostro 5620 Thin and Ligh...,Dell,Thin & Light,89990,18.19,110000,4.5,3,Intel Core i5 Processor (12th Gen),8,512,SSD,Integrated,16,Not Specified,In Stock,No,Windows 11,Student / Everyday
DELL Intel Core i3 12th Gen - (8 GB/512 GB SSD/Windows 10 Home) Vostro 3520 Laptop,Dell,Standard Notebook,58990,1.67,59990,,,Intel Core i3 Processor (12th Gen),8,512,SSD,Integrated,15.6,Not Specified,In Stock,No,Windows 11,Student / Everyday
DELL Intel Core i5 11th Gen - (16 GB/512 GB SSD/Windows 10 Home/2 GB Graphics) 3511 Laptop,Dell,Standard Notebook,72480,18.01,88400,,,Intel Core i5 Processor (11th Gen),16,512,SSD,Integrated,15.6,Not Specified,In Stock,No,Windows 10,Student / Everyday
DELL Inspiron 15 Microsoft Office Home 2024 Intel Core i7 13th Gen 1355U - (16 GB/512 GB SSD/Windows 1...,Dell,Standard Notebook,92990,7,99990,4.3,7,Intel Core i7 Processor (13th Gen),16,512,SSD,Integrated,15.6,Not Specified,In Stock,No,Windows 11,Student / Everyday
DELL VOSTRO Intel Core i5 12th Gen - (8 GB/512 GB SSD/Windows 11 Home) 3520 Laptop,Dell,Standard Notebook,65999,44.77,119500,3.9,2,Intel Core i5 Processor (12th Gen),8,512,SSD,Integrated,14,Not Specified,In Stock,No,Windows 11,Student / Everyday
DELL Vostro 3530 Intel Core i5 1334U - (16 GB/512 GB SSD/Windows 11 Home) Vostro 3530 Thin and Light L...,Dell,Thin & Light,70500,14.01,81990,3.9,0,Intel Core i5,16,512,SSD,Integrated,15.6,Not Specified,In Stock,No,Windows 11,Student / Everyday
DELL Inspiron Intel Core i5 13th Gen 13450HX - (16 GB/512 GB SSD/Windows 11 Home/6 GB Graphics/NVIDIA ...,Dell,Standard Notebook,110990,14.62,130000,4,5,Intel Core i5 Processor (13th Gen),16,512,SSD,Integrated,15.6,Not Specified,In Stock,No,Windows 11,Student / Everyday
DELL Alienware Intel Core Ultra 9 185H - (32 GB/1 TB SSD/Windows 11 Home/8 GB Graphics/NVIDIA GeForce ...,Dell,Standard Notebook,368036,0,368036,,,Intel Core Ultra 9,32,1024,SSD,Integrated,16,Not Specified,In Stock,No,Windows 11 Home,Student / Everyday
DELL AMD Ryzen 5 220 - (16 GB/512 GB SSD/Windows 11 Home/6 GB Graphics/NVIDIA GeForce RTX 3050/165 Hz)...,Dell,Standard Notebook,157889,0,157889,,,AMD Ryzen 5,16,512,SSD,Integrated,15.3,Not Specified,In Stock,No,Windows 11 Home,Student / Everyday
DELL Dell Pro 15 Essential PV15250 Intel Core i5 13th Gen 1334U - (8 GB/512 GB SSD/Ubuntu) Pro 15 Esse...,Dell,Standard Notebook,65498,31.05,94997,,,Intel Core i5 Processor (13th Gen),8,512,SSD,Integrated,15.6,Not Specified,In Stock,No,Linux,Student / Everyday
DELL Alienware Intel Core i7 12th Gen 12700H - (16 GB/1 TB SSD/Windows 11 Home/6 GB Graphics/NVIDIA Ge...,Dell,Standard Notebook,320926,0,320926,,,Intel Core i7 Processor (12th Gen),16,1024,SSD,Integrated,15.6,Not Specified,In Stock,No,Windows 11,Student / Everyday
DELL Inspiron AMD Ryzen 5 Dual Core 3450U - (8 GB/512 GB SSD/Windows 11 Home) INSPIRON 3515 Thin and L...,Dell,Thin & Light,64990,1.52,65990,4.1,18,Processor: AMD Ryzen 5-3450U (2.10 GHz up to 3.50 GHz),8,512,SSD,Integrated,15.6,Not Specified,In Stock,No,Windows 11,Student / Everyday
DELL Inspiron 15 - 100U Intel Core i3 14th Gen - (8 GB/512 GB SSD/Windows 11 Home/8 GB Graphics) Dc 15...,Dell,Standard Notebook,56990,5,59990,,,Intel Core i3 Processor (14th Gen),8,512,SSD,Integrated,15.6,Not Specified,In Stock,No,Windows 11 Home,Student / Everyday
DELL Intel Core i5 13th Gen - (16 GB/1 TB SSD/Windows 11 Home/6 GB Graphics/NVIDIA GeForce RTX 3050) G...,Dell,Standard Notebook,109000,19.29,135052,4.1,11,Intel Core i5 Processor (13th Gen),16,1024,SSD,Integrated,15.6,Not Specified,In Stock,No,Windows 11,Student / Everyday
DELL Intel Core i3 13th Gen 1305U - (8 GB/512 GB SSD/Windows 11 Home) VN3530XR6N1002ORG1O Thin and Lig...,Dell,Thin & Light,58500,1.73,59529,4.2,54,Intel Core i3 Processor (13th Gen),8,512,SSD,Integrated,15.6,Not Specified,In Stock,No,Windows 11,Student / Everyday
DELL Inspiron 15 AMD Ryzen 5 Quad Core 5500u - (8 GB/512 GB SSD/Windows 11 Home) Inspiron 3525 Thin an...,Dell,Thin & Light,61990,11.44,70000,4.1,8,AMD Ryzen 5 Quad Core,8,512,SSD,Integrated,15.6,Not Specified,In Stock,No,Windows 11,Student / Everyday
DELL Inspiron AMD Ryzen 5 Hexa Core 5625U - (8 GB/512 GB SSD/Windows 11 Home) 3525 Thin and Light Lapt...,Dell,Thin & Light,68990,1.3,69900,3.9,10,AMD Ryzen 5 Hexa Core,8,512,SSD,Integrated,15.6,Not Specified,In Stock,No,Windows 11,Student / Everyday
DELL Inspiron 5440 (i3 14th gen) Intel Core 3 14th Gen 100U - (8 GB/512 GB SSD/Windows 11 Pro) 7FN4J T...,Dell,Standard Notebook,59649,11.9,67709,,,Intel Core 3 Processor (14th Gen),8,512,SSD,Integrated,14,Not Specified,In Stock,No,DOS,Student / Everyday
DELL Inspiron Intel Core i5 13th Gen 1335U - (8 GB/512 GB SSD/Windows 11 Home) Inspiron 7430 Thin and ...,Dell,Thin & Light,88990,9.19,98000,,,Intel Core i5 Processor (13th Gen),8,512,SSD,Integrated,14,Not Specified,In Stock,Yes,Windows 11,Student / Everyday
DELL Inspiron 5440 Intel Core i3 100U - (16 GB/512 GB SSD/Windows 11 Home) 5440 1 year ADP Warranty La...,Dell,Standard Notebook,64811,6.06,68990,3.6,3,Intel Core i3,16,512,SSD,Integrated,14,Not Specified,In Stock,No,Windows 11 Home,Student / Everyday
DELL Inspiron Intel Core i5 12th Gen 1240P - (16 GB/512 GB SSD/Windows 11 Home) Inspiron 5420 Thin and...,Dell,Thin & Light,81300,20.29,102000,3.8,0,Intel Core i5 Processor (12th Gen),16,512,SSD,Integrated,14,Not Specified,In Stock,No,Windows 11,Student / Everyday
DELL Inspiron 7430 Intel Core i5 13th Gen 1335U - (8 GB/512 GB SSD/Windows 11 Home) Inspiron 7430 2in1...,Dell,Standard Notebook,82599,18.5,101350,4.7,0,Intel Core i5 Processor (13th Gen),8,512,SSD,Integrated,14,Not Specified,In Stock,Yes,Windows 11,Student / Everyday
DELL Inspiron Intel Core i5 13th Gen 1334U - (8 GB/512 GB SSD/Windows 11 Home) 5440 Thin and Light Lap...,Dell,Thin & Light,85999,4.44,89999,4.8,0,Intel Core i5 Processor (13th Gen),8,512,SSD,Integrated,14,Not Specified,In Stock,No,Windows 11,Student / Everyday
DELL Alienware Intel Core Ultra 7 155H - (16 GB/1 TB SSD/Windows 11 Home/6 GB Graphics/NVIDIA GeForce ...,Dell,Standard Notebook,161990,17.92,197345,,,Intel Core Ultra 7,16,1024,SSD,Integrated,16,Not Specified,In Stock,No,Windows 11,Student / Everyday
DELL G15-5530 Intel Core i5 13th Gen 13450HX - (8 GB/512 GB SSD/Windows 11 Pro/6 GB Graphics/NVIDIA Ge...,Dell,Standard Notebook,98500,8.8,108000,4.3,0,Intel Core i5 Processor (13th Gen),8,512,SSD,Integrated,15.6,Not Specified,In Stock,No,Windows 11,Student / Everyday
DELL AMD Ryzen 7 Octa Core 6800H - (16 GB/512 GB SSD/Windows 11 Home/4 GB Graphics/NVIDIA GeForce RTX ...,Dell,Standard Notebook,96990,26.52,131999,4,3,Processor: AMD R7-6800H (3.20 GHz Up to 4.70 Ghz 8 cores 16MB L3 Cache),16,512,SSD,Dedicated,15.6,NVIDIA GEFORCE RTX 3050,In Stock,No,Windows 11,Student / Everyday
DELL G7 Intel Core i7 10th Gen 10750H - (16 GB/1 TB SSD/Windows 10 Home/6 GB Graphics/NVIDIA GeForce R...,Dell,Standard Notebook,169990,15,200000,,,Intel Core i7 Processor (10th Gen),16,1024,SSD,Integrated,15.6,Not Specified,In Stock,No,Windows 10,Student / Everyday
DELL 14 (i3 14th Gen) Intel Core 3 100U - (8 GB/512 GB SSD/Windows 11 Home) DC14250 Laptop,Dell,Standard Notebook,70490,16.48,84400,,,Intel Core 3,8,512,SSD,Integrated,14,Not Specified,In Stock,No,Windows 11 Home,Student / Everyday
DELL core i5 Intel Core i5 12th Gen - (8 GB/512 GB SSD/Windows 11 Home) Inspiron 3520 / D560871WIN9B L...,Dell,Standard Notebook,65999,22.35,85000,4,1,Intel Core i5 Processor (12th Gen),8,512,SSD,Integrated,15.6,Not Specified,Out of Stock,No,Windows 11,Student / Everyday
Lenovo Chromebook MediaTek Kompanio 520 - (4 GB/128 GB EMMC Storage/Chrome OS) 14M868 Chromebook,Lenovo,Standard Notebook,28990,3.33,29990,3.9,381,MediaTek Kompanio 520,4,128,eMMC,Integrated,14,Not Specified,In Stock,No,Chrome OS,Student / Everyday
Lenovo IdeaPad Slim 3 Intel Intel Celeron Dual Core N4020 - (8 GB/256 GB SSD/Windows 11 Home) 15IGL05 ...,Lenovo,Thin & Light,27990,28.21,38990,3.7,1,Intel Celeron Dual Core,8,256,SSD,Integrated,15.6,Not Specified,In Stock,No,Windows 11,Student / Everyday
Lenovo IdeaPad 3 Intel Intel Core i3 11th Gen - (8 GB/512 GB SSD/Windows 11 Home) 81X800LAIN Thin and ...,Lenovo,Thin & Light,37890,34.55,57890,4.2,58,Intel Core i3 Processor (11th Gen),8,512,SSD,Integrated,15.6,Not Specified,In Stock,No,Windows 11,Student / Everyday
Lenovo Intel Core i3 13th Gen 1315U - (8 GB/512 GB SSD/Windows 11 Home) 83HDA05HIG Laptop,Lenovo,Standard Notebook,56997,52.18,119200,,,Intel Core i3 Processor (13th Gen),8,512,SSD,Integrated,14,Not Specified,In Stock,No,Windows 11,Student / Everyday
Lenovo LoQ Essential AMD Ryzen 7 Octa Core 170 - (16 GB/512 GB SSD/Windows 11 Home/6 GB Graphics/NVIDI...,Lenovo,Gaming,118499,23.55,155000,,,AMD Ryzen 7 Octa Core,16,512,SSD,Integrated,15.6,Not Specified,In Stock,No,Windows 11 Home,Gaming
Lenovo LOQ Essential AMD Ryzen 7 Octa Core 7735HS - (16 GB/512 GB SSD/Windows 11 Home/6 GB Graphics/NV...,Lenovo,Gaming,132990,0.75,133990,4.3,2,AMD Ryzen 7 Octa Core,16,512,SSD,Integrated,15.6,Not Specified,In Stock,No,Windows 11 Home,Gaming
Lenovo IdeaPad Flex 5 AMD Ryzen 5 Hexa Core 7530U - (16 GB/512 GB SSD/Windows 11 Home) 14ABR8 2 in 1 L...,Lenovo,2-in-1,60490,35.09,93190,4.2,12,AMD Ryzen 5 Hexa Core,16,512,SSD,Integrated,14,Not Specified,In Stock,Yes,Windows 11,Student / Everyday
Lenovo Chromebook Intel Celeron Dual Core N4020 - (4 GB/64 GB EMMC Storage/Chrome OS) 11IGL05 Chromebo...,Lenovo,Standard Notebook,23690,18,28890,3.6,4,Intel Celeron Dual Core,4,64,eMMC,Integrated,11.6,Not Specified,In Stock,No,Chrome OS,Student / Everyday
Lenovo Ideapad Slim 3 Intel Intel Core i3 10th Gen 1005G1 - (8 GB/512 GB SSD/Windows 11 Home) 81WE01QL...,Lenovo,Thin & Light,35997,34.54,54990,4.3,27,Intel Core i3 Processor (10th Gen),8,512,SSD,Integrated,15.6,Not Specified,In Stock,No,Windows 10,Student / Everyday
Lenovo IdeaPad Slim 5 WUXGA OLED Full Metal Body Intel Core i5 13th Gen 13420H - (16 GB/1 TB SSD/Windo...,Lenovo,Thin & Light,97290,0,97290,4.4,22,Intel Core i5 Processor (13th Gen),16,1024,SSD,Integrated,14,Not Specified,In Stock,No,Windows 11 Home,Content Creation
Lenovo IdeaPad 1 AMD Ryzen 3 Dual Core 3250U - (8 GB/512 GB SSD/Windows 11 Home) 15ADA7 Thin and Light...,Lenovo,Thin & Light,33490,38.54,54490,4.1,89,AMD Ryzen 3 Dual Core,8,512,SSD,Integrated,15.6,Not Specified,In Stock,No,Windows 11,Student / Everyday
Lenovo IdeaPad 3 Intel Intel Core i3 11th Gen 1115G4 - (8 GB/256 GB SSD/DOS) 15ITL6 Thin and Light Lap...,Lenovo,Thin & Light,37790,34.83,57990,3.6,16,Intel Core i3 Processor (11th Gen),8,256,SSD,Integrated,15.6,Not Specified,In Stock,No,DOS,Student / Everyday
Lenovo Intel Core i5 13th Gen 13420H - (8 GB/512 GB SSD/Windows 11 Home) 83GUA052IG Laptop,Lenovo,Standard Notebook,59998,0.16,60092,,,Intel Core i5 Processor (13th Gen),8,512,SSD,Integrated,14,Not Specified,In Stock,No,Windows 11,Student / Everyday
Lenovo Yoga 6 with 1Yr ADP AMD Ryzen 7 Octa Core 7730U - (16 GB/1 TB SSD/Windows 11 Home) 13ABR8 2 in ...,Lenovo,2-in-1,121690,0,121690,4.2,9,AMD Ryzen 7 Octa Core,16,1024,SSD,Integrated,13.3,Not Specified,In Stock,Yes,Windows 11,Student / Everyday
Lenovo LOQ Intel Core i7 13th Gen 13650HX - (16 GB/512 GB SSD/Windows 11 Home/6 GB Graphics/NVIDIA GeF...,Lenovo,Gaming,118990,9.37,131290,4.4,18,Intel Core i7 Processor (13th Gen),16,512,SSD,Integrated,15.6,Not Specified,In Stock,No,Windows 11 Home,Gaming
Lenovo IdeaPad Slim 3 Backlit Keyboard with MSO'2024 Intel Core i5 13th Gen 13420H - (24 GB/1 TB SSD/W...,Lenovo,Thin & Light,87990,0,87990,4.4,9,Intel Core i5 Processor (13th Gen),24,1024,SSD,Integrated,15.3,Not Specified,In Stock,No,Windows 11 Home,Student / Everyday
Lenovo IdeaPad Flex 5 Intel Core i5 13th Gen 1335U - (16 GB/512 GB SSD/Windows 11 Home) 14IRU8 2 in 1 ...,Lenovo,2-in-1,79990,28.06,111190,4.3,8,Intel Core i5 Processor (13th Gen),16,512,SSD,Integrated,14,Not Specified,In Stock,Yes,Windows 11,Student / Everyday
Lenovo IdeaPad Slim 3 Snapdragon X - (16 GB/512 GB SSD/Windows 11 Home) 15Q8X10 Thin and Light Laptop,Lenovo,Thin & Light,69276,13.39,79990,4,5,Snapdragon X,16,512,SSD,Integrated,15.3,Not Specified,In Stock,No,Windows 11 Home,Student / Everyday
Lenovo Yoga Slim 7 AI PC Intel Core Ultra 5 125H - (16 GB/512 GB SSD/Windows 11 Home) 14IMH9 Thin and ...,Lenovo,2-in-1,107890,16.1,128590,4.4,11,Intel Core Ultra 5,16,512,SSD,Integrated,14,Not Specified,In Stock,Yes,Windows 11,Student / Everyday
Lenovo ThinkBook 16 G6 Intel Core i3 13th Gen 1315U - (8 GB/512 GB SSD/Windows 11 Home) ThinkBook 16 G...,Lenovo,Thin & Light,69990,21.35,88990,4.3,33,Intel Core i3 Processor (13th Gen),8,512,SSD,Integrated,16,Not Specified,In Stock,No,Windows 11,Student / Everyday
Lenovo V14 Intel Core i3 11th Gen - (8 GB/256 GB SSD/Windows 10 Pro) V14 G2-ITL Business Laptop,Lenovo,Standard Notebook,57990,3.19,59900,4.5,4,Intel Core i3 Processor (11th Gen),8,256,SSD,Integrated,14,Not Specified,In Stock,No,Windows 10,Business
Lenovo IdeaPad Flex 5 Intel Core i5 12th Gen 1235U - (8 GB/512 GB SSD/Windows 11 Home) 14IAU7 2 in 1 L...,Lenovo,2-in-1,88990,19.1,110000,3.9,3,Intel Core i5 Processor (12th Gen),8,512,SSD,Integrated,14,Not Specified,In Stock,Yes,Windows 11,Student / Everyday
Lenovo IdeaPad Slim 3 Intel Core i3 13th Gen 1305U - (8 GB/512 GB SSD/Windows 11 Home) 14IRU8 Thin and...,Lenovo,Thin & Light,59499,14.88,69900,4.1,11,Intel Core i3 Processor (13th Gen),8,512,SSD,Integrated,14,Not Specified,In Stock,No,Windows 11,Student / Everyday
Lenovo V 15 (2025) AMD Ryzen 5 Quad Core 7520U - (16 GB/512 GB SSD/Windows 11 Pro) V 15 Thin and Light...,Lenovo,Thin & Light,59595,16.05,70990,4,1,AMD Ryzen 5 Quad Core,16,512,SSD,Integrated,15.6,Not Specified,In Stock,No,Windows 11,Student / Everyday
Lenovo IdeaPad Slim 3 with 1Yr ADP AMD Ryzen 5 Quad Core 7520U - (16 GB/512 GB SSD/Windows 11 Home) 15...,Lenovo,Thin & Light,72190,0,72190,4.1,26,AMD Ryzen 5 Quad Core,16,512,SSD,Integrated,15.6,Not Specified,In Stock,No,Windows 11,Student / Everyday
Lenovo V 14 (2025) Intel Core i3 13th Gen 1315U - (16 GB/512 GB SSD/Windows 11 Home) V 14 Thin and Lig...,Lenovo,Thin & Light,65990,22.36,85000,4.3,3,Intel Core i3 Processor (13th Gen),16,512,SSD,Integrated,14,Not Specified,In Stock,No,Windows 11 Home,Student / Everyday
Lenovo IdeaPad 3 Intel Core i3 12th Gen 1215U - (16 GB/512 GB SSD/Windows 11 Home) 14IAU7 Thin and Lig...,Lenovo,Thin & Light,57790,0,57790,4.2,22,Intel Core i3 Processor (12th Gen),16,512,SSD,Integrated,14,Not Specified,In Stock,No,Windows 11,Student / Everyday
Lenovo IdeaPad 1 AMD Ryzen 5 Quad Core 3500U - (8 GB/512 GB SSD/Windows 11 Home) 15ADA7 Thin and Light...,Lenovo,Thin & Light,59990,10.45,66990,4.2,85,AMD Ryzen 5 Quad Core,8,512,SSD,Integrated,15.6,Not Specified,In Stock,No,Windows 11,Student / Everyday
Lenovo IdeaPad Slim 5 Intel Core i5 13th Gen 13500H - (16 GB/512 GB SSD/Windows 11 Home) 16IRL8 Thin a...,Lenovo,Thin & Light,85000,15,99999,4.2,64,Intel Core i5 Processor (13th Gen),16,512,SSD,Integrated,16,Not Specified,In Stock,No,Windows 11,Student / Everyday
Lenovo LOQ Intel Core i5 13th Gen 13450HX - (16 GB/512 GB SSD/Windows 11 Pro/6 GB Graphics/NVIDIA GeFo...,Lenovo,Gaming,113990,8.81,125000,3.2,1,Intel Core i5 Processor (13th Gen),16,512,SSD,Integrated,15.6,Not Specified,In Stock,No,Windows 11 Home,Gaming
Lenovo Intel Core i7 8th Gen 8665U - (16 GB/512 GB SSD/Windows 10 Pro/2 GB Graphics) Thinkpad P43s Thi...,Lenovo,Thin & Light,244801,0,244801,,,Intel Core i7 Processor (8th Gen),16,512,SSD,Integrated,14,Not Specified,In Stock,No,Windows 10,Business
Lenovo V 14 (2025) Intel Core i5 13th Gen 13420H - (8 GB/512 GB SSD/Windows 11 Pro) V14 Thin and Light...,Lenovo,Thin & Light,62251,30.05,88990,3,0,Intel Core i5 Processor (13th Gen),8,512,SSD,Integrated,14,Not Specified,In Stock,No,Windows 11,Student / Everyday
Lenovo V14 AMD Ryzen 3 Dual Core 11th Gen - (8 GB/512 GB SSD/DOS) V14 Gen-4 Business Laptop,Lenovo,Standard Notebook,51495,15.46,60914,,,AMD Ryzen 3 Dual Core Processor (11th Gen),8,512,SSD,Integrated,14,Not Specified,In Stock,No,DOS,Business
Lenovo V 15 (2025) Intel Core i5 12th Gen 1235U - (16 GB/512 GB SSD/Windows 11 Home) V 15 Thin and Lig...,Lenovo,Thin & Light,78999,7.06,85000,3.7,5,Intel Core i5 Processor (12th Gen),16,512,SSD,Integrated,15.6,Not Specified,In Stock,No,Windows 11 Home,Student / Everyday
Lenovo LOQ AMD Ryzen 5 Quad Core 7235HS - (24 GB/512 GB SSD/Windows 11 Home/4 GB Graphics/NVIDIA GeFor...,Lenovo,Gaming,100190,2.72,102990,4.4,101,AMD Ryzen 5 Quad Core,24,512,SSD,Integrated,15.6,Not Specified,In Stock,No,Windows 11,Gaming
Lenovo V15 Intel Core i3 12th Gen - (8 GB/512 GB SSD/DOS/512 MB Graphics) V15 Laptop,Lenovo,Standard Notebook,52990,11.67,59990,4.1,4,Intel Core i3 Processor (12th Gen),8,512,SSD,Integrated,15.6,Not Specified,In Stock,No,DOS,Student / Everyday
Lenovo Ideapad Slim 3i (2021) Intel Core i3 10th Gen 1135G7 - (4 GB/256 GB SSD/Windows 10 Home) Ideapa...,Lenovo,Thin & Light,35690,30.01,50990,3.9,1,Intel Core i3 Processor (10th Gen),4,256,SSD,Integrated,15.6,Not Specified,In Stock,No,Windows 10,Student / Everyday
Lenovo IdeaPad Gaming 3 AMD Ryzen 5 Hexa Core 5600H - (8 GB/512 GB SSD/Windows 11 Home/4 GB Graphics/N...,Lenovo,Gaming,100000,0,100000,4.4,81,AMD Ryzen 5 Hexa Core,8,512,SSD,Integrated,15.6,Not Specified,In Stock,No,Windows 11,Gaming
Lenovo IdeaPad Slim 3 (i5 14th Gen) Intel Core 5 14th Gen 120U - (16 GB/512 GB SSD/Windows 11 Home) Id...,Lenovo,Thin & Light,77400,21.81,98990,,,Intel Core 5 Processor (14th Gen),16,512,SSD,Integrated,15.6,Not Specified,In Stock,No,Windows 11 Home,Student / Everyday
Lenovo V14 Gen 5 (2026) DDR5 5600Mhz (i7 14th Gen) Intel Core 7 14th Gen - (8 GB/512 GB SSD/Windows 11...,Lenovo,Standard Notebook,89455,11.42,100990,,,Intel Core 7 Processor (14th Gen),8,512,SSD,Integrated,14,Not Specified,In Stock,No,Windows 11,Student / Everyday
Lenovo IdeaPad 3 Intel Intel Core i3 10th Gen - (4 GB/256 GB SSD/Windows 10 Home) 81WB010XIN Laptop,Lenovo,Standard Notebook,34990,30.02,49999,5,1,Intel Core i3 Processor (10th Gen),4,256,SSD,Integrated,15.6,Not Specified,In Stock,No,Windows 10,Student / Everyday
Lenovo LOQ AMD Ryzen 5 Quad Core 7235HS - (12 GB/512 GB SSD/Windows 11 Home/6 GB Graphics/NVIDIA GeFor...,Lenovo,Gaming,99990,9.1,110000,4.4,85,AMD Ryzen 5 Quad Core,12,512,SSD,Integrated,15.6,Not Specified,In Stock,No,Windows 11,Gaming
Lenovo IdeaPad Slim 3 Intel Core i7 12th Gen 1255U - (16 GB/512 GB SSD/Windows 11 Home) 15IAU7 Thin an...,Lenovo,Thin & Light,62020,24.36,81990,4.1,7,Intel Core i7 Processor (12th Gen),16,512,SSD,Integrated,15.6,Not Specified,In Stock,No,Windows 11,Student / Everyday
Lenovo V15 AMD Ryzen 3 Quad Core 7th Gen 7320U - (8 GB/512 GB SSD/Windows 11 Home/1 GB Graphics) V15 G...,Lenovo,Standard Notebook,50890,7.47,54999,4,25,AMD Ryzen 3 Quad Core Processor (7th Gen),8,512,SSD,Integrated,15.6,Not Specified,In Stock,No,Windows 11,Student / Everyday
Lenovo Intel Core i7 13th Gen 13650HX - (16 GB/1 TB SSD/Windows 11 Home/8 GB Graphics/NVIDIA GeForce R...,Lenovo,Standard Notebook,179000,0.56,180000,4.5,32,Intel Core i7 Processor (13th Gen),16,1024,SSD,Integrated,15.6,Not Specified,In Stock,No,Windows 11 Home,Student / Everyday
Lenovo LOQ Intel Core i7 13th Gen 13645HX - (16 GB/1 TB SSD/Windows 11 Home/8 GB Graphics/NVIDIA GeFor...,Lenovo,Gaming,177990,9.78,197290,4.5,32,Intel Core i7 Processor (13th Gen),16,1024,SSD,Integrated,15.6,Not Specified,In Stock,No,Windows 11 Home,Gaming
Lenovo IdeaPad Slim 3 Intel Core i5 13th Gen 13420H - (16 GB/1 TB SSD/Windows 11 Home) 83K100HSIN Thin...,Lenovo,Thin & Light,86223,6.57,92290,4.3,42,Intel Core i5 Processor (13th Gen),16,1024,SSD,Integrated,15.3,Not Specified,In Stock,No,Windows 11 Home,Student / Everyday
Lenovo IdeaPad Flex 5 AMD Ryzen 5 Hexa Core 8th Gen - (16 GB/512 GB SSD/Windows 11 Home) 14ABR8 2 in 1...,Lenovo,2-in-1,64290,34.32,97890,3,1,AMD Ryzen 5 Hexa Core Processor (8th Gen),16,512,SSD,Integrated,14,Not Specified,In Stock,Yes,Windows 11,Student / Everyday
Lenovo V15 G2 Intel Core i3 11th Gen 1115G4 - (8 GB/512 GB SSD/Windows 11 Home) V15 ITL G2 Laptop,Lenovo,Standard Notebook,52999,3.64,55000,4.2,25,Intel Core i3 Processor (11th Gen),8,512,SSD,Integrated,15.6,Not Specified,In Stock,No,Windows 11,Student / Everyday
Lenovo Legion 7i Intel Core i7 10th Gen 10875H - (16 GB/1 TB SSD/Windows 10 Home/8 GB Graphics/NVIDIA ...,Lenovo,Gaming,279890,0,279890,3.5,3,Intel Core i7 Processor (10th Gen),16,1024,SSD,Integrated,15.6,Not Specified,In Stock,No,Windows 10,Gaming
Lenovo Yoga AI PC Intel Core Ultra 7 155U - (32 GB/1 TB SSD/Windows 11 Home) 13IMU9 2 in 1 Laptop,Lenovo,2-in-1,314890,0,314890,,,Intel Core Ultra 7,32,1024,SSD,Integrated,13.3,Not Specified,In Stock,Yes,Windows 11,Student / Everyday
Lenovo Ultra 5 225U Intel Core Ultra 5 225U - (16 GB/1 TB SSD/Windows 11 Home) 21SKA0FTIG Laptop,Lenovo,Standard Notebook,115999,4.13,120990,,,Intel Core Ultra 5,16,1024,SSD,Integrated,16,Not Specified,In Stock,No,Windows 11,Student / Everyday
Lenovo Ideapad Slim 3i Intel Core i5 11th Gen 1155G7 - (8 GB/512 GB SSD/Windows 11 Home) Ideapad Slim ...,Lenovo,Thin & Light,54990,35.3,84998,3.6,0,Intel Core i5 Processor (11th Gen),8,512,SSD,Integrated,15.6,Not Specified,In Stock,No,Windows 10,Student / Everyday
Lenovo IdeaPad Slim 3 Intel Core i7 11th Gen 1165G7 - (16 GB/512 GB SSD/Windows 11 Home) 82H803LNIN Th...,Lenovo,Thin & Light,86990,3.33,89990,4.7,0,Intel Core i7 Processor (11th Gen),16,512,SSD,Integrated,15.6,Not Specified,In Stock,No,Windows 11,Student / Everyday
Lenovo IdeaPad Slim 3 Backlit Intel Core i5 13th Gen 13420H - (16 GB/512 GB SSD/Windows 11 Home) 83EM0...,Lenovo,Thin & Light,74808,25.19,100000,4,2,Intel Core i5 Processor (13th Gen),16,512,SSD,Integrated,15.6,Not Specified,In Stock,No,Windows 11,Student / Everyday
Lenovo IdeaPad 3 Intel Intel Core i3 11th Gen 1115G4 - (8 GB/512 GB SSD/Windows 10 Home) 15ITL6/ 15ITL...,Lenovo,Standard Notebook,36990,36.1,57890,4.4,38,Intel Core i3 Processor (11th Gen),8,512,SSD,Integrated,15.6,Not Specified,In Stock,No,Windows 10,Student / Everyday
Lenovo LOQ Essential Intel Core i7 12650HX - (16 GB/512 GB SSD/Windows 11 Home/6 GB Graphics/NVIDIA Ge...,Lenovo,Gaming,139990,0,139990,4.3,30,Intel Core i7,16,512,SSD,Integrated,15.6,Not Specified,In Stock,No,Windows 11 Home,Gaming
Lenovo AMD Ryzen 7 Octa Core 7730U - (16 GB/512 GB SSD/Windows 11 Home) V15 G4 Thin and Light Laptop,Lenovo,Thin & Light,77500,1.89,78990,4.3,27,AMD Ryzen 7 Octa Core,16,512,SSD,Integrated,15.6,Not Specified,In Stock,No,Windows 11,Student / Everyday
Lenovo Intel Core i7 13th Gen - (16 GB/512 GB SSD/Windows 11 Home) IdeaPad Slim 3 Laptop,Lenovo,Thin & Light,82990,13.54,95990,2.3,0,Intel Core i7 Processor (13th Gen),16,512,SSD,Integrated,15.6,Not Specified,In Stock,No,Windows 11 Home,Student / Everyday
Lenovo LOQ 2025 Intel Core i7 14th Gen 14700HX - (16 GB/512 GB SSD/Windows 11 Home/8 GB Graphics/NVIDI...,Lenovo,Gaming,186990,45.88,345490,4.4,6,Intel Core i7 Processor (14th Gen),16,512,SSD,Integrated,15.6,Not Specified,In Stock,No,Windows 11 Home,Gaming
Lenovo IdeaPad Slim 5 Intel Core i5 11th Gen 1135G7 - (16 GB/512 GB SSD/Windows 11 Home) IdeaPad 5 15I...,Lenovo,Thin & Light,76990,21.35,97890,4.3,17,Intel Core i5 Processor (11th Gen),16,512,SSD,Integrated,15.6,Not Specified,In Stock,No,Windows 11,Student / Everyday
Lenovo MSO'2024 Intel Core i5 12th Gen 12450H - (16 GB/512 GB SSD/Windows 11 Home) 15IAH8 Thin and Lig...,Lenovo,Thin & Light,73990,12.95,85000,4.2,136,Intel Core i5 Processor (12th Gen),16,512,SSD,Integrated,15.6,Not Specified,In Stock,No,Windows 11 Home,Student / Everyday
Lenovo Yoga Slim Series Intel Core Ultra 9 185H - (32 GB/1 TB SSD/Windows 11 Home) 83CV00B3IN Thin and...,Lenovo,2-in-1,169890,0,169890,,,Intel Core Ultra 9,32,1024,SSD,Integrated,14,Not Specified,In Stock,Yes,Windows 11 Home,Student / Everyday
Lenovo IdeaPad Slim 3 AMD Ryzen 3 Quad Core 7320U Office Home 2024 AMD Ryzen 3 Quad Core 7320U - (8 GB...,Lenovo,Thin & Light,58232,2.93,59990,4.5,5,AMD Ryzen 3 Quad Core,8,512,SSD,Integrated,15.6,Not Specified,In Stock,No,Windows 11 Home,Student / Everyday
Lenovo THINKPAD E14 GEN 5 - AMD Ryzen 5 7th Gen 7430U - (16 GB/512 GB SSD/Windows 11 Pro) TP E14 Gen 5...,Lenovo,Thin & Light,93174,6.83,100000,3.9,5,AMD Ryzen 5 Processor (7th Gen),16,512,SSD,Integrated,14,Not Specified,In Stock,No,Windows 11,Business
Lenovo ThinkPad E14 Intel Intel Core i5 12th Gen 1235U - (16 GB/1 TB SSD/Windows 11 Home) TP E14 Gen 4...,Lenovo,Thin & Light,118006,5.6,125000,4,2,Intel Core i5 Processor (12th Gen),16,1024,SSD,Integrated,14,Not Specified,In Stock,No,Windows 11,Business
Lenovo IdeaPad 3 Intel Intel Core i3 11th Gen 1115G4 - (8 GB/256 GB SSD/Windows 11 Home) IdeaPad 3 15I...,Lenovo,Standard Notebook,35658,42.52,62038,4.3,99,Intel Core i3 Processor (11th Gen),8,256,SSD,Integrated,15.6,Not Specified,In Stock,No,Windows 11,Student / Everyday
Lenovo Legion 5 WQXGA OLED Intel Core Ultra 7 255 HX - (32 GB/1 TB SSD/Windows 11 Home/8 GB Graphics/N...,Lenovo,Gaming,229432,12.09,260999,4.4,1,Intel Core Ultra 7,32,1024,SSD,Integrated,15.1,Not Specified,In Stock,No,Windows 11 Home,Gaming
Lenovo IdeaPad 3 Intel Intel Core i3 11th Gen - (8 GB/512 GB SSD/Windows 11 Home) 15ITL6 Laptop,Lenovo,Standard Notebook,37990,30.91,54990,5,0,Intel Core i3 Processor (11th Gen),8,512,SSD,Integrated,15.6,Not Specified,In Stock,No,Windows 11,Student / Everyday
Lenovo IdeaPad Intel Core i5 13th Gen 13420H - (16 GB/512 GB SSD/Windows 11 Home) 83K100C6IN Thin and ...,Lenovo,Thin & Light,76990,6.67,82490,4,0,Intel Core i5 Processor (13th Gen),16,512,SSD,Integrated,15.3,Not Specified,In Stock,No,Windows 11,Student / Everyday
Lenovo ThinkBook 15 Intel Core i7 12th Gen 1255U - (16 GB/512 GB SSD/Windows 11 Home) TB15 G4 IAP Thin...,Lenovo,Thin & Light,86500,40.75,145999,4,1,Intel Core i7 Processor (12th Gen),16,512,SSD,Integrated,15.6,Not Specified,In Stock,No,Windows 11,Student / Everyday
Lenovo AMD Ryzen 5 Hexa Core - (8 GB/512 GB SSD/Windows 11 Home) 15ACL6 | 15ALC7 2 Thin and Light Lapt...,Lenovo,Thin & Light,61980,5.95,65900,,,AMD Ryzen 5 Hexa Core,8,512,SSD,Integrated,15.6,Not Specified,In Stock,No,Windows 11,Student / Everyday
Lenovo Ideapad AMD AMD Ryzen 5 Hexa Core 5500U - (8 GB/512 GB SSD/Windows 11 Home) 15ALC6 Laptop,Lenovo,Standard Notebook,61989,6.06,65990,4.4,5,AMD Ryzen 5 Hexa Core,8,512,SSD,Integrated,15.6,Not Specified,In Stock,No,Windows 11,Student / Everyday
Lenovo V 14 (2025) Intel Core i5 13th Gen 1335U - (16 GB/512 GB SSD/Windows 11 Pro) V 14 Thin and Ligh...,Lenovo,Thin & Light,74500,0.67,75000,4,0,Intel Core i5 Processor (13th Gen),16,512,SSD,Integrated,14,Not Specified,In Stock,No,Windows 11,Student / Everyday
Lenovo Intel Core i3 12th Gen - (8 GB/512 GB SSD/Windows 11 Home) 14IAU7 Thin and Light Laptop,Lenovo,Thin & Light,57990,12.14,65999,,,Intel Core i3 Processor (12th Gen),8,512,SSD,Integrated,14,Not Specified,In Stock,No,Windows 11,Student / Everyday
Lenovo IdeaPad Slim 5i Intel Core i5 13th Gen 13500H - (16 GB/512 GB SSD/Windows 11 Home) 82XF003CIN T...,Lenovo,Thin & Light,72990,23.17,95000,,,Intel Core i5 Processor (13th Gen),16,512,SSD,Integrated,16,Not Specified,In Stock,No,Windows 11,Student / Everyday
Lenovo V14 (2026) DDR5 5600Mhz (i7 14th Gen) Intel Core 7 14th Gen 240H - (16 GB/512 GB SSD/Windows 11...,Lenovo,Standard Notebook,94990,4.91,99900,,,Intel Core 7 Processor (14th Gen),16,512,SSD,Integrated,14,Not Specified,In Stock,No,Windows 11,Student / Everyday
Lenovo Intel Core i5 12th Gen - (16 GB/512 GB SSD/Windows 11 Home) 83EQ005VIN Thin and Light Laptop,Lenovo,Thin & Light,79235,0.94,79990,3,1,Intel Core i5 Processor (12th Gen),16,512,SSD,Integrated,14,Not Specified,In Stock,No,Windows 11 Home,Student / Everyday
Lenovo IdeaPad Slim 3 Intel Core i5 13th Gen 13420H - (16 GB/512 GB SSD/Windows 11 Home) 83K100RWIN Th...,Lenovo,Thin & Light,79900,20.1,99999,,,Intel Core i5 Processor (13th Gen),16,512,SSD,Integrated,15.6,Not Specified,In Stock,No,Windows 11,Student / Everyday
Lenovo Yoga 7 OLED Intel Evo Intel Core i7 13th Gen 1360P - (16 GB/512 GB SSD/Windows 11 Home) 14IRL8 ...,Lenovo,2-in-1,145998,26.63,198999,4.4,7,Intel Core i7 Processor (13th Gen),16,512,SSD,Integrated,14.2,Not Specified,In Stock,Yes,Windows 11,Content Creation
Lenovo IdeaPad Slim 3 AMD Ryzen 5 7520U - (16 GB/512 GB SSD/Windows 11 Home) 82XQ00W4IN Thin and Light...,Lenovo,Thin & Light,68000,15,80000,4.3,0,AMD Ryzen 5,16,512,SSD,Integrated,15.6,Not Specified,In Stock,No,Windows 11,Student / Everyday
Lenovo Yoga 7 13th Gen 1340P WUXGA OLED Intel Core i5 13th Gen 1340P - (16 GB/512 GB SSD/Windows 11 Ho...,Lenovo,2-in-1,118999,2.46,121999,4.4,8,Intel Core i5 Processor (13th Gen),16,512,SSD,Integrated,14,Not Specified,In Stock,Yes,Windows 11,Content Creation
Lenovo THINKBOOK 16 AMD Ryzen 7 Octa Core 7th Gen 7735HS - (16 GB/512 GB HDD/512 GB SSD/Windows 11 Pro...,Lenovo,Thin & Light,85990,14.01,99999,3.3,2,AMD Ryzen 7 Octa Core Processor (7th Gen),16,1024,SSD + HDD,Integrated,16,Not Specified,In Stock,No,Windows 11,Student / Everyday
Lenovo Intel Core i5 11th Gen - (8 GB/512 GB SSD/Windows 11 Home) 15ITL6 Laptop,Lenovo,Standard Notebook,64990,21.69,82990,,,Intel Core i5 Processor (11th Gen),8,512,SSD,Integrated,15.6,Not Specified,In Stock,No,Windows 11,Student / Everyday
Lenovo IdeaPad Slim 3 (Gen 11) Next-gen AI PC Intel Core Ultra 5 Series 3 322 - (16 GB/512 GB SSD/Wind...,Lenovo,Thin & Light,103000,42.78,180000,4,6,Intel Core Ultra 5 Processor (Series 3),16,512,SSD,Integrated,15.3,Not Specified,In Stock,No,Windows 11 Home,Student / Everyday
Lenovo MediaTek Core Ultra 7 13th Gen - (32 GB/1 TB SSD/32 GB EMMC Storage/macOS Ventura) 83JX001MIN L...,Lenovo,Standard Notebook,148890,31.86,218490,,,MediaTek Core Ultra 7 Processor (13th Gen),32,1024,SSD,Integrated,14,Not Specified,In Stock,Yes,Windows 11 Home,Student / Everyday
Lenovo LOQ Intel Core i5 12th Gen 12450H - (16 GB/512 GB SSD/Windows 11 Home/8 GB Graphics/NVIDIA GeFo...,Lenovo,Gaming,93990,28.36,131190,4.3,46,Intel Core i5 Processor (12th Gen),16,512,SSD,Integrated,15.6,Not Specified,In Stock,No,Windows 11,Gaming
Lenovo ThinkBook 15 G4 Intel Core i5 12th Gen 1235U - (8 GB/512 GB SSD/Windows 11 Home) TB15 G4 IAP Th...,Lenovo,Thin & Light,59990,14.3,69999,4.1,21,Intel Core i5 Processor (12th Gen),8,512,SSD,Integrated,15.6,Not Specified,In Stock,No,Windows 11,Student / Everyday
Lenovo IdeaPad Gaming 3 Intel Intel Core i5 12th Gen 12450H - (8 GB/512 GB SSD/Windows 11 Home/4 GB Gr...,Lenovo,Gaming,89590,19.43,111190,,,Intel Core i5 Processor (12th Gen),8,512,SSD,Integrated,15.6,Not Specified,In Stock,No,Windows 11,Gaming
Lenovo LOQ Intel Core i7 13th Gen 13620H - (16 GB/512 GB SSD/Windows 11 Home/6 GB Graphics/NVIDIA GeFo...,Lenovo,Gaming,132000,9.59,145999,4.2,31,Intel Core i7 Processor (13th Gen),16,512,SSD,Integrated,15.6,Not Specified,In Stock,No,Windows 11,Gaming
Lenovo V 14 (2025) Intel Core i3 12th Gen 1215U - (8 GB/512 GB SSD/Windows 11 Home) V 14 Thin and Ligh...,Lenovo,Thin & Light,57900,31.88,85000,4.5,3,Intel Core i3 Processor (12th Gen),8,512,SSD,Integrated,14,Not Specified,In Stock,No,Windows 11 Home,Student / Everyday
Lenovo Intel Core i3 13th Gen - (8 GB/512 GB SSD/Windows 11 Home) 82X700C7IN Laptop,Lenovo,Standard Notebook,56499,14.38,65990,,,Intel Core i3 Processor (13th Gen),8,512,SSD,Integrated,15.6,Not Specified,In Stock,No,Windows 11 Home,Student / Everyday
Lenovo IdeaPad 1 Intel Core i3 13th Gen 1315U - (8 GB/512 GB SSD/Windows 11 Home) 83B40004IN Thin and ...,Lenovo,Thin & Light,56990,0.28,57149,,,Intel Core i3 Processor (13th Gen),8,512,SSD,Integrated,15.6,Not Specified,In Stock,No,Windows 11 Home,Student / Everyday
Lenovo Intel Core i5 13th Gen - (24 GB/512 GB SSD/Windows 11 Home/NVIDIA GeForce RTX RTX 3050 6GB) 83D...,Lenovo,Standard Notebook,134910,15.63,159900,,,Intel Core i5 Processor (13th Gen),24,512,SSD,Integrated,15.6,Not Specified,In Stock,No,Windows 11 Home,Student / Everyday
Lenovo Yoga 7 AI PC Metal Chasis with 1Yr ADP Intel Core Ultra 5 125H - (16 GB/512 GB SSD/Windows 11 H...,Lenovo,2-in-1,120000,4,125000,3.2,0,Intel Core Ultra 5,16,512,SSD,Integrated,14,Not Specified,In Stock,Yes,Windows 11,Student / Everyday
Lenovo Intel Core i3 12th Gen - (16 GB/512 GB SSD/Windows 11 Home) 14IAU7 Thin and Light Laptop,Lenovo,Thin & Light,64990,1.53,65999,,,Intel Core i3 Processor (12th Gen),16,512,SSD,Integrated,14,Not Specified,In Stock,No,Windows 11,Student / Everyday
Lenovo V 14 (2025) Intel Core i5 13th Gen 1335U - (8 GB/512 GB SSD/Windows 11 Home) V 14 Thin and Ligh...,Lenovo,Thin & Light,61999,27.06,85000,3,1,Intel Core i5 Processor (13th Gen),8,512,SSD,Integrated,14,Not Specified,In Stock,No,Windows 11 Home,Student / Everyday
Lenovo V 14 (2025) Intel Core i7 12th Gen 1255U - (16 GB/512 GB SSD/Windows 11 Home) V 14 Thin and Lig...,Lenovo,Thin & Light,85999,9.09,94599,,,Intel Core i7 Processor (12th Gen),16,512,SSD,Integrated,14,Not Specified,In Stock,No,Windows 11 Home,Student / Everyday
Lenovo LOQ AMD Ryzen 7 Octa Core 7435HS - (24 GB/512 GB SSD/Windows 11 Home/4 GB Graphics/NVIDIA GeFor...,Lenovo,Gaming,114990,4.97,120999,4.4,11,AMD Ryzen 7 Octa Core,24,512,SSD,Integrated,15.6,Not Specified,In Stock,No,Windows 11 Home,Gaming
Lenovo LOQ Intel Core i5 12th Gen 12450H - (16 GB/512 GB SSD/Windows 11 Home/4 GB Graphics/NVIDIA GeFo...,Lenovo,Gaming,94990,9.53,105000,4.2,113,Intel Core i5 Processor (12th Gen),16,512,SSD,Integrated,15.6,Not Specified,In Stock,No,Windows 11,Gaming
Lenovo LOQ Intel Core i5 12th Gen 12450H - (16 GB/512 GB SSD/Windows 11 Home/6 GB Graphics/NVIDIA GeFo...,Lenovo,Gaming,105990,11.68,120000,4.2,113,Intel Core i5 Processor (12th Gen),16,512,SSD,Integrated,15.6,Not Specified,In Stock,No,Windows 11,Gaming
Lenovo IdeaPad Slim 5 Intel Core i7 13th Gen 13700H - (16 GB/512 GB SSD/Windows 11 Home) 16IRL8 Thin a...,Lenovo,Thin & Light,105990,7.83,115000,4.1,20,Intel Core i7 Processor (13th Gen),16,512,SSD,Integrated,16,Not Specified,In Stock,No,Windows 11,Student / Everyday
Lenovo AMD Ryzen 5 Quad Core - (8 GB/512 GB SSD/Windows 11 Home) 15ADA7 Thin and Light Laptop,Lenovo,Thin & Light,61900,6.21,65999,,,AMD Ryzen 5 Quad Core,8,512,SSD,Integrated,15.6,Not Specified,In Stock,No,Windows 11,Student / Everyday
Lenovo Ryzen 5 220 AMD Ryzen 5 Hexa Core 220 - (16 GB/1 TB SSD/Windows 11 Home) 21V0A01SIG Laptop,Lenovo,Standard Notebook,89989,29.1,126931,,,AMD Ryzen 5 Hexa Core,16,1024,SSD,Integrated,14,Not Specified,In Stock,No,Windows 11,Student / Everyday
Lenovo Chromebook Duet 11M889 MediaTek MediaTek Kompanio 838 - (8 GB/128 GB EMMC Storage/Chrome OS) 11...,Lenovo,Standard Notebook,30999,18.42,37999,4.2,178,MediaTek MediaTek Kompanio 838,8,128,eMMC,Integrated,10.95,Not Specified,Out of Stock,Yes,Chrome OS,Student / Everyday
Lenovo Chromebook MediaTek MediaTek P60T - (4 GB/128 GB HDD/128 GB SSD/128 GB EMMC Storage/Chrome OS) ...,Lenovo,Standard Notebook,40000,0,40000,3.7,9,MediaTek MediaTek P60T,4,256,SSD + HDD,Integrated,10.1,Not Specified,In Stock,Yes,Chrome OS,Student / Everyday
"ASUS Vivobook 15, Backlit Keyboard, Intel Core i3 13th Gen 1315U - (12 GB/512 GB SSD/Windows 11 Home) ...",ASUS,Standard Notebook,52990,32.06,77990,3,0,Intel Core i3 Processor (13th Gen),12,512,SSD,Integrated,15.6,Not Specified,In Stock,No,Windows 11,Student / Everyday
ASUS Chromebook CX14 Intel Celeron Dual Core N4500 - (4 GB/64 GB EMMC Storage/Chrome OS) CX1405CKA-NK0...,ASUS,Standard Notebook,29200,18.87,35990,3.9,66,Intel Celeron Dual Core,4,64,eMMC,Integrated,14,Not Specified,In Stock,No,Chrome OS,Student / Everyday
ASUS TUF Gaming A15 (2025) AMD Ryzen 7 Octa Core 7445HS - (16 GB/1 TB SSD/Windows 11 Home/4 GB Graphic...,ASUS,Gaming,75990,13.64,87990,4.4,149,AMD Ryzen 7 Octa Core,16,1024,SSD,Integrated,15.6,Not Specified,In Stock,No,Windows 11 Home,Gaming
ASUS Chromebook CX1 Intel Celeron Dual Core N4500 - (8 GB/64 GB EMMC Storage/Chrome OS) CX1500CKA-NJ04...,ASUS,Standard Notebook,34690,13.25,39990,4,5,Intel Celeron Dual Core,8,64,eMMC,Integrated,15.6,Not Specified,In Stock,No,Chrome OS,Student / Everyday
ASUS Vivobook 15 Intel Core i3 13th Gen 1315U - (12 GB/512 GB SSD/Windows 11 Home) X1504VA-BQ332WS Thi...,ASUS,Standard Notebook,52990,32.06,77990,2.7,0,Intel Core i3 Processor (13th Gen),12,512,SSD,Integrated,15.6,Not Specified,In Stock,No,Windows 11 Home,Student / Everyday
ASUS ROG Strix SCAR 18 (2026) Intel Core Ultra 9 290HX Plus - (64 GB/2 TB SSD/Windows 11 Home/24 GB Gr...,ASUS,Gaming,699990,10.26,779990,,,Intel Core Ultra 9,64,2048,SSD,Integrated,18,Not Specified,In Stock,No,Windows 11 Home,Gaming
ASUS ExpertBook P1 (i7 14th Gen) with 1 Yr ADP Intel Core 7 240H - (16 GB/512 GB SSD/Windows 11 Home) ...,ASUS,Standard Notebook,94080,5.91,99990,4.4,19,Intel Core 7,16,512,SSD,Integrated,15.6,Not Specified,In Stock,No,Windows 11 Home,Business
ASUS Chromebook Intel Celeron Dual Core N4020 - (4 GB/32 GB EMMC Storage/Chrome OS) CX1101CMA_ID-GJ000...,ASUS,Standard Notebook,28990,6.45,30990,2.6,1,Intel Celeron Dual Core,4,32,eMMC,Integrated,11.6,Not Specified,In Stock,No,Chrome OS,Student / Everyday
"ASUS Vivobook 16X (2025) for Creator with Office 2024 + M365 Basic, Intel Core i5 13th Gen 13420H - (1...",ASUS,Standard Notebook,95735,12.97,110000,4.3,127,Intel Core i5 Processor (13th Gen),16,512,SSD,Integrated,16,Not Specified,In Stock,No,Windows 11 Home,Content Creation
ASUS TUF Gaming F17 - AI Powered Gaming Intel Core i5 11th Gen 11400H - (16 GB/512 GB SSD/Windows 11 H...,ASUS,Gaming,50990,40.7,85990,4.3,623,Intel Core i5 Processor (11th Gen),16,512,SSD,Integrated,17.3,Not Specified,In Stock,No,Windows 11,Gaming
ASUS TUF Gaming F17 - AI Powered Gaming Intel Core i5 11th Gen 11400H - (16 GB/1 TB SSD/Windows 11 Hom...,ASUS,Gaming,84500,11.52,95500,4.3,623,Intel Core i5 Processor (11th Gen),16,1024,SSD,Integrated,17.3,Not Specified,In Stock,No,Windows 11,Gaming
ASUS TUF Gaming A15 (2026) AMD Ryzen 7 Octa Core 170 - (32 GB/1 TB SSD/Windows 11 Home/4 GB Graphics/N...,ASUS,Gaming,99990,20.64,125990,3.6,2,AMD Ryzen 7 Octa Core,32,1024,SSD,Integrated,15.6,Not Specified,In Stock,No,Windows 11 Home,Gaming
ASUS TUF Gaming A17 AMD Ryzen 7 Octa Core 4800H - (16 GB/1 TB HDD/256 GB SSD/Windows 10 Home/6 GB Grap...,ASUS,Gaming,116990,0,116990,4.2,6,AMD Ryzen 7 Octa Core,16,1280,SSD + HDD,Integrated,17.3,Not Specified,In Stock,No,Windows 10,Gaming
ASUS TUF Gaming A15 AMD Ryzen 5 Hexa Core 7535HS - (16 GB/512 GB SSD/Windows 11 Home/4 GB Graphics/NVI...,ASUS,Gaming,99947,3.9,103999,4.4,52,AMD Ryzen 5 Hexa Core,16,512,SSD,Integrated,15.6,Not Specified,In Stock,No,Windows 11,Gaming
ASUS ROG Strix Scar 16 Intel Core i9 14th Gen 14900HX - (32 GB/2 TB SSD/Windows 11 Home/12 GB Graphics...,ASUS,Gaming,279990,19.54,347990,4,2,Intel Core i9 Processor (14th Gen),32,2048,SSD,Integrated,16,Not Specified,In Stock,No,Windows 11,Gaming
ASUS TUF Gaming F16 (2025) with MSO 2024+M365 Basic (i5 14th Gen) Intel Core 5 - (16 GB/512 GB SSD/Win...,ASUS,Gaming,74990,18.48,91990,4.6,25,Intel Core 5,16,512,SSD,Integrated,16,Not Specified,In Stock,No,Windows 11 Home,Gaming
ASUS Vivobook 14 Intel Core i5 13th Gen 1335U - (8 GB/512 GB SSD/Windows 11 Home) X1404VA-NK522WS Thin...,ASUS,Thin & Light,75990,15.56,89990,4,9,Intel Core i5 Processor (13th Gen),8,512,SSD,Integrated,14,Not Specified,In Stock,No,Windows 11,Student / Everyday
ASUS Vivobook 14 (2025) with Office 2024 + M365 Basic* Intel Core i3 13th Gen 1315U - (8 GB/512 GB SSD...,ASUS,Standard Notebook,61999,6.06,65999,4,44,Intel Core i3 Processor (13th Gen),8,512,SSD,Integrated,14,Not Specified,In Stock,No,Windows 11 Home,Student / Everyday
ASUS Zenbook Duo OLED AI PC Intel Core Ultra 9 185H - (32 GB/2 TB SSD/Windows 11 Home) UX8406MA-QL971W...,ASUS,Thin & Light,264900,11.67,299900,4,0,Intel Core Ultra 9,32,2048,SSD,Integrated,14,Not Specified,In Stock,Yes,Windows 11,Content Creation
ASUS ROG Zephyrus G14 OLED (2026) AMD Ryzen AI 9 10 Core 465 - (32 GB/2 TB SSD/Windows 11 Home/8 GB Gr...,ASUS,Gaming,289990,38.04,467990,,,AMD Ryzen AI 9 10 Core,32,2048,SSD,Integrated,14,Not Specified,In Stock,No,Windows 11 Home,Gaming
"ASUS Vivobook S15 OLED Copilot + PC, AI PC, Full Metal Body, Backlit Keyboard, Snapdragon X Elite - (1...",ASUS,Thin & Light,99000,11.61,111999,4,11,Snapdragon X Elite,16,1024,SSD,Integrated,15.6,Not Specified,In Stock,No,Windows 11,Content Creation
"ASUS Vivobook 16X for Creator, Intel Core i7 12th Gen 12700H - (16 GB/512 GB SSD/Windows 11 Home/4 GB ...",ASUS,Standard Notebook,96000,11.93,108999,4.2,18,Intel Core i7 Processor (12th Gen),16,512,SSD,Integrated,16,Not Specified,In Stock,No,Windows 11,Content Creation
ASUS AMD Ryzen 7 Octa Core 7435HS - (16 GB/512 GB SSD/Windows 11 Home/4 GB Graphics/NVIDIA GeForce RTX...,ASUS,Standard Notebook,99000,6.6,105999,4.1,1,AMD Ryzen 7 Octa Core,16,512,SSD,Integrated,15.6,Not Specified,In Stock,Yes,Windows 11,Student / Everyday
ASUS ROG Strix G16 Intel Core i7 13th Gen 13650HX - (16 GB/1 TB SSD/Windows 11 Home/6 GB Graphics/NVID...,ASUS,Gaming,145998,8.75,159990,4.5,16,Intel Core i7 Processor (13th Gen),16,1024,SSD,Integrated,16,Not Specified,In Stock,No,Windows 11 Home,Gaming
ASUS AMD RYZEN AI 7 445 AMD Ryzen 7 Hexa Core - (16 GB/1 TB SSD/Windows 11 Home) M3607GA-SH050WS Lapto...,ASUS,Standard Notebook,129990,18.75,159990,,,AMD Ryzen 7 Hexa Core,16,1024,SSD,Integrated,16,Not Specified,In Stock,No,Windows 11 Home,Student / Everyday
ASUS Intel Core i3 13th Gen 1315U - (12 GB/512 GB SSD/Windows 11 Home) X1504A-BQ332WS Business Laptop,ASUS,Standard Notebook,58999,10.61,66000,,,Intel Core i3 Processor (13th Gen),12,512,SSD,Integrated,15.6,Not Specified,In Stock,No,Windows 11 Home,Business
ASUS ROG Zephyrus G14 OLED (2026) AMD Ryzen AI 9 10 Core 465 - (16 GB/1 TB SSD/Windows 11 Home/8 GB Gr...,ASUS,Gaming,259990,16.67,311990,,,AMD Ryzen AI 9 10 Core,16,1024,SSD,Integrated,14,Not Specified,In Stock,No,Windows 11 Home,Gaming
ASUS TUF Gaming F17 - AI Powered Gaming Intel Core i5 11th Gen 11400H - (8 GB/512 GB SSD/Windows 11 Ho...,ASUS,Gaming,88999,4.3,92999,4.3,127,Intel Core i5 Processor (11th Gen),8,512,SSD,Integrated,17.3,Not Specified,In Stock,No,Windows 11,Gaming
ASUS Vivobook 16X (2025) Intel Core i5 13th Gen 13420H - (16 GB/512 GB SSD/Windows 11 Home/4 GB Graphi...,ASUS,Standard Notebook,91975,22.71,119000,3.3,1,Intel Core i5 Processor (13th Gen),16,512,SSD,Integrated,16,Not Specified,In Stock,No,Windows 11 Home,Student / Everyday
"ASUS Vivobook Pro 15 OLED For Creator, Intel H-Series Intel Core i9 13th Gen 13900H - (16 GB/1 TB SSD/...",ASUS,Standard Notebook,176000,10.2,195999,,,Intel Core i9 Processor (13th Gen),16,1024,SSD,Integrated,15.6,Not Specified,In Stock,No,Windows 11,Content Creation
ASUS ROG Strix SCAR 15 (2021) AMD Ryzen 9 Octa Core 5900HX - (32 GB/1 TB SSD/Windows 10 Home/8 GB Grap...,ASUS,Gaming,227990,0,227990,4.8,2,AMD Ryzen 9 Octa Core,32,1024,SSD,Integrated,15.6,Not Specified,In Stock,No,Windows 10,Gaming
ASUS TUF Gaming F16 (i5 14th Gen) Intel Core 5 210H - (16 GB/512 GB SSD/Windows 11 Home/6 GB Graphics/...,ASUS,Gaming,126999,7.97,137990,4,1,Intel Core 5,16,512,SSD,Integrated,16,Not Specified,In Stock,No,Windows 11 Home,Gaming
ASUS TUF Gaming 16 (2026) Intel Core i7 14th Gen 14650HX - (16 GB/512 GB SSD/Windows 11 Home/8 GB Grap...,ASUS,Gaming,209990,19.23,259990,,,Intel Core i7 Processor (14th Gen),16,512,SSD,Integrated,16,Not Specified,In Stock,No,Windows 11 Home,Gaming
ASUS Chromebook Intel Celeron Dual Core N4500 - (4 GB/128 GB EMMC Storage/Chrome OS) CX1400CKA-NK0488 ...,ASUS,Standard Notebook,32990,0,32990,4,9,Intel Celeron Dual Core,4,128,eMMC,Integrated,14,Not Specified,In Stock,No,Chrome OS,Student / Everyday
ASUS ROG Zephyrus G16 AI PC Intel Core Ultra 7 155H - (16 GB/1 TB SSD/Windows 11 Home/8 GB Graphics/NV...,ASUS,Gaming,199000,4.33,207999,4.3,3,Intel Core Ultra 7,16,1024,SSD,Integrated,16,Not Specified,In Stock,No,Windows 11 Home,Gaming
ASUS Intel Core i3 13th Gen - (8 GB/512 GB SSD/Windows 11 Home) X1504VA-NJ320WS Thin and Light Laptop,ASUS,Thin & Light,56590,4.8,59444,,,Intel Core i3 Processor (13th Gen),8,512,SSD,Integrated,15.6,Not Specified,In Stock,No,Windows 11 Home,Student / Everyday
"ASUS Vivobook 16X For Creator, Intel H Series Intel Core i5 12th Gen 12450H - (16 GB/512 GB SSD/Window...",ASUS,Standard Notebook,98990,1,99990,4.2,58,Intel Core i5 Processor (12th Gen),16,512,SSD,Integrated,16,Not Specified,In Stock,No,Windows 11,Content Creation
ASUS AMD Ryzen 7 Quad Core 11th Gen - (16 GB/1 TB SSD/Windows 11 Home/6 GB Graphics/NVIDIA GeForce RTX...,ASUS,Standard Notebook,159990,19.66,199150,,,AMD Ryzen 7 Quad Core Processor (11th Gen),16,1024,SSD,Integrated,17.3,Not Specified,In Stock,No,Windows 11,Student / Everyday
ASUS Vivobook 15X Intel Core i5 13th Gen 1335U - (16 GB/512 GB SSD/Windows 11 Home) K3504VAB-NJ541WS T...,ASUS,Standard Notebook,79900,1.36,80999,4,14,Intel Core i5 Processor (13th Gen),16,512,SSD,Integrated,15.6,Not Specified,In Stock,No,Windows 11,Student / Everyday
ASUS Zenbook 14 Flip OLED Intel H-Series Intel Core i7 12th Gen 12700H - (16 GB/512 GB SSD/Windows 11 ...,ASUS,2-in-1,96990,21.15,122999,4.4,12,Intel Core i7 Processor (12th Gen),16,512,SSD,Integrated,14,Not Specified,In Stock,Yes,Windows 11,Content Creation
ASUS TUF Gaming A16 (2026) AMD Ryzen 7 170 - (8 GB/512 GB SSD/Windows 11 Home/6 GB Graphics/NVIDIA GeF...,ASUS,Gaming,126990,18.59,155990,4.3,2,AMD Ryzen 7,8,512,SSD,Integrated,16,Not Specified,In Stock,No,Windows 11 Home,Gaming
ASUS Zenbook AI PC Intel Core Ultra 5 125H - (16 GB/1 TB SSD/Windows 11 Home) UX3405MA-PP555WS Noteboo...,ASUS,Thin & Light,141199,11.75,159999,4.3,2,Intel Core Ultra 5,16,1024,SSD,Integrated,14,Not Specified,In Stock,No,Windows 11 Home,Student / Everyday
ASUS Vivobook 16 (2025) with Office 2024 + M365 Basic* Intel Core i9 13th Gen 13900H - (16 GB/512 GB S...,ASUS,Standard Notebook,94990,9.53,104999,3.7,3,Intel Core i9 Processor (13th Gen),16,512,SSD,Integrated,16,Not Specified,In Stock,No,Windows 11 Home,Student / Everyday
"ASUS Vivobook 16 (2025), Copilot + PC with Backlit Keyboard, AI PC Snapdragon X - (16 GB/512 GB SSD/Wi...",ASUS,Standard Notebook,69584,18.13,84990,,,Snapdragon X,16,512,SSD,Integrated,16,Not Specified,In Stock,No,Windows 11 Home,Student / Everyday
ASUS Vivobook Go 15 AMD Ryzen 3 Quad Core 7320U - (8 GB/512 GB SSD/Windows 11 Home) E1504FA-NJ322WS Th...,ASUS,Standard Notebook,59991,1.64,60990,4.2,306,AMD Ryzen 3 Quad Core,8,512,SSD,Integrated,15.6,Not Specified,In Stock,No,Windows 11 Home,Student / Everyday
ASUS Vivobook 15 (2026) Intel Core 5 120U - (8 GB/512 GB SSD/Windows 11 Home) X1504VAP-IN012WS Thin an...,ASUS,Thin & Light,75990,52.5,159990,,,Intel Core 5,8,512,SSD,Integrated,15.6,Not Specified,In Stock,No,Windows 11 Home,Student / Everyday
"ASUS Vivobook 16 (2025), Copilot + PC with Backlit Keyboard, AI PC Intel Snapdragon X - (16 GB/512 GB ...",ASUS,Standard Notebook,70473,17.09,84999,3.8,2,Intel Snapdragon X,16,512,SSD,Integrated,16,Not Specified,In Stock,No,Windows 11 Home,Student / Everyday
"ASUS Vivobook 16X for Creator, Intel Core i5 12th Gen 12500H - (16 GB/512 GB SSD/Windows 11 Home/6 GB ...",ASUS,Standard Notebook,108000,7.3,116500,4.3,6,Intel Core i5 Processor (12th Gen),16,512,SSD,Integrated,16,Not Specified,In Stock,No,Windows 11,Content Creation
ASUS ASUS Vivobook S 15 Intel Core i5 13th Gen 13500H - (16 GB/512 GB SSD/Windows 11 Home) K5504VAB-BN...,ASUS,Thin & Light,84999,14.14,99000,4.6,1,Intel Core i5 Processor (13th Gen),16,512,SSD,Integrated,15.6,Not Specified,In Stock,No,Windows 11 Home,Student / Everyday
ASUS Zenbook 14 OLED AI PC Intel Core Ultra 7 155H - (16 GB/1 TB SSD/Windows 11 Home) UX3405MA-PZ752WS...,ASUS,Thin & Light,132888,16.37,158900,4.3,1,Intel Core Ultra 7,16,1024,SSD,Integrated,14,Not Specified,In Stock,Yes,Windows 11,Content Creation
ASUS Vivobook 16 Intel Core Ultra 5 Series 3 325 - (16 GB/512 GB SSD/Windows 11 Home) X1607AA-MB038WS ...,ASUS,Standard Notebook,104990,34.38,159990,,,Intel Core Ultra 5 Processor (Series 3),16,512,SSD,Integrated,16,Not Specified,In Stock,No,Windows 11 Home,Student / Everyday
"ASUS Vivobook 16X For Creator, Intel H-Series Intel Core i7 12th Gen 12650H - (16 GB/512 GB SSD/Window...",ASUS,Standard Notebook,99895,14.62,116999,4.1,16,Intel Core i7 Processor (12th Gen),16,512,SSD,Integrated,16,Not Specified,In Stock,No,Windows 11,Content Creation
ASUS ExpertBook P2 Intel Core i5 10th Gen 10210U - (8 GB/1 TB HDD/Windows 10 Pro/2 GB Graphics) Expert...,ASUS,Standard Notebook,83990,0,83990,4.3,1,Intel Core i5 Processor (10th Gen),8,1024,HDD,Integrated,14,Not Specified,In Stock,No,Windows 10,Business
ASUS Intel Core i3 11th Gen 1115G4 - (8 GB/512 GB SSD/Windows 11 Home) X1400EA-EK323WS Thin and Light ...,ASUS,Thin & Light,51300,10.78,57500,4.3,268,Intel Core i3 Processor (11th Gen),8,512,SSD,Integrated,14,Not Specified,In Stock,No,Windows 11,Student / Everyday
"ASUS Vivobook 15 (2025) with Office 2024 + M365 Basic*, Intel Core i3 13th Gen 1315U - (8 GB/512 GB SS...",ASUS,Standard Notebook,61200,11.3,68999,4.3,219,Intel Core i3 Processor (13th Gen),8,512,SSD,Integrated,15.6,Not Specified,In Stock,No,Windows 11 Home,Student / Everyday
ASUS Intel Core i5 12th Gen - (16 GB/512 GB SSD/Windows 11 Home) X1504ZA-NJ541WS Laptop,ASUS,Standard Notebook,69032,1.38,70000,3.6,1,Intel Core i5 Processor (12th Gen),16,512,SSD,Integrated,15.6,Not Specified,In Stock,No,Windows 11,Student / Everyday
"ASUS AMD Ryzen 5 Quad Core AMD Ryzen 5 40 Processor 2.8GHz (6MB Cache, up to 4.3GHz, 4 cores, 8 Thread...",ASUS,Standard Notebook,73888,13.07,85000,,,AMD Ryzen 5 Quad Core,16,512,SSD,Integrated,15.6,Not Specified,Out of Stock,No,Windows 11 Home,Student / Everyday
ASUS ExpertBook B14 Intel Core i3 12th Gen 1215U - (8 GB/512 GB SSD/Windows 11 Home) B1402CBA-NK1494WS...,ASUS,Standard Notebook,65990,5.72,69990,4.3,49,Intel Core i3 Processor (12th Gen),8,512,SSD,Integrated,14,Not Specified,In Stock,No,Windows 11,Business
ASUS Vivobook 15 (2026) Intel Core 5 315 - (8 GB/512 GB SSD/Windows 11 Home) X1504MA-BQ833WS Thin and ...,ASUS,Thin & Light,94017,31.87,137990,,,Intel Core 5,8,512,SSD,Integrated,15.6,Not Specified,In Stock,No,Windows 11 Home,Student / Everyday
ASUS Vivobook S14 OLED Intel EVO H-Series Intel Core i5 12th Gen 12500H - (16 GB/512 GB SSD/Windows 11...,ASUS,Thin & Light,91200,7.79,98900,4.4,461,Intel Core i5 Processor (12th Gen),16,512,SSD,Integrated,14,Not Specified,In Stock,No,Windows 11,Content Creation
ASUS Vivobook S14 OLED Intel EVO H-Series Intel Core i7 12th Gen 12700H - (16 GB/512 GB SSD/Windows 11...,ASUS,Thin & Light,125999,0.78,126990,4.2,27,Intel Core i7 Processor (12th Gen),16,512,SSD,Integrated,14,Not Specified,In Stock,No,Windows 11,Content Creation
"ASUS Zenbook 14 (2025) with Touch Screen, MSO 2024 + M365 Basic*,AI Boost 13 NPU TOPS Intel Core Ultra...",ASUS,Thin & Light,132989,33.17,199000,,,Intel Core Ultra 5,16,1024,SSD,Integrated,14,Not Specified,In Stock,Yes,Windows 11 Home,Student / Everyday
ASUS Vivobook 15 Intel Core i5 12th Gen 1235U - (8 GB/512 GB SSD/Windows 11 Home) X1502ZA-EJ515WS Thin...,ASUS,Thin & Light,65483,13.83,75990,4.2,91,Intel Core i5 Processor (12th Gen),8,512,SSD,Integrated,15.6,Not Specified,In Stock,No,Windows 11,Student / Everyday
ASUS Vivobook 15 Intel Core i5 12th Gen 1235U - (8 GB/512 GB SSD/Windows 11 Home) X1502ZA-EJ515WS Lapt...,ASUS,Standard Notebook,69990,9.09,76990,4.8,1,Intel Core i5 Processor (12th Gen),8,512,SSD,Integrated,15.6,Not Specified,In Stock,No,Windows 11,Student / Everyday
ASUS Zenbook S 14 OLED Intel Core Ultra 7 - (16 GB/512 GB SSD/Windows 11 Home) UX5406SA-PV356WS Thin a...,ASUS,Thin & Light,157990,9.71,174990,,,Intel Core Ultra 7,16,512,SSD,Integrated,14,Not Specified,In Stock,No,Windows 11,Content Creation
ASUS ROG Strix G16 Intel Core i9 14th Gen 14900HX - (16 GB/1 TB SSD/Windows 11 Home/8 GB Graphics/NVID...,ASUS,Gaming,210499,12.26,239909,4,1,Intel Core i9 Processor (14th Gen),16,1024,SSD,Integrated,16,Not Specified,In Stock,No,Windows 11,Gaming
ASUS Vivobook 15 Intel Core i5 12th Gen - (16 GB/512 GB SSD/Windows 11 Home) X1504ZA-NJ542WS Thin and ...,ASUS,Thin & Light,67799,9.59,74990,3.1,2,Intel Core i5 Processor (12th Gen),16,512,SSD,Integrated,15.6,Not Specified,In Stock,No,Windows 11,Student / Everyday
ASUS AMD Ryzen 5 Quad Core 7th Gen - (8 GB/512 GB SSD/Windows 11 Home) E1504FA-BQ2522WS Laptop,ASUS,Standard Notebook,65990,5.59,69900,,,AMD Ryzen 5 Quad Core Processor (7th Gen),8,512,SSD,Integrated,15.6,Not Specified,In Stock,No,Windows 11 Home,Student / Everyday
ASUS TUF Gaming A15 (2025) AMD Ryzen 7 Octa Core 7435HS - (16 GB/512 GB SSD/Windows 11 Home/4 GB Graph...,ASUS,Gaming,97500,2.5,99999,4.3,2,AMD Ryzen 7 Octa Core,16,512,SSD,Integrated,15.6,Not Specified,In Stock,No,Windows 11 Home,Gaming
ASUS AMD Ryzen™ 3 30 AMD Ryzen 3 Quad Core - (8 GB/512 GB SSD/Windows 11 Home) E1404FA-EB1236WS Laptop,ASUS,Standard Notebook,63039,4.47,65990,,,AMD Ryzen 3 Quad Core,8,512,SSD,Integrated,14,Not Specified,In Stock,No,Windows 11 Home,Student / Everyday
ASUS Chromebook Flip Touch Intel Celeron Dual Core N4020 - (4 GB/32 GB EMMC Storage/Chrome OS) C214MA-...,ASUS,2-in-1,33000,17.48,39990,,,Intel Celeron Dual Core,4,32,eMMC,Integrated,11.6,Not Specified,In Stock,Yes,Chrome OS,Student / Everyday
ASUS Intel Core i7 13th Gen - (16 GB/512 GB SSD/Windows 11 Home) X1605VA-MB1275WS Laptop,ASUS,Standard Notebook,94990,4.05,98999,,,Intel Core i7 Processor (13th Gen),16,512,SSD,Integrated,16,Not Specified,In Stock,No,Windows 11 Home,Student / Everyday
ASUS Vivobook 15 Intel Core i3 11th Gen 1115G4 - (8 GB/512 GB SSD/Windows 11 Home) X1500EA-EJ3381WS La...,ASUS,Standard Notebook,58244,2.91,59990,3.8,5,Intel Core i3 Processor (11th Gen),8,512,SSD,Integrated,15.6,Not Specified,In Stock,No,Windows 11,Student / Everyday
ASUS Vivobook 15 Intel Core i3 11th Gen i3-1115G4 - (8 GB/512 GB SSD/Windows 11 Home) X1500EA-EJ3381WS...,ASUS,Standard Notebook,57990,3.33,59990,,,Intel Core i3 Processor (11th Gen),8,512,SSD,Integrated,15.6,Not Specified,In Stock,No,Windows 11,Student / Everyday
"ASUS Vivobook 16X (2025) for Creator with Office 2024 + M365 Basic, Intel Core i5 12th Gen 12500H - (1...",ASUS,Standard Notebook,85890,14.1,99990,,,Intel Core i5 Processor (12th Gen),16,512,SSD,Integrated,16,Not Specified,In Stock,No,Windows 11 Home,Content Creation
ASUS Intel Core i5 12th Gen - (8 GB/512 GB SSD/Windows 11 Home) X1502ZA-EJ531WS Laptop,ASUS,Standard Notebook,72891,19,89990,,,Intel Core i5 Processor (12th Gen),8,512,SSD,Integrated,15.6,Not Specified,In Stock,No,Windows 11,Student / Everyday
ASUS Vivobook 15 Intel Core i5 12th Gen 1240P - (8 GB/512 GB SSD/Windows 11 Home) X1502ZA-BQ501WS Lapt...,ASUS,Standard Notebook,69999,4.1,72990,3.5,1,Intel Core i5 Processor (12th Gen),8,512,SSD,Integrated,15.6,Not Specified,In Stock,No,Windows 11,Student / Everyday
"ASUS TUF Gaming A14 (2026) with Office 2024 + M365 Basic, AI PC NPU upto 50TOPS AMD Ryzen AI Max+ - (3...",ASUS,Gaming,245365,24.27,323990,5,3,AMD Ryzen AI Max+,32,1024,SSD,Integrated,14,Not Specified,In Stock,No,Windows 11 Home,Gaming
"ASUS Vivobook 16X for Creator, Intel Core i5 12th Gen 12500H - (8 GB/512 GB SSD/Windows 11 Home/4 GB G...",ASUS,Standard Notebook,73499,10.37,81999,3.8,10,Intel Core i5 Processor (12th Gen),8,512,SSD,Integrated,16,Not Specified,In Stock,No,Windows 11,Content Creation
ASUS AMD Ryzen 7 Ryzen 7 7445HS - (16 GB/1 TB SSD/Windows 11 Home/4 GB Graphics/NVIDIA GeForce RTX RTX...,ASUS,Standard Notebook,112990,1.74,114990,,,AMD Ryzen 7,16,1024,SSD,Integrated,15.6,Not Specified,In Stock,No,Windows 11 Home,Student / Everyday
ASUS Vivobook 16 Intel Core i5 12th Gen 12500H - (16 GB/512 GB SSD/Windows 11 Home) X1605ZAC-MB541WS T...,ASUS,Standard Notebook,75890,5.02,79900,4.3,1,Intel Core i5 Processor (12th Gen),16,512,SSD,Integrated,16,Not Specified,In Stock,No,Windows 11,Student / Everyday
ASUS Vivobook 16 Intel Core i5 12th Gen 12500H - (16 GB/512 GB SSD/Windows 11 Home) X1605ZAC-MB540WS T...,ASUS,Standard Notebook,74999,6.24,79990,4,0,Intel Core i5 Processor (12th Gen),16,512,SSD,Integrated,16,Not Specified,In Stock,No,Windows 11,Student / Everyday
ASUS TUF Gaming F16 (i5 14th Gen) Intel Core 5 210H - (16 GB/512 GB SSD/Windows 11 Home/4 GB Graphics/...,ASUS,Gaming,104999,11.02,118000,4.8,5,Intel Core 5,16,512,SSD,Integrated,16,Not Specified,In Stock,No,Windows 11 Home,Gaming
ASUS Vivobook 15 Intel Core i3 12th Gen 1215U - (8 GB/512 GB SSD/Windows 11 Home) X1502ZA-EJ321WS Lapt...,ASUS,Standard Notebook,62999,5.97,66999,,,Intel Core i3 Processor (12th Gen),8,512,SSD,Integrated,15.6,Not Specified,In Stock,No,Windows 11,Student / Everyday
"ASUS Vivobook 15 (2026), AI PC with NPU up to 15TOPS, Intel Core 5 315 - (8 GB/512 GB SSD/Windows 11 H...",ASUS,Standard Notebook,94017,31.87,137990,,,Intel Core 5,8,512,SSD,Integrated,15.6,Not Specified,In Stock,No,Windows 11 Home,Student / Everyday
ASUS VivoBook 15 Intel Core i3 10th Gen 1005G1 - (8 GB/512 GB SSD/Windows 11 Home) X515JA-BQ322WS Thin...,ASUS,Thin & Light,27990,45.11,50990,4.3,1159,Intel Core i3 Processor (10th Gen),8,512,SSD,Integrated,15.6,Not Specified,In Stock,No,Windows 11,Student / Everyday
Acer Aspire Lite AMD Ryzen 5 Hexa Core 5625U - (8 GB/512 GB SSD/Windows 11 Home) AL15-41 Thin and Ligh...,Acer,Thin & Light,61999,18.42,75999,4.1,260,AMD Ryzen 5 Hexa Core,8,512,SSD,Integrated,15.6,Not Specified,In Stock,No,Windows 11,Student / Everyday
Acer Aspire Intel Celeron Dual Core N4500 - (12 GB/256 GB SSD/Windows 11 Home) A324-45-V2 Thin and Lig...,Acer,Thin & Light,29999,0,29999,3.8,211,Intel Celeron Dual Core,12,256,SSD,Integrated,14,Not Specified,In Stock,No,Windows 11,Student / Everyday
Acer Travellite AMD Ryzen 3 Octa Core 5400U - (8 GB/512 GB SSD/Windows 11 Home) TL04-41M Notebook,Acer,Standard Notebook,46790,28.02,65000,,,AMD Ryzen 3 Octa Core,8,512,SSD,Integrated,14,Not Specified,In Stock,No,Windows 11 Home,Student / Everyday
Acer Aspire Lite AMD Ryzen 3 7330U - (8 GB/512 GB SSD/Windows 11 Home) AL15-41 Notebook,Acer,Standard Notebook,46590,21.02,58990,,,AMD Ryzen 3,8,512,SSD,Integrated,15.6,Not Specified,In Stock,No,Windows 11 Home,Student / Everyday
Acer AMD Ryzen 3 Quad Core 5th Gen 5300U - (8 GB/512 GB SSD/Windows 11 Home) AL15-41 Laptop,Acer,Standard Notebook,45990,8,49990,4.7,0,AMD Ryzen 3 Quad Core Processor (5th Gen),8,512,SSD,Integrated,15.6,Not Specified,In Stock,No,Windows 11 Home,Student / Everyday
Acer One 14 Pro (2026) Thin & Light Laptop AMD Ryzen 3 Quad Core 14th Gen -7320U - (8 GB/512 GB SSD/Wi...,Acer,Thin & Light,46990,24.21,62000,,,AMD Ryzen 3 Quad Core Processor (14th Gen),8,512,SSD,Integrated,14,Not Specified,In Stock,No,Windows 11,Student / Everyday
Acer Intel Celeron Dual Core N4500 - (12 GB/512 GB SSD/Windows 11 Home) A325-45 Notebook,Acer,Standard Notebook,41990,16,49990,3.8,1,Intel Celeron Dual Core,12,512,SSD,Integrated,15.6,Not Specified,In Stock,No,Windows 11 Home,Student / Everyday
Acer Chromebook Intel Celeron Dual Core N4020 - (4 GB/64 GB EMMC Storage/Chrome OS) CB314-1H Chromeboo...,Acer,Standard Notebook,27410,11.58,30999,4,8,Intel Celeron Dual Core,4,64,eMMC,Integrated,14,Not Specified,In Stock,No,Chrome OS,Student / Everyday
Acer Aspire Intel Core Ultra 5 115U - (8 GB/512 GB SSD/Windows 11 Home) A325-55 Notebook,Acer,Standard Notebook,59990,14.29,69990,,,Intel Core Ultra 5,8,512,SSD,Integrated,15.6,Not Specified,In Stock,No,Windows 11 Home,Student / Everyday
Acer Chromebook Intel Celeron Dual Core - (8 GB/128 GB EMMC Storage/Chrome OS) CB314-3H-C5QE/ CB314-3H...,Acer,Standard Notebook,39890,0.27,39999,,,Intel Celeron Dual Core,8,128,eMMC,Integrated,15.6,Not Specified,In Stock,No,Chrome OS,Student / Everyday
Acer Aspire AMD Ryzen 3 7330U - (8 GB/256 GB SSD/Windows 11 Home) AL15-42 Notebook,Acer,Standard Notebook,44990,18.19,54990,,,AMD Ryzen 3,8,256,SSD,Integrated,15.6,Not Specified,In Stock,No,Windows 11 Home,Student / Everyday
Acer AMD Ryzen 3 5300U processor AMD Ryzen 3 Quad Core 5th Gen Ryzen 3 5300U - (8 GB/512 GB SSD/Window...,Acer,Standard Notebook,45990,8,49990,,,AMD Ryzen 3 Quad Core Processor (5th Gen),8,512,SSD,Integrated,15.6,Not Specified,In Stock,No,Windows 11 Home,Student / Everyday
Acer Chromebook Intel Celeron Dual Core N4500 - (4 GB/64 GB EMMC Storage/Chrome OS) C734-C2ED Chromebo...,Acer,Standard Notebook,22150,23.62,28999,4.1,3,Intel Celeron Dual Core,4,64,eMMC,Integrated,11.6,Not Specified,In Stock,No,Chrome OS,Student / Everyday
Acer N4500 Intel Celeron Dual Core - (4 GB/32 GB EMMC Storage/Chrome OS) CO731-C883 Chromebook,Acer,Standard Notebook,23873,46.94,44990,,,Intel Celeron Dual Core,4,32,eMMC,Integrated,11.6,Not Specified,In Stock,No,Chrome OS,Student / Everyday
Acer Predator Helios Neo 16S AI Intel Core Ultra 7 255HX - (16 GB/1 TB SSD/Windows 11 Home/8 GB Graphi...,Acer,Gaming,213999,0,213999,4.5,5,Intel Core Ultra 7,16,1024,SSD,Integrated,16,Not Specified,In Stock,No,Windows 11 Home,Gaming
Acer Aspire 15 AMD Ryzen 5 Hexa Core 7430U - (8 GB/512 GB SSD/Windows 11 Home) A325-42 Thin and Light ...,Acer,Thin & Light,62490,13.2,71990,4.2,426,AMD Ryzen 5 Hexa Core,8,512,SSD,Integrated,15.6,Not Specified,In Stock,No,Windows 11,Student / Everyday
Acer P2 Series Intel Core i5 10th Gen 10210U - (8 GB/1 TB HDD/Windows 10 Home) TMP214-52 Thin and Ligh...,Acer,Thin & Light,59500,0,59500,4.1,54,Intel Core i5 Processor (10th Gen),8,1024,HDD,Integrated,14,Not Specified,In Stock,No,Windows 10,Student / Everyday
Acer Aspire 7 Intel Core i5 13th Gen 13420H - (16 GB/512 GB SSD/Windows 11 Home/4 GB Graphics/NVIDIA G...,Acer,Standard Notebook,84999,0,84999,4.3,178,Intel Core i5 Processor (13th Gen),16,512,SSD,Integrated,15.6,Not Specified,In Stock,No,Windows 11,Student / Everyday
Acer Acer Aspire Lite AL15-53 Intel Core 3 14th Gen 100U - (8 GB/512 GB SSD/Windows 11 Home) AL15-53 N...,Acer,Standard Notebook,49990,0,49990,4.2,27,Intel Core 3 Processor (14th Gen),8,512,SSD,Integrated,15.6,Not Specified,In Stock,No,Windows 11 Home,Student / Everyday
Acer Chromebook Plus Google AI Intel Core i3 N305 - (8 GB/256 GB SSD/Chrome OS) CB514-4H-39T7 Chromebo...,Acer,Standard Notebook,49999,0,49999,3.9,103,Intel Core i3,8,256,SSD,Integrated,14,Not Specified,In Stock,No,Chrome OS,Student / Everyday
Acer Aspire Lite Intel Core i3 13th Gen 1305U - (16 GB/512 GB SSD/Windows 11 Home) AL15-53 Notebook,Acer,Standard Notebook,51990,8.77,56990,4.2,27,Intel Core i3 Processor (13th Gen),16,512,SSD,Integrated,15.6,Not Specified,In Stock,No,Windows 11 Home,Student / Everyday
Acer One Intel Core i3 11th Gen 1115G4 - (8 GB/512 GB SSD/Windows 11 Home) AO 14 Z 8-415 Thin and Ligh...,Acer,Thin & Light,43999,0,43999,4.2,985,Intel Core i3 Processor (11th Gen),8,512,SSD,Integrated,14,Not Specified,In Stock,No,Windows 11,Student / Everyday
Acer Aspire Lite AMD Ryzen 5 Hexa Core 5625U - (16 GB/1 TB SSD/Windows 11 Home) AL15-41 Thin and Light...,Acer,Thin & Light,73990,7.51,79999,4.1,260,AMD Ryzen 5 Hexa Core,16,1024,SSD,Integrated,15.6,Not Specified,In Stock,No,Windows 11,Student / Everyday
Acer Aspire 5 15 Intel Core i3 13th Gen 1305U - (8 GB/512 GB SSD/Windows 11 Home) A515-58M Thin and Li...,Acer,Thin & Light,53890,8.51,58900,3.9,1,Intel Core i3 Processor (13th Gen),8,512,SSD,Integrated,15.6,Not Specified,In Stock,No,Windows 11,Student / Everyday
Acer Aspire 3 Intel Core i3 11th Gen 1115G4 - (4 GB/256 GB SSD/Windows 10 Home) A315-58 Thin and Light...,Acer,Thin & Light,57472,17.89,69990,4.2,18,Intel Core i3 Processor (11th Gen),4,256,SSD,Integrated,15.6,Not Specified,In Stock,No,Windows 10,Student / Everyday
"Acer Aspire Lite with Backlit Keyboard, Intel Core i7 12th Gen 1255U - (16 GB/512 GB SSD/Windows 11 Ho...",Acer,Standard Notebook,53999,28,74999,4.4,7,Intel Core i7 Processor (12th Gen),16,512,SSD,Integrated,15.6,Not Specified,In Stock,No,Windows 11,Student / Everyday
Acer Aspire 3 Intel Celeron Dual Core - (8 GB/256 GB SSD/Windows 11 Home) A325-45 Thin and Light Lapto...,Acer,Thin & Light,39990,11.11,44990,,,Intel Celeron Dual Core,8,256,SSD,Integrated,15.6,Not Specified,In Stock,No,Windows 11,Student / Everyday
Acer Aspire Intel Core i3 13th Gen 1305U - (8 GB/512 GB SSD/Windows 11 Home) AL15-53 Notebook,Acer,Standard Notebook,49990,16.67,59990,4.1,9,Intel Core i3 Processor (13th Gen),8,512,SSD,Integrated,15.6,Not Specified,In Stock,No,Windows 11 Home,Student / Everyday
Acer Aspire Go 14 Intel Core Ultra 5 125H - (16 GB/512 GB SSD/Windows 11 Home) AG14-71M Thin and Light...,Acer,Thin & Light,73999,6.33,78999,4,6,Intel Core Ultra 5,16,512,SSD,Integrated,14,Not Specified,In Stock,No,Windows 11 Home,Student / Everyday
Acer Predator Helios 16 Intel Core i9 14th Gen 14900HX - (16 GB/1 TB SSD/Windows 11 Home/8 GB Graphics...,Acer,Gaming,199990,23.08,259999,4.6,1,Intel Core i9 Processor (14th Gen),16,1024,SSD,Integrated,16,Not Specified,In Stock,No,Windows 11,Gaming
Acer Predator Helios Neo 16S AI Intel Core Ultra 7 255 HX - (16 GB/1 TB SSD/Windows 11 Home/8 GB Graph...,Acer,Gaming,221000,2.21,225990,4.7,22,Intel Core Ultra 7,16,1024,SSD,Integrated,16,Not Specified,In Stock,No,Windows 11 Home,Gaming
Acer Swift Go 14 AI Office 2024 + M365 Basic Snapdragon X Plus - (16 GB/512 GB SSD/Windows 11 Home) SF...,Acer,Thin & Light,88999,18.35,108999,4.4,60,Snapdragon X Plus,16,512,SSD,Integrated,14.5,Not Specified,In Stock,No,Windows 11,Student / Everyday
Acer Nitro 5 AMD Ryzen 5 Hexa Core 4600H - (8 GB/1 TB HDD/256 GB SSD/Windows 10 Home/4 GB Graphics/NVI...,Acer,Gaming,86500,13.49,99990,4.5,274,AMD Ryzen 5 Hexa Core,8,1280,SSD + HDD,Integrated,15.6,Not Specified,In Stock,No,Windows 11,Gaming
Acer AMD Ryzen 3 Quad Core 5th Gen - (8 GB/Windows 11 Home) UN.31ZSI.004 Laptop,Acer,Standard Notebook,47890,17.43,58000,,,AMD Ryzen 3 Quad Core Processor (5th Gen),8,256,SSD,Integrated,15.6,Not Specified,In Stock,No,Windows 11 Home,Student / Everyday
Acer Aspire 5 Gaming Intel Core i5 13th Gen 1335U - (16 GB/512 GB SSD/Windows 11 Home/4 GB Graphics/NV...,Acer,Gaming,89999,8.63,98500,4.2,22,Intel Core i5 Processor (13th Gen),16,512,SSD,Integrated,15.6,Not Specified,In Stock,No,Windows 11,Gaming
Acer Nitro V Intel Core i5 13th Gen 13420H - (16 GB/512 GB SSD/Windows 11 Home/4 GB Graphics/NVIDIA Ge...,Acer,Gaming,85990,4.24,89793,4.2,38,Intel Core i5 Processor (13th Gen),16,512,SSD,Integrated,15.6,Not Specified,In Stock,No,Windows 11,Gaming
Acer Aspire 7 Intel Core i5 13th Gen 13420H - (16 GB/512 GB SSD/Windows 11 Home/6 GB Graphics/NVIDIA G...,Acer,Standard Notebook,90557,9.44,99999,4.3,278,Intel Core i5 Processor (13th Gen),16,512,SSD,Integrated,15.6,Not Specified,In Stock,No,Windows 11,Student / Everyday
Acer Nitro V AMD Ryzen 7 Octa Core 7735HS - (16 GB/512 GB SSD/Windows 11 Home/6 GB Graphics/NVIDIA GeF...,Acer,Gaming,99500,9.54,109999,4.2,59,AMD Ryzen 7 Octa Core,16,512,SSD,Integrated,15.6,Not Specified,In Stock,No,Windows 11,Gaming
Acer Aspire 7 Intel Core i5 9th Gen 9300H - (8 GB/512 GB SSD/Windows 11 Home/4 GB Graphics/NVIDIA GeFo...,Acer,Standard Notebook,79999,0,79999,4.5,2078,Intel Core i5 Processor (9th Gen),8,512,SSD,Integrated,15.6,Not Specified,In Stock,No,Windows 11,Student / Everyday
Acer Predator Intel Core i9 13th Gen 13900HX - (16 GB/1 TB SSD/Windows 11 Home/8 GB Graphics/NVIDIA Ge...,Acer,Gaming,174833,10.8,195999,4.5,12,Intel Core i9 Processor (13th Gen),16,1024,SSD,Integrated,16,Not Specified,In Stock,No,Windows 11,Gaming
Acer Predator Helios 300 Intel Core i7 8th Gen 8750H - (16 GB/1 TB HDD/128 GB SSD/Windows 10 Home/6 GB...,Acer,Gaming,139999,0,139999,4.5,129,Intel Core i7 Processor (8th Gen),16,1152,SSD + HDD,Integrated,15.6,Not Specified,In Stock,No,Windows 10,Gaming
Acer Travellite Intel Core i5 13th Gen 1334U - (8 GB/512 GB SSD/Windows 11 Home) TL04-51M Notebook,Acer,Standard Notebook,59590,33.79,90000,,,Intel Core i5 Processor (13th Gen),8,512,SSD,Integrated,14,Not Specified,In Stock,No,Windows 11 Home,Student / Everyday
Acer Swift X Intel Core i5 11th Gen 11320H - (16 GB/512 GB SSD/Windows 11 Home/4 GB Graphics) SFX16-51...,Acer,Thin & Light,109999,0,109999,,,Intel Core i5 Processor (11th Gen),16,512,SSD,Integrated,16.1,Not Specified,In Stock,No,Windows 11,Student / Everyday
Acer Predator Helios Neo 16 Intel Core i7 14th Gen 14700HX - (16 GB/1 TB SSD/Windows 11 Home/8 GB Grap...,Acer,Gaming,157999,0,157999,4.3,1,Intel Core i7 Processor (14th Gen),16,1024,SSD,Integrated,16,Not Specified,In Stock,No,Windows 11,Gaming
Acer Aspire 3 Intel Core i5 12th Gen 1235U - (16 GB/512 GB SSD/Windows 11 Home) A315-59 Thin and Light...,Acer,Thin & Light,62462,8.14,67999,4.1,62,Intel Core i5 Processor (12th Gen),16,512,SSD,Integrated,15.6,Not Specified,In Stock,No,Windows 11,Student / Everyday
Acer Predator Helios 16 Intel Core i7 14th Gen 14700HX - (16 GB/1 TB SSD/Windows 11 Home/8 GB Graphics...,Acer,Gaming,197999,0,197999,4.2,3,Intel Core i7 Processor (14th Gen),16,1024,SSD,Integrated,16,Not Specified,In Stock,No,Windows 11,Gaming
Acer Predator Helios 300 Intel Core i7 10th Gen 10870H - (16 GB/2 TB SSD/Windows 10 Home/8 GB Graphics...,Acer,Gaming,150490,0,150490,4.7,5,Intel Core i7 Processor (10th Gen),16,2048,SSD,Integrated,15.6,Not Specified,In Stock,No,Windows 10,Gaming
Acer ConceptD 5 Intel Core i5 8th Gen 8305G - (8 GB/512 GB SSD/Windows 10 Home/4 GB Graphics) CN515-51...,Acer,Standard Notebook,119999,0,119999,,,Intel Core i5 Processor (8th Gen),8,512,SSD,Integrated,15.6,Not Specified,In Stock,No,Windows 10,Student / Everyday
Acer Aspire Lite Intel Core i5 13th Gen i5-13500H - (16 GB/512 GB SSD/Windows 11 Home) AL14-71P Thin a...,Acer,Thin & Light,69990,36.37,109990,,,Intel Core i5 Processor (13th Gen),16,512,SSD,Integrated,14,Not Specified,In Stock,No,Windows 11 Home,Student / Everyday
Acer Aspire Lite AMD Ryzen 3 Quad Core - (16 GB/512 GB SSD/Windows 11 Home) AL15-41 Thin and Light Lap...,Acer,Thin & Light,56021,6.62,59990,,,AMD Ryzen 3 Quad Core,16,512,SSD,Integrated,15.6,Not Specified,In Stock,No,Windows 11,Student / Everyday
Acer Nitro V Intel Core i7 13th Gen 13620H - (16 GB/1 TB SSD/Windows 11 Home/6 GB Graphics/NVIDIA GeFo...,Acer,Gaming,113745,16.36,135999,,,Intel Core i7 Processor (13th Gen),16,1024,SSD,Integrated,15.6,Not Specified,In Stock,No,Windows 11,Gaming
Acer NITRO LITE 16 Intel Core i7 13th Gen 13620H - (16 GB/512 GB SSD/Windows 11 Home/6 GB Graphics/NVI...,Acer,Gaming,115918,20.6,145999,4.4,61,Intel Core i7 Processor (13th Gen),16,512,SSD,Integrated,16,Not Specified,In Stock,No,Windows 11 Home,Gaming
Acer Swift 14 AI Office 2024 + M365 Basic Intel Core Ultra 7 - (16 GB/1 TB SSD/Windows 11 Home) SF14-5...,Acer,Thin & Light,129999,0,129999,,,Intel Core Ultra 7,16,1024,SSD,Integrated,14,Not Specified,In Stock,No,Windows 11,Student / Everyday
Acer Predator Helios 300 Intel Core i7 11th Gen 11800H - (16 GB/1 TB HDD/512 GB SSD/Windows 10 Home/6 ...,Acer,Gaming,140990,0,140990,4.4,74,Intel Core i7 Processor (11th Gen),16,1536,SSD + HDD,Integrated,15.6,Not Specified,In Stock,No,Windows 10,Gaming
Acer Aspire 3D 15 SpatialLabs Edition Intel Core i7 13th Gen 13620H - (16 GB/1 TB SSD/Windows 11 Home/...,Acer,Standard Notebook,206999,0,206999,3,1,Intel Core i7 Processor (13th Gen),16,1024,SSD,Integrated,15.6,Not Specified,In Stock,No,Windows 11,Student / Everyday
Acer Nitro V Intel Core i5 13th Gen 13420H - (16 GB/512 GB SSD/Windows 11 Home/6 GB Graphics/NVIDIA Ge...,Acer,Gaming,92499,6.56,98990,4.1,4,Intel Core i5 Processor (13th Gen),16,512,SSD,Integrated,15.6,Not Specified,In Stock,No,Windows 11,Gaming
Acer Swift X Intel Core i7 11th Gen 11390H - (16 GB/1 TB SSD/Windows 11 Home/4 GB Graphics/NVIDIA GeFo...,Acer,Thin & Light,134999,0,134999,,,Intel Core i7 Processor (11th Gen),16,1024,SSD,Integrated,16.1,Not Specified,In Stock,No,Windows 11,Student / Everyday
Acer 3 Years Warranty Aspire Lite Backlit (2026) Intel Core i5 13th Gen - (16 GB/512 GB SSD/Windows 11...,Acer,Standard Notebook,75990,8.43,82990,,,Intel Core i5 Processor (13th Gen),16,512,SSD,Integrated,15.6,Not Specified,In Stock,No,Windows 11 Home,Student / Everyday
Acer Aspire 3 Intel Pentium Silver N6000 - (4 GB/256 GB SSD/Windows 11 Home) A314-35 Notebook,Acer,Standard Notebook,41350,1.55,41999,4.2,7,Intel Pentium Silver,4,256,SSD,Integrated,14,Not Specified,In Stock,No,Windows 11,Student / Everyday
Acer Intel Core i5 13th Gen - (16 GB/512 GB SSD/Windows 11 Home) UN.34ESI.00K Laptop,Acer,Standard Notebook,69052,0.64,69500,2.7,1,Intel Core i5 Processor (13th Gen),16,512,SSD,Integrated,15.6,Not Specified,In Stock,No,Windows 11 Home,Student / Everyday
Acer Aspire 7 Intel Core i5 13th Gen 13420H - (8 GB/512 GB SSD/Windows 11 Home/4 GB Graphics/NVIDIA Ge...,Acer,Standard Notebook,79999,0,79999,4.3,178,Intel Core i5 Processor (13th Gen),8,512,SSD,Integrated,15.6,Not Specified,In Stock,No,Windows 11,Student / Everyday
Acer Predator Helios Neo 16 Intel Core i7 13th Gen 13700HX - (16 GB/1 TB SSD/Windows 11 Home/6 GB Grap...,Acer,Gaming,144999,0,144999,4.4,119,Intel Core i7 Processor (13th Gen),16,1024,SSD,Integrated,16,Not Specified,In Stock,No,Windows 11,Gaming
Acer Aspire 7 Intel Core i7 9th Gen 9750H - (8 GB/512 GB SSD/Windows 10 Home/4 GB Graphics/NVIDIA GeFo...,Acer,Standard Notebook,99999,0,99999,4.4,30,Intel Core i7 Processor (9th Gen),8,512,SSD,Integrated,15.6,Not Specified,In Stock,No,Windows 10,Student / Everyday
Acer Swift Lite (2025) OLED WUXGA Intel Core Ultra 5 115U - (16 GB/512 GB SSD/Windows 11 Home) SFL14-5...,Acer,Thin & Light,99000,14.65,115999,3.7,0,Intel Core Ultra 5,16,512,SSD,Integrated,14,Not Specified,In Stock,No,Windows 11 Home,Content Creation
Acer Swift Neo Office 2024 + M365 Basic Intel Core Ultra 5 115U - (16 GB/1 TB SSD/Windows 11 Home) UN....,Acer,Thin & Light,85990,4.45,89999,4.1,77,Intel Core Ultra 5,16,1024,SSD,Integrated,14,Not Specified,In Stock,No,Windows 11 Home,Student / Everyday
Acer Aspire 3 Intel Pentium Silver N6000 - (8 GB/256 GB SSD/Windows 11 Home) A314-35 Notebook,Acer,Standard Notebook,45999,2.13,46999,4.2,7,Intel Pentium Silver,8,256,SSD,Integrated,14,Not Specified,In Stock,No,Windows 11,Student / Everyday
Acer Professional AMD Ryzen 3 Quad Core 7th Gen 7330U - (16 GB/512 GB SSD/Windows 11 Pro) TL14-42M Not...,Acer,Standard Notebook,56999,1.72,57999,3.9,12,AMD Ryzen 3 Quad Core Processor (7th Gen),16,512,SSD,Integrated,14,Not Specified,In Stock,No,Windows 11,Student / Everyday
Acer Aspire 14 with Backlit Keyboard Intel Core i5 13th Gen 13500H - (16 GB/512 GB SSD/Windows 11 Home...,Acer,Standard Notebook,84500,10.1,93990,4.3,547,Intel Core i5 Processor (13th Gen),16,512,SSD,Integrated,14,Not Specified,In Stock,No,Windows 11,Student / Everyday
Acer Aspire 7 Intel Core i5 10th Gen 10300H - (8 GB/512 GB SSD/Windows 11 Home/4 GB Graphics/NVIDIA Ge...,Acer,Standard Notebook,89999,0,89999,4.4,1451,Intel Core i5 Processor (10th Gen),8,512,SSD,Integrated,15.6,Not Specified,In Stock,No,Windows 11,Student / Everyday
Acer AMD Ryzen 5 Hexa Core 6600H - (8 GB/1 TB SSD/Windows 11 Home/4 GB Graphics/NVIDIA GeForce RTX 305...,Acer,Standard Notebook,96990,19.17,119999,5,0,AMD Ryzen 5 Hexa Core,8,1024,SSD,Integrated,15.6,Not Specified,In Stock,No,Windows 11,Student / Everyday
Acer Aspire 5 15 Intel Core i5 13th Gen 1335U - (8 GB/512 GB SSD/Windows 11 Home) A515-58M Thin and Li...,Acer,Thin & Light,68299,14.62,79990,4.7,0,Intel Core i5 Processor (13th Gen),8,512,SSD,Integrated,15.6,Not Specified,In Stock,No,Windows 11,Student / Everyday
Acer Aspire 14 AMD Ryzen 5 3500U - (8 GB/512 GB SSD/Windows 11 Home) AS14-39 Notebook,Acer,Standard Notebook,59991,29.41,84990,3.6,1,AMD Ryzen 5,8,512,SSD,Integrated,14,Not Specified,In Stock,No,Windows 11 Home,Student / Everyday
"Acer Aspire 14 with Backlit Keyboard, Intel Core i5 13th Gen - (16 GB/512 GB SSD/Windows 11 Home) AS14...",Acer,Standard Notebook,69990,0.01,69999,,,Intel Core i5 Processor (13th Gen),16,512,SSD,Integrated,14,Not Specified,In Stock,No,Windows 11 Home,Student / Everyday
Acer Predator Helios 300 Intel Core i7 12th Gen 12700H - (16 GB/1 TB SSD/Windows 11 Home/8 GB Graphics...,Acer,Gaming,190000,5,199999,4.8,1,Intel Core i7 Processor (12th Gen),16,1024,SSD,Integrated,15.6,Not Specified,In Stock,No,Windows 11,Gaming
Acer Aspire 5 Intel Core i5 11th Gen 1135G7 - (8 GB/512 GB SSD/Windows 11 Home/2 GB Graphics) A515-56G...,Acer,Standard Notebook,61000,8.95,66999,3.9,2,Intel Core i5 Processor (11th Gen),8,512,SSD,Integrated,15.6,Not Specified,In Stock,No,Windows 11,Student / Everyday
Acer Predator Helios 300 Intel Core i7 11th Gen 11800H - (16 GB/1 TB SSD/Windows 11 Home/6 GB Graphics...,Acer,Gaming,136990,8.67,149990,4.2,9,Intel Core i7 Processor (11th Gen),16,1024,SSD,Integrated,15.6,Not Specified,In Stock,No,Windows 11 Home,Gaming
Acer Predator Helios 300 Intel Core i9 12th Gen 12900H - (16 GB/1 TB SSD/Windows 11 Home/6 GB Graphics...,Acer,Gaming,215699,6.22,229999,4.4,21,Intel Core i9 Processor (12th Gen),16,1024,SSD,Integrated,15.6,Not Specified,In Stock,No,Windows 11,Gaming
Acer Aspire Intel Core Ultra 5 115U - (16 GB/512 GB SSD/Windows 11 Home) A325-55 Notebook,Acer,Standard Notebook,64990,18.75,79990,,,Intel Core Ultra 5,16,512,SSD,Integrated,15.6,Not Specified,In Stock,No,Windows 11 Home,Student / Everyday
Acer Travelmate AMD Ryzen 5 Hexa Core 5500U - (16 GB/512 GB SSD/Windows 11 Home) TMP214-41-G3 Thin and...,Acer,Thin & Light,69999,7.89,75999,4,18,AMD Ryzen 5 Hexa Core,16,512,SSD,Integrated,14,Not Specified,In Stock,No,Windows 11,Student / Everyday
Acer Aspire AMD Ryzen 3 7330U - (8 GB/512 GB SSD/Windows 11 Home) AL15-42 Notebook,Acer,Standard Notebook,49990,28.58,69990,,,AMD Ryzen 3,8,512,SSD,Integrated,15.6,Not Specified,In Stock,No,Windows 11 Home,Student / Everyday
Acer Aspire Intel Core Ultra 5 226V - (16 GB/512 GB SSD/Windows 11 Home) A514-55 Notebook,Acer,Standard Notebook,79990,20,99990,,,Intel Core Ultra 5,16,512,SSD,Integrated,14,Not Specified,In Stock,No,Windows 11 Home,Student / Everyday
Acer Predator Helios 300 Intel Core i7 11th Gen 11800H - (16 GB/1 TB HDD/512 GB SSD/Windows 11 Home/4 ...,Acer,Gaming,120999,19.33,149999,4.4,79,Intel Core i7 Processor (11th Gen),16,1536,SSD + HDD,Integrated,15.6,Not Specified,In Stock,No,Windows 11 Home,Gaming
Acer Nitro 5 Intel Core i5 8th Gen 8300H - (8 GB/1 TB HDD/Windows 10 Home/4 GB Graphics/NVIDIA GeForce...,Acer,Gaming,87990,2.23,90000,4.4,142,Intel Core i5 Processor (8th Gen),8,1024,HDD,Integrated,15.6,Not Specified,In Stock,No,Windows 10,Gaming
Acer Aspire 3D 15 SpatialLabs Edition Intel Core i5 13th Gen 13420H - (16 GB/512 GB SSD/Windows 11 Hom...,Acer,Standard Notebook,90990,39.74,150999,,,Intel Core i5 Processor (13th Gen),16,512,SSD,Integrated,15.6,Not Specified,In Stock,No,Windows 11,Student / Everyday
Acer Aspire 7 Intel Core i5 13th Gen - (8 GB/512 GB SSD/Windows 11 Home/4 GB Graphics/NVIDIA GeForce R...,Acer,Standard Notebook,89990,0.01,89999,,,Intel Core i5 Processor (13th Gen),8,512,SSD,Integrated,15.6,Not Specified,In Stock,No,Windows 11,Student / Everyday
Acer Aspire 5 AMD Ryzen 7 Octa Core 5700U - (8 GB/512 GB SSD/Windows 10 Home) A515-45-R9PX Thin and Li...,Acer,Thin & Light,75800,0,75800,5,0,AMD Ryzen 7 Octa Core,8,512,SSD,Integrated,15.6,Not Specified,In Stock,No,Windows 10,Student / Everyday
Acer Intel Celeron Dual Core 7th Gen N4020 - (4 GB/32 GB EMMC Storage/Chrome OS) C733 Chromebook,Acer,Standard Notebook,20939,32.43,30990,3.6,16,Intel Celeron Dual Core Processor (7th Gen),4,32,eMMC,Integrated,11.6,Not Specified,In Stock,No,Chrome OS,Student / Everyday
Apple Macbook Neo A18 Pro(2026) A18 Pro - (8 GB/256 GB SSD/Tahoe) MHFA4HN/A,Apple,Standard Notebook,79900,0,79900,4.7,101,Apple A18 Pro,8,256,SSD,Integrated,13,Not Specified,In Stock,No,macOS,Student / Everyday
"Apple MacBook Air (M5, 2026) M5 - (16 GB/512 GB SSD/Tahoe) MDHH4HN/A",Apple,Thin & Light,149900,0,149900,4.7,149,Apple M5,16,512,SSD,Integrated,13.6,Not Specified,In Stock,No,macOS,Student / Everyday
Apple MacBook Air M4 - (24 GB/512 GB SSD/macOS Sequoia) MC6L4HN/A,Apple,Thin & Light,151900,0,151900,4.8,3,Apple M4,24,512,SSD,Integrated,15.3,Not Specified,In Stock,No,macOS,Student / Everyday
"Apple MacBook Air (M5, 2026) M5 - (16 GB/512 GB SSD/Tahoe) MDHE4HN/A",Apple,Thin & Light,149900,0,149900,4.7,149,Apple M5,16,512,SSD,Integrated,13.6,Not Specified,In Stock,No,macOS,Student / Everyday
Apple MacBook AIR M2 - (8 GB/256 GB SSD/Mac OS Monterey) MLY33HN/A,Apple,Thin & Light,89900,0,89900,4.7,861,Apple M2,8,256,SSD,Integrated,13.6,Not Specified,In Stock,No,macOS,Student / Everyday
Apple Macbook Neo A18 Pro(2026) A18 Pro - (8 GB/512 GB SSD/Tahoe) MHFJ4HN/A,Apple,Standard Notebook,89900,0,89900,4.7,101,Apple A18 Pro,8,512,SSD,Integrated,13,Not Specified,In Stock,No,macOS,Student / Everyday
Apple Macbook Neo A18 Pro(2026) A18 Pro - (8 GB/256 GB SSD/Tahoe) MHFF4HN/A,Apple,Standard Notebook,79900,0,79900,4.7,101,Apple A18 Pro,8,256,SSD,Integrated,13,Not Specified,In Stock,No,macOS,Student / Everyday
Apple Macbook Neo A18 Pro(2026) A18 Pro - (8 GB/512 GB SSD/Tahoe) MHFC4HN/A,Apple,Standard Notebook,89900,0,89900,4.7,101,Apple A18 Pro,8,512,SSD,Integrated,13,Not Specified,In Stock,No,macOS,Student / Everyday
Apple MacBook Air M4 - (24 GB/512 GB SSD/macOS Sequoia) MC6K4HN/A,Apple,Thin & Light,151900,0,151900,4.8,0,Apple M4,24,512,SSD,Integrated,15.3,Not Specified,In Stock,No,macOS,Student / Everyday
"Apple MacBook Air (M5, 2026) M5 - (24 GB/1 TB SSD/Tahoe) MDVF4HN/A",Apple,Thin & Light,239900,0,239900,4.8,7,Apple M5,24,1024,SSD,Integrated,15.3,Not Specified,In Stock,No,macOS,Student / Everyday
Apple MacBook AIR M2 - (8 GB/512 GB SSD/Mac OS Monterey) MLY43HN/A,Apple,Thin & Light,109900,0,109900,4.7,119,Apple M2,8,512,SSD,Integrated,13.6,Not Specified,In Stock,No,macOS,Student / Everyday
Apple Macbook Pro M4 Pro - (24 GB/1 TB SSD/macOS Sequoia) MX2J3HN/A,Apple,Standard Notebook,239900,0,239900,4.7,0,Apple M4 Pro,24,1024,SSD,Integrated,14,Not Specified,In Stock,No,macOS,Student / Everyday
Apple MacBook Pro M4 - (24 GB/1 TB SSD/macOS Sequoia) MCX04HN/A,Apple,Standard Notebook,209900,0,209900,4.5,2,Apple M4,24,1024,SSD,Integrated,14,Not Specified,In Stock,No,macOS,Student / Everyday
Apple MacBook AIR M2 - (16 GB/1 TB SSD/Mac OS Monterey) MLY43HN/A,Apple,Thin & Light,159900,0,159900,,,Apple M2,16,1024,SSD,Integrated,13.6,Not Specified,In Stock,No,macOS,Student / Everyday
"Apple MacBook Air (M5, 2026) M5 - (16 GB/1 TB SSD/Tahoe) MDHC4HN/A",Apple,Thin & Light,185900,0,185900,4.7,149,Apple M5,16,1024,SSD,Integrated,13.6,Not Specified,In Stock,No,macOS,Student / Everyday
Apple MacBook Air M4 Pro - (24 GB/512 GB SSD/macOS Sequoia) MX2E3HN/A,Apple,Thin & Light,199900,0,199900,5,1,Apple M4 Pro,24,512,SSD,Integrated,14,Not Specified,Out of Stock,No,macOS,Student / Everyday
"Apple MacBook Air (M5, 2026) M5 - (16 GB/1 TB SSD/Tahoe) MDHJ4HN/A",Apple,Thin & Light,185900,0,185900,4.7,149,Apple M5,16,1024,SSD,Integrated,13.6,Not Specified,In Stock,No,macOS,Student / Everyday
Apple MacBook Air M3 - (8 GB/512 GB SSD/macOS Sonoma) MRXR3HN/A,Apple,Thin & Light,134900,0,134900,4.7,29,Apple M3,8,512,SSD,Integrated,13,Not Specified,In Stock,No,macOS,Student / Everyday
Apple MacBook Air M3 - (8 GB/256 GB SSD/macOS Sonoma) MRYU3HN/A,Apple,Thin & Light,124900,0,124900,4.7,29,Apple M3,8,256,SSD,Integrated,15,Not Specified,In Stock,No,macOS,Student / Everyday
Apple MacBook Pro M3 - (8 GB/1 TB SSD/macOS Sonoma) MR7K3HN/A,Apple,Standard Notebook,189900,0,189900,4.3,9,Apple M3,8,1024,SSD,Integrated,14,Not Specified,In Stock,No,macOS,Student / Everyday
"Apple MacBook Pro (M5 Pro, 2026) M5 Pro - (24 GB/2 TB SSD/Tahoe) MGDP4HN/A",Apple,Standard Notebook,399900,0,399900,,,Apple M5 Pro,24,2048,SSD,Integrated,14,Not Specified,In Stock,No,macOS,Student / Everyday
Apple M4 Max - (48 GB/256 GB SSD/macOS Sequoia) MX2W3HN/A,Apple,Standard Notebook,399900,0,399900,,,Apple M4 Max,48,256,SSD,Integrated,16,Not Specified,In Stock,No,macOS,Student / Everyday
Apple MacBook Pro M3 Max - (48 GB/1 TB SSD/macOS Sonoma) MUW63HN/A,Apple,Standard Notebook,389900,0,389900,5,1,Apple M3 Max,48,1024,SSD,Integrated,16,Not Specified,In Stock,No,macOS,Student / Everyday
Apple MacBook Pro M3 - (8 GB/1 TB SSD/macOS Sonoma) MTL83HN/A,Apple,Standard Notebook,169900,0,169900,,,Apple M3,8,1024,SSD,Integrated,14,Not Specified,In Stock,No,macOS,Student / Everyday
Apple MacBook Pro M4 Pro - (24 GB/1 TB SSD/macOS Sequoia) MX2F3HN/A,Apple,Standard Notebook,239900,0,239900,5,1,Apple M4 Pro,24,1024,SSD,Integrated,14,Not Specified,In Stock,No,macOS,Student / Everyday
Apple MacBook Pro M3 - (8 GB/512 GB SSD/macOS Sonoma) MTL73HN/A,Apple,Standard Notebook,149900,0,149900,4.6,6,Apple M3,8,512,SSD,Integrated,14,Not Specified,In Stock,No,macOS,Student / Everyday
"Apple MacBook Air (M5, 2026) M5 - (24 GB/1 TB SSD/Tahoe) MDVN4HN/A",Apple,Thin & Light,239900,0,239900,4.8,7,Apple M5,24,1024,SSD,Integrated,15.3,Not Specified,In Stock,No,macOS,Student / Everyday
Apple MacBook Pro M3 Max - (36 GB/1 TB SSD/macOS Sonoma) MRW73HN/A,Apple,Standard Notebook,349900,0,349900,,,Apple M3 Max,36,1024,SSD,Integrated,16,Not Specified,In Stock,No,macOS,Student / Everyday
Apple MacBook AIR M2 - (8 GB/512 GB SSD/Mac OS Monterey) MLY23HN/A,Apple,Thin & Light,109900,0,109900,4.7,119,Apple M2,8,512,SSD,Integrated,13.6,Not Specified,In Stock,No,macOS,Student / Everyday
Apple MacBook Air M3 - (16 GB/1 TB SSD/macOS Sonoma) MXCR3HN/A,Apple,Thin & Light,174900,0,174900,,,Apple M3,16,1024,SSD,Integrated,13,Not Specified,In Stock,No,macOS,Student / Everyday
Apple 2021 Macbook Pro M1 Pro - (16 GB/1 TB SSD/Mac OS Monterey) MKGQ3HN/A,Apple,Standard Notebook,239900,0,239900,4.8,15,Apple M1 Pro,16,1024,SSD,Integrated,14.2,Not Specified,In Stock,No,macOS,Student / Everyday
Apple 2021 Macbook Pro M1 Max - (32 GB/1 TB SSD/Mac OS Monterey) MK1H3HN/A,Apple,Standard Notebook,329900,0,329900,4.5,5,Apple M1 Max,32,1024,SSD,Integrated,16.2,Not Specified,In Stock,No,macOS,Student / Everyday
Apple MacBook Pro Intel Core i5 8th Gen - (8 GB/512 GB SSD/Mac OS Mojave) MV972HN/A,Apple,Standard Notebook,179900,0,179900,4.2,13,Intel Core i5 Processor (8th Gen),8,512,SSD,Integrated,13.3,Not Specified,In Stock,No,macOS,Student / Everyday
ASUS ExpertBook P3 AI PC with 1 Yr ADP Intel Core Ultra 5 225H - (16 GB/512 GB SSD/Windows 11 Home) P3...,ASUS,Standard Notebook,88990,49.72,176990,4.2,49,Intel Core Ultra 5,16,512,SSD,Integrated,16,Not Specified,In Stock,No,Windows 11 Home,Business
ASUS Intel Core i5 13th Gen - (16 GB/1 TB SSD/Windows 11 Home/4 GB Graphics) S5504VA-MA553WS Laptop,ASUS,Standard Notebook,90266,22.84,116990,,,Intel Core i5 Processor (13th Gen),16,1024,SSD,Integrated,15.6,Not Specified,In Stock,No,Windows 11 Home,Student / Everyday
ASUS Vivobook Flip Intel Core Ultra 7 256V - (16 GB/512 GB SSD/Windows 11 Home) TP3407SA-QL025WS 2 in ...,ASUS,2-in-1,110990,17.78,134990,4.3,3,Intel Core Ultra 7,16,512,SSD,Integrated,14,Not Specified,In Stock,Yes,Windows 11 Home,Student / Everyday
Primebook S Wifi MediaTek MT8183 - (4 GB/128 GB EMMC Storage/Prime OS) PB S Wifi Thin and Light Laptop,Primebook,Thin & Light,14500,30.92,20990,4.1,413,MediaTek MT8183,4,128,eMMC,Integrated,11.6,Not Specified,In Stock,No,Not Specified,Student / Everyday
ASUS Expertbook P5 full metal AI PC with 1 Yr ADP Intel Core Ultra 7 258V - (32 GB/1 TB SSD/Windows 11...,ASUS,Standard Notebook,139990,24.33,184990,4.1,6,Intel Core Ultra 7,32,1024,SSD,Integrated,14,Not Specified,In Stock,No,Windows 11 Home,Business
MOTOROLA Motobook 60 Full Metal 2.8K OLED (i5 14th Gen) Intel Core 5 Series 2 210H - (16 GB/512 GB SSD...,Motorola,Standard Notebook,76990,17.82,93690,4.4,507,Intel Core 5 Processor (Series 2),16,512,SSD,Integrated,14,Not Specified,In Stock,No,Windows 11,Content Creation
Lenovo IdeaPad Gaming 3 Intel Core i5 11th Gen 11300H - (8 GB/512 GB SSD/Windows 11 Home/4 GB Graphics...,Lenovo,Gaming,52990,37.66,85000,4.3,113,Intel Core i5 Processor (11th Gen),8,512,SSD,Integrated,15.6,Not Specified,In Stock,No,Windows 11,Gaming
Acer NITRO LITE 16 Intel Core i5 13th Gen 13420H - (16 GB/512 GB SSD/Windows 11 Home/6 GB Graphics/NVI...,Acer,Gaming,93990,8.57,102799,4.3,11,Intel Core i5 Processor (13th Gen),16,512,SSD,Integrated,16,Not Specified,In Stock,No,Windows 11 Home,Gaming
Lenovo IdeaPad 3 Intel Core i5 11th Gen 1135G7 - (8 GB/512 GB SSD/Windows 11 Home) 15ITL6 Thin and Lig...,Lenovo,Thin & Light,54890,37.55,87890,4.3,32,Intel Core i5 Processor (11th Gen),8,512,SSD,Integrated,15.6,Not Specified,In Stock,No,Windows 11,Student / Everyday
ASUS ExpertBook P1 Intel Core i5 13th Gen 13420H - (16 GB/512 GB SSD/Windows 11 Home) P1503CVA-S70611W...,ASUS,Standard Notebook,79721,20.16,99855,4.3,467,Intel Core i5 Processor (13th Gen),16,512,SSD,Integrated,15.6,Not Specified,In Stock,No,Windows 11 Home,Business
ASUS Vivobook 15 Intel Core i5 13th Gen 1335U - (8 GB/512 GB SSD/Windows 11 Home) X1504VA-NJ523WS Thin...,ASUS,Thin & Light,69590,22.67,89990,4.2,0,Intel Core i5 Processor (13th Gen),8,512,SSD,Integrated,15.6,Not Specified,In Stock,No,Windows 11,Student / Everyday
HP 240R G9 (2026) Intel Core i5 13th Gen - (16 GB/512 GB SSD/Windows 11 Pro) 240R G9 Thin and Light La...,HP,Thin & Light,69990,17.65,84990,,,Intel Core i5 Processor (13th Gen),16,512,SSD,Integrated,14,Not Specified,In Stock,No,Windows 11,Student / Everyday
"DELL Inspiron 15 3520 with Backlit Keyboard, Intel Core i5 12th Gen - (16 GB/512 GB SSD/Windows 11 Hom...",Dell,Standard Notebook,70999,16.47,85000,4.2,43,Intel Core i5 Processor (12th Gen),16,512,SSD,Integrated,15.6,Not Specified,In Stock,No,Windows 11,Student / Everyday
HP Victus 15 Intel Core i5 13th Gen 13420H - (16 GB/512 GB SSD/Windows 11 Home/6 GB Graphics/NVIDIA Ge...,HP,Gaming,92110,0,92110,4.4,91,Intel Core i5 Processor (13th Gen),16,512,SSD,Integrated,15.6,Not Specified,In Stock,No,Windows 11,Gaming
ASUS TUF Gaming Intel Core i5 9th Gen 9300H - (8 GB/512 GB SSD/Windows 10 Home/4 GB Graphics/NVIDIA Ge...,ASUS,Gaming,88990,0,88990,4.4,248,Intel Core i5 Processor (9th Gen),8,512,SSD,Integrated,15.6,Not Specified,In Stock,No,Windows 10,Gaming
MICROSOFT Surface Pro 9 Intel Core i5 12th Gen 1235U - (8 GB/256 GB SSD/Windows 11 Home) QEZ-00048 Thi...,Microsoft,Standard Notebook,116999,0,116999,3.2,1,Intel Core i5 Processor (12th Gen),8,256,SSD,Integrated,13,Not Specified,In Stock,Yes,Windows 11,Student / Everyday
DELL G3 Intel Core i5 10th Gen 10300H - (8 GB/1 TB HDD/256 GB SSD/Windows 10 Home/4 GB Graphics/NVIDIA...,Dell,Standard Notebook,78584,0,78584,4.3,45,Intel Core i5 Processor (10th Gen),8,1280,SSD + HDD,Integrated,15.6,Not Specified,In Stock,No,Windows 10,Student / Everyday
MICROSOFT Surface Pro 9 Intel Core i5 12th Gen 1235U - (8 GB/256 GB SSD/Windows 11 Home) QEZ-00065 Thi...,Microsoft,Standard Notebook,116999,0,116999,4.4,0,Intel Core i5 Processor (12th Gen),8,256,SSD,Integrated,13,Not Specified,In Stock,Yes,Windows 11,Student / Everyday
HP Pavilion Intel Core i5 13th Gen 1340p - (16 GB/512 GB SSD/Windows 11 Home) 15-eg3027TU Thin and Lig...,HP,Thin & Light,74996,11.62,84858,4,2,Intel Core i5 Processor (13th Gen),16,512,SSD,Integrated,15.6,Not Specified,In Stock,No,Windows 11,Student / Everyday
MSI Katana GF66 Intel Core i5 12th Gen 12450H - (8 GB/512 GB SSD/Windows 11 Home/4 GB Graphics/NVIDIA ...,MSI,Gaming,95990,0,95990,3.9,1,Intel Core i5 Processor (12th Gen),8,512,SSD,Integrated,15.6,Not Specified,In Stock,No,Windows 11,Gaming
DELL G15 Intel Core i5 13450HX - (8 GB/512 GB SSD/Windows 11 Home/6 GB Graphics/NVIDIA GeForce RTX 305...,Dell,Standard Notebook,99990,9.09,109990,4.8,1,Intel Core i5,8,512,SSD,Integrated,15.6,Not Specified,In Stock,No,Windows 11,Student / Everyday
DELL Intel Core i5 13450HX - (16 GB/512 GB SSD/Windows 11 Home/6 GB Graphics/NVIDIA GeForce RTX 3050) ...,Dell,Standard Notebook,109990,8.33,119990,3.5,2,Intel Core i5,16,512,SSD,Integrated,15.6,Not Specified,In Stock,No,Windows 11,Student / Everyday
HP Omen Intel Core i5 7th Gen 7300HQ - (8 GB/1 TB HDD/128 GB SSD/Windows 10 Home/4 GB Graphics/NVIDIA ...,HP,Gaming,102551,0,102551,,,Intel Core i5 Processor (7th Gen),8,1152,SSD + HDD,Integrated,15.6,Not Specified,In Stock,No,Windows 10,Gaming
ASUS Vivobook 16X (2025) with Office 2024 + M365 Basic* Intel Core i5 13th Gen 13420H - (16 GB/512 GB ...,ASUS,Standard Notebook,95990,20.01,120000,4.3,127,Intel Core i5 Processor (13th Gen),16,512,SSD,Integrated,16,Not Specified,In Stock,No,Windows 11 Home,Student / Everyday
MSI Cyborg 15 Intel Core i5 12th Gen 12450H - (16 GB/512 GB SSD/Windows 11 Home/4 GB Graphics/NVIDIA G...,MSI,Standard Notebook,89990,0,89990,4.6,14,Intel Core i5 Processor (12th Gen),16,512,SSD,Integrated,15.6,Not Specified,In Stock,No,Windows 11,Student / Everyday
Lenovo V 15 (2025) Intel Core i5 12th Gen 1235U - (8 GB/512 GB SSD/Windows 11 Pro) V 15 Thin and Light...,Lenovo,Thin & Light,64999,20.73,82000,4.8,0,Intel Core i5 Processor (12th Gen),8,512,SSD,Integrated,15.6,Not Specified,In Stock,No,Windows 11,Student / Everyday
WarnerCann Hi5 pro Plus Intel Core i5 12th Gen 12600H - (16 GB + 32 GB Optane/256 GB SSD/Windows 11 Pr...,Warnercann,Standard Notebook,43686,25.96,59000,,,Intel Core i5 Processor (12th Gen),16,256,SSD,Integrated,14,Not Specified,In Stock,No,Windows 11,Student / Everyday
ASUS Core 5 Processor 210H (i5 14th Gen) Intel Core 5 Series 2 - (16 GB/512 GB SSD/Windows 11 Home) S3...,ASUS,Standard Notebook,90558,5.66,95990,,,Intel Core 5 Processor (Series 2),16,512,SSD,Integrated,16,Not Specified,In Stock,No,Windows 11 Home,Student / Everyday
Acer Aspire 5 Intel Core Ultra 5 125H - (16 GB/512 GB SSD/Windows 11 Home) A514-54H Notebook,Acer,Standard Notebook,69890,30.1,99990,4.2,2,Intel Core Ultra 5,16,512,SSD,Integrated,14,Not Specified,In Stock,No,Windows 11 Home,Student / Everyday
Lenovo V15 Intel Core i5 13th Gen 1315U - (8 GB/512 GB SSD/Windows 11 Home) V15 G5 IRL Thin and Light ...,Lenovo,Thin & Light,65841,8.55,72000,,,Intel Core i5 Processor (13th Gen),8,512,SSD,Integrated,15.6,Not Specified,In Stock,No,Windows 11,Student / Everyday
Samsung Galaxy Book5 AI Metal Intel Core Ultra 5 225U - (16 GB/512 GB SSD/Windows 11 Home) NP750XHD Th...,Samsung,Standard Notebook,87990,12,99990,4.6,149,Intel Core Ultra 5,16,512,SSD,Integrated,15.6,Not Specified,In Stock,No,Windows 11,Student / Everyday
HP Intel Core i5 13th Gen 1334U - (16 GB/512 GB SSD/Windows 11 Home) 15-hr0008TU Thin and Light Laptop,HP,Thin & Light,79990,0.01,79999,4.3,2,Intel Core i5 Processor (13th Gen),16,512,SSD,Integrated,15.6,Not Specified,In Stock,No,Windows 11 Home,Student / Everyday
ASUS Vivobook 14 (2025) with Office 2024 + M365 Basic* Intel Core i5 13th Gen 1334U - (8 GB/512 GB SSD...,ASUS,Standard Notebook,78950,10.23,87950,4.2,5,Intel Core i5 Processor (13th Gen),8,512,SSD,Integrated,14,Not Specified,In Stock,No,Windows 11 Home,Student / Everyday
HP Laptop Intel Core i5 12th Gen 1235U - (8 GB/512 GB SSD/Windows 11 Home) 15s-fq5329TU Thin and Light...,HP,Thin & Light,72900,3.99,75926,,,Intel Core i5 Processor (12th Gen),8,512,SSD,Integrated,15.6,Not Specified,In Stock,No,Windows 11,Student / Everyday
HP Intel Core i5 12th Gen 1235U - (8 GB/512 GB SSD/Windows 11 Home) FR5010TU Laptop,HP,Standard Notebook,72990,2.98,75233,,,Intel Core i5 Processor (12th Gen),8,512,SSD,Integrated,15.6,Not Specified,In Stock,No,Windows 11,Student / Everyday
Lenovo V14 Octa Core (2025) Intel Core i5 13th Gen 13420H - (8 GB/512 GB SSD/Windows 11 Home) V14 Thin...,Lenovo,Thin & Light,62990,16.01,75000,3.7,2,Intel Core i5 Processor (13th Gen),8,512,SSD,Integrated,14,Not Specified,In Stock,No,Windows 11 Home,Student / Everyday
ZEBRONICS Pro Series Z Intel Core i7 12th Gen 1255U - (16 GB/512 GB SSD/Windows 11 Home) ZEB-NBC 5S Th...,Zebronics,Standard Notebook,78999,0,78999,4,45,Intel Core i7 Processor (12th Gen),16,512,SSD,Integrated,15.6,Not Specified,In Stock,No,Windows 11,Student / Everyday
"BESTYLISH ThinkCentre Tiny PC | i5-6500 Processor [6MB Smart Cache, 3.20 GHz] | S/N: BHHEZ ThinkCentre...",Bestylish,Thin & Light,29981,50.03,60000,,,Processor Type: Intel 3.2 GHz,16,256,SSD,Integrated,,NA GB Intel® HD 530 Graphics,In Stock,No,Not Specified,Student / Everyday
ASUS Intel Core i5 13th Gen - (16 GB/512 GB SSD/Windows 11 Home) TP3402VAB-LZ542WS 2 in 1 Laptop,ASUS,2-in-1,92590,6.47,98999,4.8,0,Intel Core i5 Processor (13th Gen),16,512,SSD,Integrated,14,Not Specified,In Stock,Yes,Windows 11,Student / Everyday
HP Probook Intel Core i5 11th Gen - (8 GB/512 GB SSD/Windows 10 Pro) 440 G8 Notebook,HP,Standard Notebook,55200,38.67,89999,2.8,0,Intel Core i5 Processor (11th Gen),8,512,SSD,Integrated,14,Not Specified,Out of Stock,No,Windows 10,Business
Lenovo IdeaPad Slim 3 Intel Core i5 12th Gen 12450H - (16 GB/512 GB SSD/Windows 11 Home) 83ER00KSIN Th...,Lenovo,Thin & Light,73999,7.49,79990,,,Intel Core i5 Processor (12th Gen),16,512,SSD,Integrated,15.6,Not Specified,In Stock,No,Windows 11,Student / Everyday
HP Victus Intel Core i5 12th Gen 12450H - (16 GB/1 TB SSD/Windows 11 Home/4 GB Graphics/NVIDIA GeForce...,HP,Gaming,94990,9.53,105000,4.2,18,Intel Core i5 Processor (12th Gen),16,1024,SSD,Integrated,15.6,Not Specified,In Stock,No,Windows 11,Gaming
HP Intel Core i5 12th Gen 1235U - (16 GB/512 GB SSD/Windows 11 Home) 15s-fq5330TU|15-fd0111TU Thin and...,HP,Thin & Light,79400,0.13,79505,,,Intel Core i5 Processor (12th Gen),16,512,SSD,Integrated,15.6,Not Specified,In Stock,No,Windows 11,Student / Everyday
